Random seed: 42
Time limit: 1800 seconds
Reading input from output.sas.
- State has 96 bits divided into 96 mutex groups.
- Domain contains 410 actions.
- Domain contains 573 tasks.
- Domain contains 609 methods.
- The initial state contains 36 set bits.
- The initial task is "__top[]".
- State-based goal contains 9 bits.
- Instance is totally-ordered: no
- Instance has unique paths: yes
- Instance is parallel sequences: yes
Calculate SCCs...
- Number of SCCs: 573
- The problem is cyclic
- Number of cyclic SCCs: 13
- Number of cyclic SCCs of size 1: 13
Selected Planning Algorithm: progression searchParsing heuristics ...
Number of specified heuristics: 0
No heuristics given, setting default ... 
Generate 3

RC Factory: CMA 1
- the option "store cuts" of the RC heuristic can only be used with the inner heuristic LM-Cut. It will be disabled.
- Calculating minimal implied distances and estimated costs (0 ms)
Heuristic #0 = hhRC2(ff;distance;correct count)
Search config:
 - type: cost optimal
 - weight: 1
 - suboptimal: false
Visited List configured
- mode: parallel sequences order
- hashs to use: state task task-sequence
- memory information: topological ordering
- Visited list allows deletion of search nodes: true
Search Configuration
- Using JAIR 2020 progression algorithm
- Search is stopped after first solution is found.
- A* Search
- Distance G is "action costs"
   1s visitime    0.25s generated nodes     50166 nodes/sec   48516 cur h   56 mod.depth   33 inserts      5141 dups       970 size      4171 hash fail    972 hash buckets   4169
   2s visitime    0.33s generated nodes    140373 nodes/sec   68474 cur h   63 mod.depth   32 inserts     14411 dups      2740 size     11671 hash fail   2778 hash buckets  11633
   3s visitime    0.42s generated nodes    230565 nodes/sec   75520 cur h   61 mod.depth   39 inserts     24571 dups      4859 size     19712 hash fail   5056 hash buckets  19515
   4s visitime    0.59s generated nodes    300732 nodes/sec   72187 cur h   50 mod.depth   50 inserts     32662 dups      6370 size     26292 hash fail   6624 hash buckets  26038
   5s visitime    0.75s generated nodes    345866 nodes/sec   66898 cur h   61 mod.depth   37 inserts     38083 dups      7658 size     30425 hash fail   8176 hash buckets  29907
   6s visitime    0.82s generated nodes    430975 nodes/sec   69748 cur h   62 mod.depth   31 inserts     48645 dups     10352 size     38293 hash fail  11076 hash buckets  37569
   7s visitime    0.89s generated nodes    521215 nodes/sec   72150 cur h   57 mod.depth   29 inserts     58248 dups     12207 size     46041 hash fail  12956 hash buckets  45292
   8s visitime    0.96s generated nodes    611362 nodes/sec   74149 cur h   55 mod.depth   39 inserts     68054 dups     14118 size     53936 hash fail  15039 hash buckets  53015
   9s visitime    1.01s generated nodes    706566 nodes/sec   76369 cur h   46 mod.depth   48 inserts     78342 dups     16000 size     62342 hash fail  17081 hash buckets  61261
  10s visitime    1.06s generated nodes    791786 nodes/sec   76738 cur h   65 mod.depth   31 inserts     88445 dups     18166 size     70279 hash fail  19412 hash buckets  69033
  11s visitime    1.13s generated nodes    861917 nodes/sec   75693 cur h   55 mod.depth   50 inserts     97047 dups     20047 size     77000 hash fail  21484 hash buckets  75563
  12s visitime    1.19s generated nodes    942058 nodes/sec   75831 cur h   56 mod.depth   52 inserts    108052 dups     23291 size     84761 hash fail  24952 hash buckets  83100
  13s visitime    1.23s generated nodes   1027241 nodes/sec   76374 cur h   59 mod.depth   39 inserts    118848 dups     26488 size     92360 hash fail  28258 hash buckets  90590
  14s visitime    1.28s generated nodes   1112380 nodes/sec   76832 cur h   58 mod.depth   39 inserts    129505 dups     29571 size     99934 hash fail  31466 hash buckets  98039
  15s visitime    1.33s generated nodes   1202550 nodes/sec   77513 cur h   64 mod.depth   34 inserts    140219 dups     32266 size    107953 hash fail  34294 hash buckets 105925
  16s visitime    1.37s generated nodes   1282674 nodes/sec   77592 cur h   50 mod.depth   56 inserts    151590 dups     36361 size    115229 hash fail  38586 hash buckets 113004
  17s visitime    1.42s generated nodes   1367841 nodes/sec   77899 cur h   40 mod.depth   64 inserts    163438 dups     40610 size    122828 hash fail  43021 hash buckets 120417
  18s visitime    1.47s generated nodes   1452987 nodes/sec   78264 cur h   52 mod.depth   58 inserts    174851 dups     44113 size    130738 hash fail  46920 hash buckets 127931
  19s visitime    1.51s generated nodes   1523071 nodes/sec   77695 cur h   56 mod.depth   51 inserts    184613 dups     47310 size    137303 hash fail  50321 hash buckets 134292
  20s visitime    1.55s generated nodes   1593229 nodes/sec   77299 cur h   52 mod.depth   59 inserts    192851 dups     49045 size    143806 hash fail  52158 hash buckets 140693
  21s visitime    1.60s generated nodes   1668397 nodes/sec   77201 cur h   58 mod.depth   36 inserts    202278 dups     51187 size    151091 hash fail  54443 hash buckets 147835
  22s visitime    1.64s generated nodes   1748549 nodes/sec   77328 cur h   49 mod.depth   55 inserts    212632 dups     54969 size    157663 hash fail  58317 hash buckets 154315
  23s visitime    1.68s generated nodes   1833736 nodes/sec   77634 cur h   53 mod.depth   60 inserts    224356 dups     58733 size    165623 hash fail  62238 hash buckets 162118
  24s visitime    1.74s generated nodes   1918887 nodes/sec   77857 cur h   50 mod.depth   63 inserts    236079 dups     62453 size    173626 hash fail  66164 hash buckets 169915
  25s visitime    1.80s generated nodes   2004055 nodes/sec   78042 cur h   51 mod.depth   56 inserts    247817 dups     65821 size    181996 hash fail  69736 hash buckets 178081
  26s visitime    1.84s generated nodes   2089233 nodes/sec   78219 cur h   60 mod.depth   26 inserts    259578 dups     69218 size    190360 hash fail  73441 hash buckets 186137
  27s visitime    1.90s generated nodes   2179461 nodes/sec   78590 cur h   66 mod.depth   37 inserts    273357 dups     73867 size    199490 hash fail  78390 hash buckets 194967
  28s visitime    1.95s generated nodes   2274677 nodes/sec   79088 cur h   71 mod.depth   23 inserts    284505 dups     76113 size    208392 hash fail  80940 hash buckets 203565
  29s visitime    1.99s generated nodes   2369883 nodes/sec   79598 cur h   53 mod.depth   60 inserts    296541 dups     79237 size    217304 hash fail  84355 hash buckets 212186
  30s visitime    2.03s generated nodes   2455018 nodes/sec   79695 cur h   48 mod.depth   61 inserts    308707 dups     84428 size    224279 hash fail  89689 hash buckets 219018
  31s visitime    2.08s generated nodes   2545197 nodes/sec   80014 cur h   62 mod.depth   45 inserts    321738 dups     89306 size    232432 hash fail  94969 hash buckets 226769
  32s visitime    2.12s generated nodes   2635360 nodes/sec   80275 cur h   66 mod.depth   26 inserts    332954 dups     92660 size    240294 hash fail  98618 hash buckets 234336
  33s visitime    2.17s generated nodes   2710506 nodes/sec   79981 cur h   51 mod.depth   62 inserts    343029 dups     95510 size    247519 hash fail 101709 hash buckets 241320
  34s visitime    2.21s generated nodes   2790709 nodes/sec   79871 cur h   48 mod.depth   66 inserts    353843 dups     98659 size    255184 hash fail 105329 hash buckets 248514
  35s visitime    2.24s generated nodes   2855847 nodes/sec   79382 cur h   65 mod.depth   35 inserts    364138 dups    103724 size    260414 hash fail 110483 hash buckets 253655
  37s visitime    2.28s generated nodes   2925998 nodes/sec   79057 cur h   52 mod.depth   64 inserts    375195 dups    107933 size    267262 hash fail 114967 hash buckets 260228
  38s visitime    2.34s generated nodes   3011156 nodes/sec   79159 cur h   45 mod.depth   65 inserts    388447 dups    113454 size    274993 hash fail 120951 hash buckets 267496
  39s visitime    2.38s generated nodes   3101309 nodes/sec   79345 cur h   54 mod.depth   48 inserts    401176 dups    118229 size    282947 hash fail 125934 hash buckets 275242
  40s visitime    2.43s generated nodes   3186483 nodes/sec   79465 cur h   51 mod.depth   61 inserts    413683 dups    123771 size    289912 hash fail 131711 hash buckets 281972
  41s visitime    2.49s generated nodes   3276694 nodes/sec   79676 cur h   53 mod.depth   57 inserts    427172 dups    128472 size    298700 hash fail 136973 hash buckets 290199
  42s visitime    2.55s generated nodes   3361843 nodes/sec   79738 cur h   54 mod.depth   51 inserts    440476 dups    133406 size    307070 hash fail 142338 hash buckets 298138
  43s visitime    2.61s generated nodes   3457045 nodes/sec   80085 cur h   64 mod.depth   38 inserts    453951 dups    138004 size    315947 hash fail 147300 hash buckets 306651
  44s visitime    2.66s generated nodes   3547230 nodes/sec   80295 cur h   62 mod.depth   43 inserts    465803 dups    141718 size    324085 hash fail 151349 hash buckets 314454
  45s visitime    2.71s generated nodes   3647420 nodes/sec   80684 cur h   46 mod.depth   60 inserts    477359 dups    144376 size    332983 hash fail 154360 hash buckets 322999
  46s visitime    2.77s generated nodes   3742609 nodes/sec   80931 cur h   52 mod.depth   61 inserts    488890 dups    147185 size    341705 hash fail 157563 hash buckets 331327
  47s visitime    2.82s generated nodes   3837819 nodes/sec   81223 cur h   56 mod.depth   63 inserts    501522 dups    150470 size    351052 hash fail 161363 hash buckets 340159
  48s visitime    2.87s generated nodes   3922955 nodes/sec   81259 cur h   66 mod.depth   36 inserts    514405 dups    156413 size    357992 hash fail 167520 hash buckets 346885
  49s visitime    2.93s generated nodes   4018072 nodes/sec   81472 cur h   46 mod.depth   57 inserts    527027 dups    160147 size    366880 hash fail 171550 hash buckets 355477
  50s visitime    2.98s generated nodes   4088162 nodes/sec   81133 cur h   69 mod.depth   30 inserts    536664 dups    162922 size    373742 hash fail 174787 hash buckets 361877
  51s visitime    3.03s generated nodes   4158275 nodes/sec   80853 cur h   42 mod.depth   86 inserts    547396 dups    166420 size    380976 hash fail 178601 hash buckets 368795
  52s visitime    3.08s generated nodes   4223436 nodes/sec   80489 cur h   59 mod.depth   54 inserts    558176 dups    170207 size    387969 hash fail 182668 hash buckets 375508
  53s visitime    3.14s generated nodes   4298607 nodes/sec   80383 cur h   55 mod.depth   51 inserts    568848 dups    173803 size    395045 hash fail 186481 hash buckets 382367
  54s visitime    3.20s generated nodes   4373804 nodes/sec   80198 cur h   52 mod.depth   69 inserts    579907 dups    177425 size    402482 hash fail 190424 hash buckets 389483
  55s visitime    3.25s generated nodes   4448972 nodes/sec   80060 cur h   53 mod.depth   60 inserts    590424 dups    180719 size    409705 hash fail 194057 hash buckets 396367
  56s visitime    3.29s generated nodes   4509098 nodes/sec   79704 cur h   50 mod.depth   62 inserts    599941 dups    184129 size    415812 hash fail 197748 hash buckets 402193
  57s visitime    3.34s generated nodes   4574207 nodes/sec   79360 cur h   61 mod.depth   53 inserts    610261 dups    187705 size    422556 hash fail 201636 hash buckets 408625
  58s visitime    3.40s generated nodes   4659394 nodes/sec   79380 cur h   65 mod.depth   44 inserts    623163 dups    192237 size    430926 hash fail 206568 hash buckets 416595
  59s visitime    3.47s generated nodes   4749565 nodes/sec   79534 cur h   42 mod.depth   76 inserts    636810 dups    197214 size    439596 hash fail 211958 hash buckets 424852
  60s visitime    3.54s generated nodes   4829729 nodes/sec   79540 cur h   51 mod.depth   79 inserts    650168 dups    202334 size    447834 hash fail 217669 hash buckets 432499
  61s visitime    3.61s generated nodes   4924899 nodes/sec   79760 cur h   63 mod.depth   44 inserts    662294 dups    205433 size    456861 hash fail 221358 hash buckets 440936
  62s visitime    3.67s generated nodes   5010032 nodes/sec   79838 cur h   50 mod.depth   68 inserts    672769 dups    208046 size    464723 hash fail 224356 hash buckets 448413
  63s visitime    3.74s generated nodes   5110197 nodes/sec   80089 cur h   58 mod.depth   51 inserts    684961 dups    211195 size    473766 hash fail 227779 hash buckets 457182
  64s visitime    3.81s generated nodes   5200448 nodes/sec   80226 cur h   51 mod.depth   64 inserts    696436 dups    214073 size    482363 hash fail 231062 hash buckets 465374
  65s visitime    3.88s generated nodes   5295647 nodes/sec   80434 cur h   45 mod.depth   70 inserts    708240 dups    217148 size    491092 hash fail 234479 hash buckets 473761
  66s visitime    3.94s generated nodes   5380766 nodes/sec   80486 cur h   44 mod.depth   69 inserts    719417 dups    220300 size    499117 hash fail 237934 hash buckets 481483
  67s visitime    3.99s generated nodes   5465938 nodes/sec   80519 cur h   46 mod.depth   66 inserts    730918 dups    224446 size    506472 hash fail 242392 hash buckets 488526
  68s visitime    4.03s generated nodes   5561156 nodes/sec   80725 cur h   55 mod.depth   36 inserts    742314 dups    228648 size    513666 hash fail 246787 hash buckets 495527
  69s visitime    4.07s generated nodes   5651313 nodes/sec   80806 cur h   65 mod.depth   18 inserts    754052 dups    233478 size    520574 hash fail 251853 hash buckets 502199
  70s visitime    4.09s generated nodes   5716431 nodes/sec   80555 cur h   50 mod.depth   67 inserts    761828 dups    235911 size    525917 hash fail 254481 hash buckets 507347
  72s visitime    4.13s generated nodes   5781520 nodes/sec   80289 cur h   48 mod.depth   60 inserts    770144 dups    238590 size    531554 hash fail 257434 hash buckets 512710
  73s visitime    4.16s generated nodes   5856664 nodes/sec   80183 cur h   57 mod.depth   49 inserts    779216 dups    240993 size    538223 hash fail 260097 hash buckets 519119
  74s visitime    4.19s generated nodes   5916732 nodes/sec   79817 cur h   49 mod.depth   50 inserts    790180 dups    244613 size    545567 hash fail 264150 hash buckets 526030
  75s visitime    4.22s generated nodes   5976872 nodes/sec   79497 cur h   56 mod.depth   43 inserts    800507 dups    248479 size    552028 hash fail 268346 hash buckets 532161
  76s visitime    4.26s generated nodes   6041993 nodes/sec   79245 cur h   42 mod.depth   78 inserts    811137 dups    252340 size    558797 hash fail 272453 hash buckets 538684
  77s visitime    4.30s generated nodes   6107173 nodes/sec   79051 cur h   47 mod.depth   77 inserts    822292 dups    256638 size    565654 hash fail 277226 hash buckets 545066
  78s visitime    4.35s generated nodes   6187353 nodes/sec   79027 cur h   63 mod.depth   22 inserts    834958 dups    261329 size    573629 hash fail 282280 hash buckets 552678
  79s visitime    4.38s generated nodes   6262540 nodes/sec   78940 cur h   62 mod.depth   35 inserts    844258 dups    265089 size    579169 hash fail 286217 hash buckets 558041
  80s visitime    4.42s generated nodes   6332776 nodes/sec   78826 cur h   50 mod.depth   61 inserts    854681 dups    269626 size    585055 hash fail 290983 hash buckets 563698
  81s visitime    4.45s generated nodes   6397912 nodes/sec   78616 cur h   44 mod.depth   62 inserts    863635 dups    273186 size    590449 hash fail 294800 hash buckets 568835
  82s visitime    4.48s generated nodes   6473035 nodes/sec   78537 cur h   57 mod.depth   43 inserts    873421 dups    277363 size    596058 hash fail 299184 hash buckets 574237
  83s visitime    4.53s generated nodes   6548221 nodes/sec   78452 cur h   57 mod.depth   46 inserts    883627 dups    280900 size    602727 hash fail 302982 hash buckets 580645
  84s visitime    4.57s generated nodes   6618363 nodes/sec   78327 cur h   41 mod.depth   91 inserts    893947 dups    284978 size    608969 hash fail 307424 hash buckets 586523
  85s visitime    4.61s generated nodes   6688536 nodes/sec   78169 cur h   59 mod.depth   45 inserts    905427 dups    289796 size    615631 hash fail 312575 hash buckets 592852
  86s visitime    4.65s generated nodes   6758721 nodes/sec   78052 cur h   46 mod.depth   73 inserts    917799 dups    294923 size    622876 hash fail 318180 hash buckets 599619
  87s visitime    4.70s generated nodes   6833843 nodes/sec   78011 cur h   45 mod.depth   89 inserts    927838 dups    298283 size    629555 hash fail 321819 hash buckets 606019
  88s visitime    4.74s generated nodes   6903967 nodes/sec   77876 cur h   57 mod.depth   55 inserts    937149 dups    301508 size    635641 hash fail 325307 hash buckets 611842
  89s visitime    4.80s generated nodes   6979146 nodes/sec   77803 cur h   67 mod.depth   30 inserts    948027 dups    305465 size    642562 hash fail 329564 hash buckets 618463
  90s visitime    4.85s generated nodes   7049340 nodes/sec   77706 cur h   50 mod.depth   57 inserts    958822 dups    309784 size    649038 hash fail 334288 hash buckets 624534
  91s visitime    4.90s generated nodes   7124485 nodes/sec   77653 cur h   50 mod.depth   52 inserts    972016 dups    314755 size    657261 hash fail 339897 hash buckets 632119
  92s visitime    4.94s generated nodes   7189591 nodes/sec   77459 cur h   49 mod.depth   54 inserts    984000 dups    319519 size    664481 hash fail 345075 hash buckets 638925
  93s visitime    4.99s generated nodes   7254733 nodes/sec   77312 cur h   59 mod.depth   41 inserts    994847 dups    323881 size    670966 hash fail 349916 hash buckets 644931
  94s visitime    5.03s generated nodes   7324812 nodes/sec   77185 cur h   56 mod.depth   50 inserts   1005490 dups    328045 size    677445 hash fail 354378 hash buckets 651112
  95s visitime    5.07s generated nodes   7395036 nodes/sec   77102 cur h   60 mod.depth   32 inserts   1017754 dups    333642 size    684112 hash fail 360373 hash buckets 657381
  96s visitime    5.12s generated nodes   7470276 nodes/sec   77068 cur h   46 mod.depth   80 inserts   1030401 dups    338919 size    691482 hash fail 365991 hash buckets 664410
  97s visitime    5.18s generated nodes   7525453 nodes/sec   76835 cur h   69 mod.depth   26 inserts   1039036 dups    342179 size    696857 hash fail 369485 hash buckets 669551
  99s visitime    5.24s generated nodes   7585597 nodes/sec   76616 cur h   38 mod.depth  102 inserts   1048639 dups    346314 size    702325 hash fail 373923 hash buckets 674716
 100s visitime    5.29s generated nodes   7645686 nodes/sec   76387 cur h   50 mod.depth   68 inserts   1056622 dups    348961 size    707661 hash fail 376898 hash buckets 679724
 101s visitime    5.34s generated nodes   7710794 nodes/sec   76261 cur h   52 mod.depth   67 inserts   1064918 dups    351638 size    713280 hash fail 379832 hash buckets 685086
 102s visitime    5.39s generated nodes   7775907 nodes/sec   76078 cur h   42 mod.depth   89 inserts   1074127 dups    354808 size    719319 hash fail 383369 hash buckets 690758
 103s visitime    5.44s generated nodes   7836054 nodes/sec   75922 cur h   58 mod.depth   49 inserts   1082484 dups    357907 size    724577 hash fail 386816 hash buckets 695668
 104s visitime    5.49s generated nodes   7896149 nodes/sec   75751 cur h   52 mod.depth   68 inserts   1090887 dups    361056 size    729831 hash fail 390272 hash buckets 700615
 105s visitime    5.53s generated nodes   7956250 nodes/sec   75573 cur h   40 mod.depth   87 inserts   1099657 dups    364150 size    735507 hash fail 393694 hash buckets 705963
 106s visitime    5.58s generated nodes   8016507 nodes/sec   75403 cur h   41 mod.depth   98 inserts   1108357 dups    367500 size    740857 hash fail 397351 hash buckets 711006
 107s visitime    5.63s generated nodes   8081713 nodes/sec   75242 cur h   57 mod.depth   48 inserts   1117658 dups    370706 size    746952 hash fail 400942 hash buckets 716716
 108s visitime    5.69s generated nodes   8146908 nodes/sec   75124 cur h   49 mod.depth   65 inserts   1127712 dups    374832 size    752880 hash fail 405455 hash buckets 722257
 109s visitime    5.74s generated nodes   8207047 nodes/sec   74937 cur h   51 mod.depth   68 inserts   1137347 dups    378835 size    758512 hash fail 409726 hash buckets 727621
 110s visitime    5.80s generated nodes   8282261 nodes/sec   74914 cur h   46 mod.depth   56 inserts   1150570 dups    383783 size    766787 hash fail 415163 hash buckets 735407
 111s visitime    5.85s generated nodes   8347378 nodes/sec   74812 cur h   43 mod.depth   77 inserts   1162626 dups    388466 size    774160 hash fail 420338 hash buckets 742288
 112s visitime    5.89s generated nodes   8417584 nodes/sec   74739 cur h   54 mod.depth   56 inserts   1174812 dups    393156 size    781656 hash fail 425497 hash buckets 749315
 113s visitime    5.93s generated nodes   8482683 nodes/sec   74615 cur h   54 mod.depth   43 inserts   1185370 dups    397012 size    788358 hash fail 429732 hash buckets 755638
 114s visitime    5.96s generated nodes   8537846 nodes/sec   74421 cur h   65 mod.depth   27 inserts   1193518 dups    399907 size    793611 hash fail 432873 hash buckets 760645
 115s visitime    5.98s generated nodes   8582952 nodes/sec   74168 cur h   49 mod.depth   63 inserts   1199089 dups    402145 size    796944 hash fail 435307 hash buckets 763782
 116s visitime    6.01s generated nodes   8643084 nodes/sec   73983 cur h   45 mod.depth   55 inserts   1208633 dups    406361 size    802272 hash fail 439839 hash buckets 768794
 117s visitime    6.04s generated nodes   8693185 nodes/sec   73762 cur h   57 mod.depth   48 inserts   1216593 dups    409455 size    807138 hash fail 443182 hash buckets 773411
 118s visitime    6.07s generated nodes   8748276 nodes/sec   73542 cur h   49 mod.depth   52 inserts   1226373 dups    412718 size    813655 hash fail 446934 hash buckets 779439
 119s visitime    6.10s generated nodes   8803360 nodes/sec   73377 cur h   41 mod.depth   69 inserts   1236807 dups    417028 size    819779 hash fail 451653 hash buckets 785154
 121s visitime    6.14s generated nodes   8873514 nodes/sec   73329 cur h   54 mod.depth   48 inserts   1248156 dups    421396 size    826760 hash fail 456538 hash buckets 791618
 122s visitime    6.18s generated nodes   8933689 nodes/sec   73194 cur h   52 mod.depth   62 inserts   1257937 dups    425408 size    832529 hash fail 460919 hash buckets 797018
 123s visitime    6.22s generated nodes   8983754 nodes/sec   73003 cur h   49 mod.depth   61 inserts   1265625 dups    428474 size    837151 hash fail 464294 hash buckets 801331
 124s visitime    6.25s generated nodes   9028841 nodes/sec   72742 cur h   48 mod.depth   73 inserts   1272384 dups    431261 size    841123 hash fail 467344 hash buckets 805040
 125s visitime    6.29s generated nodes   9083980 nodes/sec   72562 cur h   45 mod.depth   77 inserts   1281621 dups    435266 size    846355 hash fail 471635 hash buckets 809986
 126s visitime    6.33s generated nodes   9134054 nodes/sec   72365 cur h   50 mod.depth   68 inserts   1290084 dups    438966 size    851118 hash fail 475621 hash buckets 814463
 127s visitime    6.38s generated nodes   9189159 nodes/sec   72174 cur h   45 mod.depth   70 inserts   1299921 dups    443502 size    856419 hash fail 480655 hash buckets 819266
 128s visitime    6.41s generated nodes   9244250 nodes/sec   72021 cur h   47 mod.depth   76 inserts   1307471 dups    446517 size    860954 hash fail 483909 hash buckets 823562
 129s visitime    6.44s generated nodes   9304388 nodes/sec   71906 cur h   63 mod.depth   35 inserts   1315277 dups    449151 size    866126 hash fail 486843 hash buckets 828434
 130s visitime    6.47s generated nodes   9354481 nodes/sec   71719 cur h   55 mod.depth   44 inserts   1321863 dups    451600 size    870263 hash fail 489538 hash buckets 832325
 131s visitime    6.50s generated nodes   9414596 nodes/sec   71628 cur h   51 mod.depth   63 inserts   1330084 dups    455518 size    874566 hash fail 493697 hash buckets 836387
 132s visitime    6.53s generated nodes   9474711 nodes/sec   71539 cur h   47 mod.depth   65 inserts   1338076 dups    458619 size    879457 hash fail 497045 hash buckets 841031
 133s visitime    6.58s generated nodes   9529850 nodes/sec   71407 cur h   55 mod.depth   43 inserts   1345561 dups    461167 size    884394 hash fail 499902 hash buckets 845659
 134s visitime    6.63s generated nodes   9590020 nodes/sec   71267 cur h   44 mod.depth   65 inserts   1354240 dups    464466 size    889774 hash fail 503500 hash buckets 850740
 135s visitime    6.66s generated nodes   9645082 nodes/sec   71103 cur h   52 mod.depth   45 inserts   1364031 dups    468609 size    895422 hash fail 507994 hash buckets 856037
 136s visitime    6.70s generated nodes   9700262 nodes/sec   70985 cur h   37 mod.depth   90 inserts   1372441 dups    472249 size    900192 hash fail 512190 hash buckets 860251
 137s visitime    6.75s generated nodes   9755455 nodes/sec   70853 cur h   62 mod.depth   33 inserts   1381498 dups    476047 size    905451 hash fail 516315 hash buckets 865183
 138s visitime    6.80s generated nodes   9815527 nodes/sec   70735 cur h   61 mod.depth   43 inserts   1391332 dups    480244 size    911088 hash fail 520955 hash buckets 870377
 139s visitime    6.86s generated nodes   9875667 nodes/sec   70625 cur h   51 mod.depth   63 inserts   1401555 dups    484794 size    916761 hash fail 525839 hash buckets 875716
 140s visitime    6.91s generated nodes   9930789 nodes/sec   70512 cur h   63 mod.depth   39 inserts   1411034 dups    489258 size    921776 hash fail 530697 hash buckets 880337
 141s visitime    6.96s generated nodes   9995908 nodes/sec   70448 cur h   39 mod.depth   74 inserts   1420790 dups    493065 size    927725 hash fail 534841 hash buckets 885949
 142s visitime    7.00s generated nodes  10061107 nodes/sec   70386 cur h   35 mod.depth  109 inserts   1429928 dups    496246 size    933682 hash fail 538361 hash buckets 891567
 143s visitime    7.04s generated nodes  10121232 nodes/sec   70305 cur h   47 mod.depth   76 inserts   1438204 dups    499171 size    939033 hash fail 541764 hash buckets 896440
 144s visitime    7.09s generated nodes  10186338 nodes/sec   70254 cur h   58 mod.depth   43 inserts   1447155 dups    502230 size    944925 hash fail 545157 hash buckets 901998
 146s visitime    7.14s generated nodes  10256417 nodes/sec   70240 cur h   50 mod.depth   61 inserts   1457421 dups    506160 size    951261 hash fail 549439 hash buckets 907982
 147s visitime    7.19s generated nodes  10321556 nodes/sec   70173 cur h   47 mod.depth   75 inserts   1467548 dups    510153 size    957395 hash fail 553884 hash buckets 913664
 148s visitime    7.25s generated nodes  10381666 nodes/sec   70094 cur h   66 mod.depth   34 inserts   1477494 dups    514202 size    963292 hash fail 558332 hash buckets 919162
 149s visitime    7.34s generated nodes  10436817 nodes/sec   69945 cur h   50 mod.depth   64 inserts   1486271 dups    517894 size    968377 hash fail 562476 hash buckets 923795
 150s visitime    7.43s generated nodes  10486959 nodes/sec   69781 cur h   60 mod.depth   42 inserts   1495507 dups    522155 size    973352 hash fail 567102 hash buckets 928405
 151s visitime    7.52s generated nodes  10542064 nodes/sec   69644 cur h   54 mod.depth   65 inserts   1504506 dups    525847 size    978659 hash fail 571218 hash buckets 933288
 152s visitime    7.60s generated nodes  10592134 nodes/sec   69504 cur h   37 mod.depth   97 inserts   1513182 dups    529562 size    983620 hash fail 575310 hash buckets 937872
 153s visitime    7.68s generated nodes  10647286 nodes/sec   69386 cur h   46 mod.depth   67 inserts   1522488 dups    533966 size    988522 hash fail 580044 hash buckets 942444
 154s visitime    7.77s generated nodes  10702494 nodes/sec   69275 cur h   50 mod.depth   63 inserts   1531752 dups    538077 size    993675 hash fail 584566 hash buckets 947186
 155s visitime    7.83s generated nodes  10762589 nodes/sec   69186 cur h   64 mod.depth   39 inserts   1539521 dups    541141 size    998380 hash fail 587934 hash buckets 951587
 156s visitime    7.88s generated nodes  10817765 nodes/sec   69086 cur h   44 mod.depth   80 inserts   1546895 dups    543336 size   1003559 hash fail 590447 hash buckets 956448
 157s visitime    7.94s generated nodes  10877925 nodes/sec   68987 cur h   56 mod.depth   54 inserts   1555042 dups    545852 size   1009190 hash fail 593314 hash buckets 961728
 158s visitime    8.00s generated nodes  10933100 nodes/sec   68882 cur h   57 mod.depth   46 inserts   1563112 dups    549088 size   1014024 hash fail 597023 hash buckets 966089
 159s visitime    8.07s generated nodes  10993287 nodes/sec   68812 cur h   38 mod.depth   81 inserts   1572645 dups    552580 size   1020065 hash fail 600870 hash buckets 971775
 160s visitime    8.13s generated nodes  11048438 nodes/sec   68702 cur h   50 mod.depth   72 inserts   1580587 dups    555565 size   1025022 hash fail 604159 hash buckets 976428
 161s visitime    8.18s generated nodes  11098536 nodes/sec   68582 cur h   38 mod.depth   90 inserts   1587964 dups    558310 size   1029654 hash fail 607174 hash buckets 980790
 162s visitime    8.26s generated nodes  11158652 nodes/sec   68506 cur h   50 mod.depth   54 inserts   1596081 dups    561154 size   1034927 hash fail 610389 hash buckets 985692
 163s visitime    8.34s generated nodes  11218799 nodes/sec   68441 cur h   45 mod.depth   78 inserts   1604167 dups    563914 size   1040253 hash fail 613499 hash buckets 990668
 164s visitime    8.41s generated nodes  11278894 nodes/sec   68370 cur h   50 mod.depth   73 inserts   1612699 dups    567332 size   1045367 hash fail 617333 hash buckets 995366
 166s visitime    8.49s generated nodes  11334011 nodes/sec   68263 cur h   45 mod.depth   73 inserts   1620361 dups    570134 size   1050227 hash fail 620474 hash buckets 999887
 167s visitime    8.57s generated nodes  11384078 nodes/sec   68147 cur h   52 mod.depth   60 inserts   1627152 dups    572609 size   1054543 hash fail 623239 hash buckets 1003913
 168s visitime    8.65s generated nodes  11434137 nodes/sec   68025 cur h   58 mod.depth   59 inserts   1634262 dups    575223 size   1059039 hash fail 626212 hash buckets 1008050
 169s visitime    8.72s generated nodes  11484258 nodes/sec   67897 cur h   51 mod.depth   69 inserts   1641489 dups    578385 size   1063104 hash fail 629680 hash buckets 1011809
 170s visitime    8.80s generated nodes  11534351 nodes/sec   67778 cur h   50 mod.depth   65 inserts   1648745 dups    581109 size   1067636 hash fail 632687 hash buckets 1016058
 171s visitime    8.90s generated nodes  11589434 nodes/sec   67679 cur h   58 mod.depth   51 inserts   1656600 dups    584180 size   1072420 hash fail 636078 hash buckets 1020522
 172s visitime    8.98s generated nodes  11639573 nodes/sec   67551 cur h   40 mod.depth   82 inserts   1664162 dups    587387 size   1076775 hash fail 639563 hash buckets 1024599
 173s visitime    9.04s generated nodes  11679612 nodes/sec   67368 cur h   53 mod.depth   55 inserts   1670353 dups    589938 size   1080415 hash fail 642411 hash buckets 1027942
 174s visitime    9.12s generated nodes  11734689 nodes/sec   67264 cur h   67 mod.depth   22 inserts   1678096 dups    592988 size   1085108 hash fail 645786 hash buckets 1032310
 175s visitime    9.21s generated nodes  11789807 nodes/sec   67160 cur h   59 mod.depth   57 inserts   1686290 dups    596220 size   1090070 hash fail 649318 hash buckets 1036972
 176s visitime    9.29s generated nodes  11839956 nodes/sec   67059 cur h   54 mod.depth   59 inserts   1694063 dups    599268 size   1094795 hash fail 652699 hash buckets 1041364
 177s visitime    9.37s generated nodes  11890058 nodes/sec   66948 cur h   57 mod.depth   49 inserts   1701838 dups    602347 size   1099491 hash fail 656113 hash buckets 1045725
 178s visitime    9.47s generated nodes  11945289 nodes/sec   66855 cur h   37 mod.depth  105 inserts   1710433 dups    605701 size   1104732 hash fail 659849 hash buckets 1050584
 179s visitime    9.56s generated nodes  11995399 nodes/sec   66756 cur h   60 mod.depth   45 inserts   1717811 dups    608492 size   1109319 hash fail 662947 hash buckets 1054864
 180s visitime    9.65s generated nodes  12045492 nodes/sec   66645 cur h   44 mod.depth   88 inserts   1725430 dups    612015 size   1113415 hash fail 666783 hash buckets 1058647
 181s visitime    9.71s generated nodes  12080545 nodes/sec   66470 cur h   60 mod.depth   41 inserts   1730730 dups    614054 size   1116676 hash fail 669123 hash buckets 1061607
 182s visitime    9.77s generated nodes  12105595 nodes/sec   66239 cur h   55 mod.depth   56 inserts   1734611 dups    615622 size   1118989 hash fail 670857 hash buckets 1063754
 183s visitime    9.88s generated nodes  12155672 nodes/sec   66126 cur h   44 mod.depth   75 inserts   1742474 dups    619143 size   1123331 hash fail 674712 hash buckets 1067762
 184s visitime    9.99s generated nodes  12200781 nodes/sec   66012 cur h   43 mod.depth   84 inserts   1749817 dups    622263 size   1127554 hash fail 678145 hash buckets 1071672
 185s visitime   10.10s generated nodes  12245881 nodes/sec   65880 cur h   64 mod.depth   41 inserts   1757390 dups    625421 size   1131969 hash fail 681795 hash buckets 1075595
 186s visitime   10.22s generated nodes  12285949 nodes/sec   65725 cur h   64 mod.depth   40 inserts   1763913 dups    628327 size   1135586 hash fail 684982 hash buckets 1078931
 187s visitime   10.31s generated nodes  12316031 nodes/sec   65534 cur h   43 mod.depth   92 inserts   1769009 dups    630578 size   1138431 hash fail 687472 hash buckets 1081537
 189s visitime   10.43s generated nodes  12356138 nodes/sec   65357 cur h   59 mod.depth   50 inserts   1775604 dups    633304 size   1142300 hash fail 690532 hash buckets 1085072
 190s visitime   10.54s generated nodes  12396245 nodes/sec   65197 cur h   61 mod.depth   46 inserts   1782464 dups    636317 size   1146147 hash fail 693914 hash buckets 1088550
 191s visitime   10.67s generated nodes  12441353 nodes/sec   65050 cur h   43 mod.depth   81 inserts   1789683 dups    639345 size   1150338 hash fail 697289 hash buckets 1092394
 192s visitime   10.74s generated nodes  12481427 nodes/sec   64909 cur h   58 mod.depth   43 inserts   1796085 dups    642152 size   1153933 hash fail 700425 hash buckets 1095660
 193s visitime   10.78s generated nodes  12526531 nodes/sec   64780 cur h   68 mod.depth   32 inserts   1803407 dups    646227 size   1157180 hash fail 704701 hash buckets 1098706
 194s visitime   10.86s generated nodes  12571653 nodes/sec   64674 cur h   49 mod.depth   71 inserts   1810956 dups    649713 size   1161243 hash fail 708471 hash buckets 1102485
 195s visitime   10.98s generated nodes  12616801 nodes/sec   64541 cur h   52 mod.depth   58 inserts   1818296 dups    652926 size   1165370 hash fail 712035 hash buckets 1106261
 196s visitime   11.10s generated nodes  12656872 nodes/sec   64380 cur h   76 mod.depth   14 inserts   1825043 dups    655876 size   1169167 hash fail 715333 hash buckets 1109710
 197s visitime   11.24s generated nodes  12691927 nodes/sec   64168 cur h   48 mod.depth   71 inserts   1830852 dups    658410 size   1172442 hash fail 718104 hash buckets 1112748
 198s visitime   11.38s generated nodes  12721969 nodes/sec   63966 cur h   61 mod.depth   38 inserts   1835594 dups    660470 size   1175124 hash fail 720413 hash buckets 1115181
 199s visitime   11.49s generated nodes  12757068 nodes/sec   63815 cur h   51 mod.depth   76 inserts   1841675 dups    662958 size   1178717 hash fail 723914 hash buckets 1117761
 201s visitime   11.60s generated nodes  12797103 nodes/sec   63666 cur h   47 mod.depth   68 inserts   1847003 dups    664626 size   1182377 hash fail 725888 hash buckets 1121115
 202s visitime   11.71s generated nodes  12837144 nodes/sec   63515 cur h   62 mod.depth   42 inserts   1851991 dups    666177 size   1185814 hash fail 727731 hash buckets 1124260
 203s visitime   11.83s generated nodes  12877234 nodes/sec   63383 cur h   56 mod.depth   65 inserts   1857110 dups    667864 size   1189246 hash fail 729687 hash buckets 1127423
 204s visitime   11.91s generated nodes  12922383 nodes/sec   63264 cur h   44 mod.depth   73 inserts   1863803 dups    670281 size   1193522 hash fail 732446 hash buckets 1131357
 205s visitime   12.00s generated nodes  12967514 nodes/sec   63147 cur h   65 mod.depth   39 inserts   1871170 dups    672987 size   1198183 hash fail 735735 hash buckets 1135435
 206s visitime   12.08s generated nodes  13007567 nodes/sec   63034 cur h   50 mod.depth   75 inserts   1876307 dups    674820 size   1201487 hash fail 737785 hash buckets 1138522
 207s visitime   12.17s generated nodes  13047617 nodes/sec   62906 cur h   52 mod.depth   61 inserts   1881447 dups    676438 size   1205009 hash fail 739680 hash buckets 1141767
 208s visitime   12.27s generated nodes  13087648 nodes/sec   62767 cur h   45 mod.depth   89 inserts   1886548 dups    677986 size   1208562 hash fail 741525 hash buckets 1145023
 209s visitime   12.38s generated nodes  13127755 nodes/sec   62627 cur h   53 mod.depth   68 inserts   1891781 dups    679809 size   1211972 hash fail 743602 hash buckets 1148179
 210s visitime   12.47s generated nodes  13162878 nodes/sec   62485 cur h   44 mod.depth   87 inserts   1896501 dups    681547 size   1214954 hash fail 745558 hash buckets 1150943
 211s visitime   12.55s generated nodes  13197952 nodes/sec   62346 cur h   43 mod.depth   83 inserts   1901277 dups    683250 size   1218027 hash fail 747492 hash buckets 1153785
 212s visitime   12.63s generated nodes  13233065 nodes/sec   62198 cur h   40 mod.depth   81 inserts   1906097 dups    684801 size   1221296 hash fail 749331 hash buckets 1156766
 213s visitime   12.74s generated nodes  13263148 nodes/sec   62031 cur h   49 mod.depth   73 inserts   1910631 dups    686725 size   1223906 hash fail 751494 hash buckets 1159137
 214s visitime   12.85s generated nodes  13298213 nodes/sec   61880 cur h   55 mod.depth   66 inserts   1915306 dups    688282 size   1227024 hash fail 753330 hash buckets 1161976
 215s visitime   12.95s generated nodes  13333275 nodes/sec   61752 cur h   52 mod.depth   70 inserts   1920049 dups    689799 size   1230250 hash fail 755056 hash buckets 1164993
 216s visitime   13.04s generated nodes  13373389 nodes/sec   61634 cur h   51 mod.depth   63 inserts   1926551 dups    692426 size   1234125 hash fail 758036 hash buckets 1168515
 218s visitime   13.13s generated nodes  13408498 nodes/sec   61486 cur h   45 mod.depth   87 inserts   1931754 dups    694115 size   1237639 hash fail 760066 hash buckets 1171688
 219s visitime   13.18s generated nodes  13428530 nodes/sec   61289 cur h   53 mod.depth   61 inserts   1934647 dups    695047 size   1239600 hash fail 761151 hash buckets 1173496
 220s visitime   13.28s generated nodes  13463612 nodes/sec   61164 cur h   39 mod.depth   89 inserts   1939737 dups    696891 size   1242846 hash fail 763256 hash buckets 1176481
 221s visitime   13.36s generated nodes  13503718 nodes/sec   61054 cur h   57 mod.depth   63 inserts   1946355 dups    699881 size   1246474 hash fail 766526 hash buckets 1179829
 222s visitime   13.47s generated nodes  13538754 nodes/sec   60936 cur h   53 mod.depth   70 inserts   1951074 dups    701511 size   1249563 hash fail 768387 hash buckets 1182687
 223s visitime   13.56s generated nodes  13573809 nodes/sec   60785 cur h   55 mod.depth   58 inserts   1956289 dups    703559 size   1252730 hash fail 770658 hash buckets 1185631
 224s visitime   13.67s generated nodes  13608873 nodes/sec   60658 cur h   68 mod.depth   34 inserts   1961464 dups    705524 size   1255940 hash fail 772862 hash buckets 1188602
 225s visitime   13.77s generated nodes  13643935 nodes/sec   60536 cur h   40 mod.depth   78 inserts   1966595 dups    707443 size   1259152 hash fail 775051 hash buckets 1191544
 226s visitime   13.91s generated nodes  13674015 nodes/sec   60360 cur h   38 mod.depth   97 inserts   1970696 dups    708760 size   1261936 hash fail 776600 hash buckets 1194096
 227s visitime   14.03s generated nodes  13704095 nodes/sec   60221 cur h   32 mod.depth  106 inserts   1974916 dups    710270 size   1264646 hash fail 778407 hash buckets 1196509
 228s visitime   14.17s generated nodes  13729149 nodes/sec   60042 cur h   55 mod.depth   55 inserts   1978359 dups    711499 size   1266860 hash fail 779834 hash buckets 1198525
 229s visitime   14.31s generated nodes  13764229 nodes/sec   59897 cur h   62 mod.depth   43 inserts   1983091 dups    713033 size   1270058 hash fail 781659 hash buckets 1201432
 230s visitime   14.45s generated nodes  13799300 nodes/sec   59771 cur h   51 mod.depth   61 inserts   1988236 dups    714819 size   1273417 hash fail 783710 hash buckets 1204526
 232s visitime   14.57s generated nodes  13829371 nodes/sec   59585 cur h   51 mod.depth   63 inserts   1992404 dups    716336 size   1276068 hash fail 785434 hash buckets 1206970
 233s visitime   14.71s generated nodes  13859416 nodes/sec   59426 cur h   45 mod.depth   71 inserts   1996601 dups    717764 size   1278837 hash fail 787110 hash buckets 1209491
 234s visitime   14.80s generated nodes  13889473 nodes/sec   59275 cur h   58 mod.depth   39 inserts   2000487 dups    719203 size   1281284 hash fail 788802 hash buckets 1211685
 235s visitime   14.83s generated nodes  13924553 nodes/sec   59154 cur h   54 mod.depth   59 inserts   2004596 dups    720505 size   1284091 hash fail 790306 hash buckets 1214290
 236s visitime   14.87s generated nodes  13969692 nodes/sec   59093 cur h   39 mod.depth   85 inserts   2011105 dups    723530 size   1287575 hash fail 793586 hash buckets 1217519
 237s visitime   14.91s generated nodes  14019789 nodes/sec   59043 cur h   48 mod.depth   82 inserts   2017623 dups    725873 size   1291750 hash fail 796264 hash buckets 1221359
 238s visitime   15.03s generated nodes  14054847 nodes/sec   58929 cur h   46 mod.depth   91 inserts   2022436 dups    727483 size   1294953 hash fail 798177 hash buckets 1224259
 239s visitime   15.15s generated nodes  14084881 nodes/sec   58787 cur h   53 mod.depth   69 inserts   2026621 dups    728732 size   1297889 hash fail 799732 hash buckets 1226889
 240s visitime   15.28s generated nodes  14114921 nodes/sec   58638 cur h   54 mod.depth   70 inserts   2030901 dups    730282 size   1300619 hash fail 801529 hash buckets 1229372
 241s visitime   15.44s generated nodes  14144983 nodes/sec   58483 cur h   49 mod.depth   63 inserts   2035026 dups    731638 size   1303388 hash fail 803109 hash buckets 1231917
 243s visitime   15.61s generated nodes  14170060 nodes/sec   58311 cur h   53 mod.depth   58 inserts   2038991 dups    733032 size   1305959 hash fail 804739 hash buckets 1234252
 244s visitime   15.75s generated nodes  14200077 nodes/sec   58179 cur h   53 mod.depth   56 inserts   2043152 dups    734300 size   1308852 hash fail 806241 hash buckets 1236911
 245s visitime   15.89s generated nodes  14230110 nodes/sec   58047 cur h   41 mod.depth   93 inserts   2047261 dups    735786 size   1311475 hash fail 807945 hash buckets 1239316
 246s visitime   16.01s generated nodes  14260189 nodes/sec   57932 cur h   31 mod.depth  116 inserts   2051496 dups    737150 size   1314346 hash fail 809548 hash buckets 1241948
 247s visitime   16.15s generated nodes  14295317 nodes/sec   57803 cur h   45 mod.depth   56 inserts   2056580 dups    739043 size   1317537 hash fail 811730 hash buckets 1244850
 248s visitime   16.28s generated nodes  14330391 nodes/sec   57682 cur h   49 mod.depth   68 inserts   2061891 dups    741075 size   1320816 hash fail 814040 hash buckets 1247851
 249s visitime   16.39s generated nodes  14360476 nodes/sec   57568 cur h   64 mod.depth   41 inserts   2067027 dups    743089 size   1323938 hash fail 816373 hash buckets 1250654
 250s visitime   16.50s generated nodes  14390515 nodes/sec   57433 cur h   52 mod.depth   54 inserts   2071444 dups    744650 size   1326794 hash fail 818196 hash buckets 1253248
 251s visitime   16.65s generated nodes  14425621 nodes/sec   57309 cur h   48 mod.depth   92 inserts   2076622 dups    746542 size   1330080 hash fail 820374 hash buckets 1256248
 252s visitime   16.75s generated nodes  14460725 nodes/sec   57209 cur h   62 mod.depth   41 inserts   2081360 dups    748135 size   1333225 hash fail 822219 hash buckets 1259141
 253s visitime   16.85s generated nodes  14505782 nodes/sec   57130 cur h   55 mod.depth   57 inserts   2087903 dups    750891 size   1337012 hash fail 825270 hash buckets 1262633
 254s visitime   16.97s generated nodes  14540942 nodes/sec   57027 cur h   37 mod.depth   94 inserts   2093018 dups    752685 size   1340333 hash fail 827429 hash buckets 1265589
 256s visitime   17.12s generated nodes  14576081 nodes/sec   56930 cur h   72 mod.depth   24 inserts   2098060 dups    754591 size   1343469 hash fail 829589 hash buckets 1268471
 257s visitime   17.24s generated nodes  14611148 nodes/sec   56832 cur h   54 mod.depth   54 inserts   2103131 dups    756432 size   1346699 hash fail 831734 hash buckets 1271397
 258s visitime   17.37s generated nodes  14641190 nodes/sec   56726 cur h   47 mod.depth   82 inserts   2107402 dups    757940 size   1349462 hash fail 833486 hash buckets 1273916
 259s visitime   17.48s generated nodes  14676221 nodes/sec   56625 cur h   45 mod.depth   85 inserts   2112573 dups    760004 size   1352569 hash fail 835818 hash buckets 1276755
 260s visitime   17.61s generated nodes  14716296 nodes/sec   56530 cur h   55 mod.depth   60 inserts   2119397 dups    762850 size   1356547 hash fail 839080 hash buckets 1280317
 261s visitime   17.74s generated nodes  14746334 nodes/sec   56424 cur h   58 mod.depth   55 inserts   2123790 dups    764388 size   1359402 hash fail 840879 hash buckets 1282911
 262s visitime   17.90s generated nodes  14776368 nodes/sec   56286 cur h   48 mod.depth   59 inserts   2128084 dups    765803 size   1362281 hash fail 842596 hash buckets 1285488
 263s visitime   18.06s generated nodes  14806410 nodes/sec   56159 cur h   54 mod.depth   66 inserts   2132866 dups    767842 size   1365024 hash fail 844864 hash buckets 1288002
 264s visitime   18.20s generated nodes  14841480 nodes/sec   56048 cur h   53 mod.depth   62 inserts   2138298 dups    770239 size   1368059 hash fail 847539 hash buckets 1290759
 265s visitime   18.32s generated nodes  14881548 nodes/sec   55970 cur h   49 mod.depth   68 inserts   2145241 dups    773576 size   1371665 hash fail 851196 hash buckets 1294045
 266s visitime   18.45s generated nodes  14916608 nodes/sec   55873 cur h   57 mod.depth   55 inserts   2150515 dups    775576 size   1374939 hash fail 853543 hash buckets 1296972
 268s visitime   18.59s generated nodes  14951643 nodes/sec   55775 cur h   50 mod.depth   64 inserts   2155874 dups    777524 size   1378350 hash fail 855861 hash buckets 1300013
 269s visitime   18.72s generated nodes  14986769 nodes/sec   55683 cur h   37 mod.depth   91 inserts   2161115 dups    779378 size   1381737 hash fail 858169 hash buckets 1302946
 270s visitime   18.84s generated nodes  15016812 nodes/sec   55587 cur h   45 mod.depth   77 inserts   2165727 dups    781295 size   1384432 hash fail 860349 hash buckets 1305378
 271s visitime   18.95s generated nodes  15051855 nodes/sec   55507 cur h   50 mod.depth   81 inserts   2171414 dups    783885 size   1387529 hash fail 863262 hash buckets 1308152
 272s visitime   19.09s generated nodes  15081892 nodes/sec   55401 cur h   42 mod.depth   75 inserts   2176336 dups    785880 size   1390456 hash fail 865556 hash buckets 1310780
 273s visitime   19.21s generated nodes  15116978 nodes/sec   55303 cur h   49 mod.depth   78 inserts   2181469 dups    787947 size   1393522 hash fail 867875 hash buckets 1313594
 274s visitime   19.35s generated nodes  15152066 nodes/sec   55217 cur h   59 mod.depth   44 inserts   2186730 dups    790107 size   1396623 hash fail 870308 hash buckets 1316422
 275s visitime   19.49s generated nodes  15187213 nodes/sec   55121 cur h   51 mod.depth   68 inserts   2192267 dups    792069 size   1400198 hash fail 872589 hash buckets 1319678
 276s visitime   19.62s generated nodes  15217260 nodes/sec   55027 cur h   56 mod.depth   57 inserts   2196723 dups    793881 size   1402842 hash fail 874613 hash buckets 1322110
 277s visitime   19.75s generated nodes  15247294 nodes/sec   54930 cur h   56 mod.depth   56 inserts   2201234 dups    795619 size   1405615 hash fail 876650 hash buckets 1324584
 278s visitime   19.88s generated nodes  15282350 nodes/sec   54842 cur h   56 mod.depth   48 inserts   2206433 dups    797440 size   1408993 hash fail 878792 hash buckets 1327641
 279s visitime   20.01s generated nodes  15317424 nodes/sec   54766 cur h   46 mod.depth   77 inserts   2211519 dups    799404 size   1412115 hash fail 881012 hash buckets 1330507
 280s visitime   20.15s generated nodes  15352456 nodes/sec   54681 cur h   46 mod.depth   66 inserts   2216783 dups    801458 size   1415325 hash fail 883394 hash buckets 1333389
 281s visitime   20.31s generated nodes  15387545 nodes/sec   54597 cur h   58 mod.depth   54 inserts   2222522 dups    803765 size   1418757 hash fail 886015 hash buckets 1336507
 282s visitime   20.41s generated nodes  15427624 nodes/sec   54526 cur h   45 mod.depth   89 inserts   2229011 dups    806573 size   1422438 hash fail 889129 hash buckets 1339882
 284s visitime   20.55s generated nodes  15462694 nodes/sec   54439 cur h   56 mod.depth   72 inserts   2234203 dups    808561 size   1425642 hash fail 891445 hash buckets 1342758
 285s visitime   20.64s generated nodes  15502774 nodes/sec   54380 cur h   50 mod.depth   65 inserts   2239288 dups    810167 size   1429121 hash fail 893332 hash buckets 1345956
 286s visitime   20.68s generated nodes  15552893 nodes/sec   54355 cur h   51 mod.depth   77 inserts   2245986 dups    812937 size   1433049 hash fail 896414 hash buckets 1349572
 287s visitime   20.72s generated nodes  15613011 nodes/sec   54367 cur h   55 mod.depth   51 inserts   2252675 dups    814690 size   1437985 hash fail 898580 hash buckets 1354095
 288s visitime   20.79s generated nodes  15658132 nodes/sec   54331 cur h   47 mod.depth   93 inserts   2258437 dups    816600 size   1441837 hash fail 900901 hash buckets 1357536
 289s visitime   20.88s generated nodes  15698287 nodes/sec   54282 cur h   49 mod.depth   65 inserts   2265267 dups    819565 size   1445702 hash fail 904205 hash buckets 1361062
 290s visitime   20.92s generated nodes  15748387 nodes/sec   54260 cur h   53 mod.depth   63 inserts   2272451 dups    822797 size   1449654 hash fail 907750 hash buckets 1364701
 291s visitime   20.97s generated nodes  15808504 nodes/sec   54276 cur h   56 mod.depth   70 inserts   2280822 dups    826130 size   1454692 hash fail 911543 hash buckets 1369279
 292s visitime   21.15s generated nodes  15843574 nodes/sec   54187 cur h   45 mod.depth   77 inserts   2286520 dups    828476 size   1458044 hash fail 914230 hash buckets 1372290
 293s visitime   21.31s generated nodes  15878686 nodes/sec   54097 cur h   37 mod.depth   97 inserts   2292006 dups    830708 size   1461298 hash fail 916771 hash buckets 1375235
 294s visitime   21.47s generated nodes  15913775 nodes/sec   54013 cur h   64 mod.depth   42 inserts   2297571 dups    832890 size   1464681 hash fail 919302 hash buckets 1378269
 295s visitime   21.62s generated nodes  15948907 nodes/sec   53940 cur h   52 mod.depth   58 inserts   2303009 dups    834938 size   1468071 hash fail 921767 hash buckets 1381242
 296s visitime   21.76s generated nodes  15983960 nodes/sec   53865 cur h   44 mod.depth   66 inserts   2308266 dups    837008 size   1471258 hash fail 924213 hash buckets 1384053
 297s visitime   21.91s generated nodes  16019067 nodes/sec   53795 cur h   56 mod.depth   54 inserts   2313450 dups    838960 size   1474490 hash fail 926526 hash buckets 1386924
 298s visitime   22.02s generated nodes  16064147 nodes/sec   53754 cur h   57 mod.depth   61 inserts   2319585 dups    841011 size   1478574 hash fail 928937 hash buckets 1390648
 299s visitime   22.16s generated nodes  16104190 nodes/sec   53693 cur h   41 mod.depth   57 inserts   2325650 dups    843543 size   1482107 hash fail 931814 hash buckets 1393836
 300s visitime   22.31s generated nodes  16139224 nodes/sec   53619 cur h   64 mod.depth   41 inserts   2331267 dups    845733 size   1485534 hash fail 934314 hash buckets 1396953
 302s visitime   22.49s generated nodes  16174285 nodes/sec   53523 cur h   58 mod.depth   52 inserts   2337150 dups    848071 size   1489079 hash fail 936976 hash buckets 1400174
 303s visitime   22.66s generated nodes  16204337 nodes/sec   53439 cur h   66 mod.depth   37 inserts   2342303 dups    850242 size   1492061 hash fail 939451 hash buckets 1402852
 304s visitime   22.84s generated nodes  16234380 nodes/sec   53339 cur h   60 mod.depth   50 inserts   2347091 dups    852134 size   1494957 hash fail 941631 hash buckets 1405460
 305s visitime   23.03s generated nodes  16269517 nodes/sec   53251 cur h   64 mod.depth   41 inserts   2352685 dups    854338 size   1498347 hash fail 944202 hash buckets 1408483
 306s visitime   23.20s generated nodes  16304586 nodes/sec   53171 cur h   63 mod.depth   49 inserts   2358516 dups    856769 size   1501747 hash fail 947037 hash buckets 1411479
 307s visitime   23.32s generated nodes  16339731 nodes/sec   53108 cur h   59 mod.depth   52 inserts   2363877 dups    859107 size   1504770 hash fail 949636 hash buckets 1414241
 308s visitime   23.49s generated nodes  16374824 nodes/sec   53037 cur h   44 mod.depth   82 inserts   2369714 dups    861521 size   1508193 hash fail 952367 hash buckets 1417347
 309s visitime   23.66s generated nodes  16409902 nodes/sec   52962 cur h   58 mod.depth   53 inserts   2375562 dups    863950 size   1511612 hash fail 955152 hash buckets 1420410
 310s visitime   23.83s generated nodes  16445011 nodes/sec   52883 cur h   43 mod.depth   91 inserts   2381313 dups    866119 size   1515194 hash fail 957713 hash buckets 1423600
 312s visitime   23.97s generated nodes  16485067 nodes/sec   52824 cur h   60 mod.depth   44 inserts   2387342 dups    868538 size   1518804 hash fail 960466 hash buckets 1426876
 313s visitime   24.13s generated nodes  16520139 nodes/sec   52756 cur h   58 mod.depth   52 inserts   2393301 dups    871203 size   1522098 hash fail 963447 hash buckets 1429854
 314s visitime   24.29s generated nodes  16555243 nodes/sec   52695 cur h   49 mod.depth   60 inserts   2399223 dups    873631 size   1525592 hash fail 966303 hash buckets 1432920
 315s visitime   24.43s generated nodes  16590333 nodes/sec   52628 cur h   57 mod.depth   55 inserts   2405156 dups    876301 size   1528855 hash fail 969288 hash buckets 1435868
 316s visitime   24.60s generated nodes  16630412 nodes/sec   52564 cur h   54 mod.depth   49 inserts   2411736 dups    879070 size   1532666 hash fail 972422 hash buckets 1439314
 317s visitime   24.70s generated nodes  16670507 nodes/sec   52514 cur h   61 mod.depth   44 inserts   2417561 dups    881436 size   1536125 hash fail 975144 hash buckets 1442417
 318s visitime   24.85s generated nodes  16710580 nodes/sec   52464 cur h   52 mod.depth   63 inserts   2423813 dups    883857 size   1539956 hash fail 978115 hash buckets 1445698
 319s visitime   25.00s generated nodes  16750665 nodes/sec   52408 cur h   50 mod.depth   75 inserts   2430300 dups    886749 size   1543551 hash fail 981468 hash buckets 1448832
 320s visitime   25.15s generated nodes  16785792 nodes/sec   52346 cur h   65 mod.depth   44 inserts   2436047 dups    888996 size   1547051 hash fail 984053 hash buckets 1451994
 321s visitime   25.30s generated nodes  16820896 nodes/sec   52291 cur h   42 mod.depth   90 inserts   2440910 dups    890691 size   1550219 hash fail 986072 hash buckets 1454838
 322s visitime   25.45s generated nodes  16860976 nodes/sec   52237 cur h   45 mod.depth   83 inserts   2445849 dups    892038 size   1553811 hash fail 987770 hash buckets 1458079
 323s visitime   25.57s generated nodes  16906099 nodes/sec   52209 cur h   58 mod.depth   62 inserts   2451610 dups    893747 size   1557863 hash fail 989915 hash buckets 1461695
 324s visitime   25.71s generated nodes  16951203 nodes/sec   52175 cur h   55 mod.depth   74 inserts   2457032 dups    895387 size   1561645 hash fail 991889 hash buckets 1465143
 326s visitime   25.86s generated nodes  16996314 nodes/sec   52135 cur h   55 mod.depth   66 inserts   2462560 dups    896963 size   1565597 hash fail 993792 hash buckets 1468768
 327s visitime   25.99s generated nodes  17036424 nodes/sec   52094 cur h   50 mod.depth   78 inserts   2467566 dups    898369 size   1569197 hash fail 995533 hash buckets 1472033
 328s visitime   26.14s generated nodes  17076465 nodes/sec   52054 cur h   51 mod.depth   55 inserts   2472380 dups    899611 size   1572769 hash fail 997114 hash buckets 1475266
 329s visitime   26.29s generated nodes  17116590 nodes/sec   52011 cur h   51 mod.depth   64 inserts   2477574 dups    901119 size   1576455 hash fail 998947 hash buckets 1478627
 330s visitime   26.42s generated nodes  17156740 nodes/sec   51973 cur h   57 mod.depth   65 inserts   2482609 dups    902724 size   1579885 hash fail 1000860 hash buckets 1481749
 331s visitime   26.57s generated nodes  17201829 nodes/sec   51936 cur h   60 mod.depth   51 inserts   2487935 dups    904217 size   1583718 hash fail 1002699 hash buckets 1485236
 332s visitime   26.72s generated nodes  17241879 nodes/sec   51889 cur h   50 mod.depth   82 inserts   2493305 dups    905822 size   1587483 hash fail 1004660 hash buckets 1488645
 333s visitime   26.84s generated nodes  17281928 nodes/sec   51849 cur h   60 mod.depth   55 inserts   2498970 dups    907703 size   1591267 hash fail 1006906 hash buckets 1492064
 334s visitime   26.99s generated nodes  17321981 nodes/sec   51809 cur h   72 mod.depth   26 inserts   2504113 dups    909278 size   1594835 hash fail 1008820 hash buckets 1495293
 335s visitime   27.14s generated nodes  17362074 nodes/sec   51772 cur h   56 mod.depth   59 inserts   2509062 dups    910801 size   1598261 hash fail 1010675 hash buckets 1498387
 336s visitime   27.23s generated nodes  17407251 nodes/sec   51750 cur h   56 mod.depth   54 inserts   2515117 dups    913286 size   1601831 hash fail 1013567 hash buckets 1501550
 337s visitime   27.36s generated nodes  17447359 nodes/sec   51714 cur h   43 mod.depth   68 inserts   2520293 dups    914992 size   1605301 hash fail 1015615 hash buckets 1504678
 338s visitime   27.44s generated nodes  17492430 nodes/sec   51686 cur h   59 mod.depth   49 inserts   2526810 dups    917654 size   1609156 hash fail 1018731 hash buckets 1508079
 339s visitime   27.52s generated nodes  17552525 nodes/sec   51705 cur h   54 mod.depth   69 inserts   2535105 dups    921128 size   1613977 hash fail 1022759 hash buckets 1512346
 340s visitime   27.67s generated nodes  17597621 nodes/sec   51664 cur h   56 mod.depth   57 inserts   2540935 dups    922991 size   1617944 hash fail 1024955 hash buckets 1515980
 341s visitime   27.82s generated nodes  17642705 nodes/sec   51624 cur h   46 mod.depth   75 inserts   2546419 dups    924532 size   1621887 hash fail 1026886 hash buckets 1519533
 342s visitime   27.98s generated nodes  17682751 nodes/sec   51580 cur h   44 mod.depth   85 inserts   2551595 dups    926130 size   1625465 hash fail 1028858 hash buckets 1522737
 343s visitime   28.13s generated nodes  17722835 nodes/sec   51531 cur h   65 mod.depth   41 inserts   2556963 dups    927811 size   1629152 hash fail 1030923 hash buckets 1526040
 344s visitime   28.27s generated nodes  17762929 nodes/sec   51487 cur h   62 mod.depth   50 inserts   2562120 dups    929431 size   1632689 hash fail 1032837 hash buckets 1529283
 346s visitime   28.41s generated nodes  17803022 nodes/sec   51444 cur h   61 mod.depth   38 inserts   2567166 dups    930923 size   1636243 hash fail 1034701 hash buckets 1532465
 347s visitime   28.54s generated nodes  17843205 nodes/sec   51399 cur h   40 mod.depth   91 inserts   2572476 dups    932773 size   1639703 hash fail 1036857 hash buckets 1535619
 348s visitime   28.68s generated nodes  17888262 nodes/sec   51373 cur h   57 mod.depth   66 inserts   2578668 dups    935195 size   1643473 hash fail 1039654 hash buckets 1539014
 349s visitime   28.79s generated nodes  17933319 nodes/sec   51335 cur h   67 mod.depth   38 inserts   2585073 dups    937801 size   1647272 hash fail 1042626 hash buckets 1542447
 350s visitime   28.94s generated nodes  17973405 nodes/sec   51292 cur h   55 mod.depth   55 inserts   2590295 dups    939534 size   1650761 hash fail 1044691 hash buckets 1545604
 351s visitime   29.11s generated nodes  18013486 nodes/sec   51244 cur h   53 mod.depth   59 inserts   2595625 dups    941130 size   1654495 hash fail 1046633 hash buckets 1548992
 352s visitime   29.25s generated nodes  18048524 nodes/sec   51194 cur h   43 mod.depth   66 inserts   2600335 dups    942394 size   1657941 hash fail 1048569 hash buckets 1551766
 353s visitime   29.40s generated nodes  18083576 nodes/sec   51148 cur h   58 mod.depth   52 inserts   2604856 dups    943826 size   1661030 hash fail 1050304 hash buckets 1554552
 354s visitime   29.55s generated nodes  18123664 nodes/sec   51102 cur h   59 mod.depth   53 inserts   2609896 dups    945277 size   1664619 hash fail 1052097 hash buckets 1557799
 355s visitime   29.70s generated nodes  18158733 nodes/sec   51055 cur h   54 mod.depth   58 inserts   2614655 dups    946849 size   1667806 hash fail 1054027 hash buckets 1560628
 356s visitime   29.85s generated nodes  18193856 nodes/sec   51010 cur h   49 mod.depth   79 inserts   2619137 dups    948205 size   1670932 hash fail 1055706 hash buckets 1563431
 357s visitime   30.00s generated nodes  18228915 nodes/sec   50958 cur h   64 mod.depth   41 inserts   2624237 dups    950036 size   1674201 hash fail 1057881 hash buckets 1566356
 358s visitime   30.18s generated nodes  18258971 nodes/sec   50884 cur h   58 mod.depth   56 inserts   2628278 dups    951491 size   1676787 hash fail 1059573 hash buckets 1568705
 359s visitime   30.28s generated nodes  18304039 nodes/sec   50857 cur h   47 mod.depth   83 inserts   2634098 dups    953035 size   1681063 hash fail 1061639 hash buckets 1572459
 361s visitime   30.47s generated nodes  18339147 nodes/sec   50795 cur h   50 mod.depth   65 inserts   2638810 dups    954501 size   1684309 hash fail 1063435 hash buckets 1575375
 362s visitime   30.63s generated nodes  18374223 nodes/sec   50740 cur h   58 mod.depth   55 inserts   2643536 dups    956048 size   1687488 hash fail 1065325 hash buckets 1578211
 363s visitime   30.84s generated nodes  18409326 nodes/sec   50679 cur h   56 mod.depth   57 inserts   2648523 dups    957742 size   1690781 hash fail 1067321 hash buckets 1581202
 364s visitime   31.03s generated nodes  18444386 nodes/sec   50618 cur h   55 mod.depth   65 inserts   2653269 dups    959322 size   1693947 hash fail 1069285 hash buckets 1583984
 365s visitime   31.20s generated nodes  18479456 nodes/sec   50559 cur h   34 mod.depth  114 inserts   2657797 dups    960734 size   1697063 hash fail 1070961 hash buckets 1586836
 366s visitime   31.36s generated nodes  18514532 nodes/sec   50509 cur h   54 mod.depth   50 inserts   2662229 dups    962108 size   1700121 hash fail 1072695 hash buckets 1589534
 367s visitime   31.51s generated nodes  18554604 nodes/sec   50462 cur h   55 mod.depth   73 inserts   2667495 dups    963867 size   1703628 hash fail 1074783 hash buckets 1592712
 368s visitime   31.67s generated nodes  18594693 nodes/sec   50419 cur h   57 mod.depth   48 inserts   2672654 dups    965457 size   1707197 hash fail 1076735 hash buckets 1595919
 369s visitime   31.83s generated nodes  18634832 nodes/sec   50380 cur h   51 mod.depth   77 inserts   2677632 dups    966960 size   1710672 hash fail 1078627 hash buckets 1599005
 370s visitime   31.99s generated nodes  18674889 nodes/sec   50339 cur h   67 mod.depth   38 inserts   2682951 dups    968656 size   1714295 hash fail 1080671 hash buckets 1602280
 372s visitime   32.17s generated nodes  18710064 nodes/sec   50277 cur h   47 mod.depth   75 inserts   2688037 dups    970584 size   1717453 hash fail 1082967 hash buckets 1605070
 373s visitime   32.30s generated nodes  18745171 nodes/sec   50235 cur h   63 mod.depth   46 inserts   2692773 dups    972210 size   1720563 hash fail 1084920 hash buckets 1607853
 374s visitime   32.47s generated nodes  18780322 nodes/sec   50179 cur h   49 mod.depth   76 inserts   2697659 dups    973926 size   1723733 hash fail 1087006 hash buckets 1610653
 375s visitime   32.65s generated nodes  18815383 nodes/sec   50123 cur h   69 mod.depth   34 inserts   2702627 dups    975709 size   1726918 hash fail 1089091 hash buckets 1613536
 376s visitime   32.80s generated nodes  18850480 nodes/sec   50074 cur h   46 mod.depth   75 inserts   2707770 dups    977478 size   1730292 hash fail 1091233 hash buckets 1616537
 377s visitime   32.97s generated nodes  18885527 nodes/sec   50015 cur h   56 mod.depth   53 inserts   2712459 dups    979101 size   1733358 hash fail 1093159 hash buckets 1619300
 378s visitime   33.16s generated nodes  18920608 nodes/sec   49958 cur h   43 mod.depth   96 inserts   2718199 dups    981471 size   1736728 hash fail 1095886 hash buckets 1622313
 379s visitime   33.32s generated nodes  18955654 nodes/sec   49906 cur h   56 mod.depth   48 inserts   2723053 dups    983051 size   1740002 hash fail 1097827 hash buckets 1625226
 380s visitime   33.49s generated nodes  18990718 nodes/sec   49856 cur h   49 mod.depth   80 inserts   2728211 dups    984948 size   1743263 hash fail 1100062 hash buckets 1628149
 382s visitime   33.65s generated nodes  19025776 nodes/sec   49802 cur h   66 mod.depth   38 inserts   2733121 dups    986613 size   1746508 hash fail 1102082 hash buckets 1631039
 383s visitime   33.82s generated nodes  19060831 nodes/sec   49749 cur h   49 mod.depth   77 inserts   2737992 dups    988365 size   1749627 hash fail 1104203 hash buckets 1633789
 384s visitime   33.97s generated nodes  19095933 nodes/sec   49707 cur h   40 mod.depth   87 inserts   2742929 dups    990249 size   1752680 hash fail 1106428 hash buckets 1636501
 385s visitime   34.13s generated nodes  19131007 nodes/sec   49664 cur h   65 mod.depth   40 inserts   2748229 dups    992370 size   1755859 hash fail 1108901 hash buckets 1639328
 386s visitime   34.27s generated nodes  19166105 nodes/sec   49621 cur h   48 mod.depth   88 inserts   2753568 dups    994565 size   1759003 hash fail 1111587 hash buckets 1641981
 387s visitime   34.42s generated nodes  19201144 nodes/sec   49567 cur h   53 mod.depth   62 inserts   2758439 dups    996171 size   1762268 hash fail 1113541 hash buckets 1644898
 388s visitime   34.60s generated nodes  19236196 nodes/sec   49511 cur h   56 mod.depth   57 inserts   2763887 dups    998232 size   1765655 hash fail 1115965 hash buckets 1647922
 389s visitime   34.80s generated nodes  19271273 nodes/sec   49455 cur h   61 mod.depth   49 inserts   2769148 dups   1000178 size   1768970 hash fail 1118261 hash buckets 1650887
 390s visitime   34.95s generated nodes  19306353 nodes/sec   49410 cur h   59 mod.depth   44 inserts   2773704 dups   1001570 size   1772134 hash fail 1120006 hash buckets 1653698
 391s visitime   35.01s generated nodes  19351410 nodes/sec   49388 cur h   50 mod.depth   74 inserts   2781229 dups   1004829 size   1776400 hash fail 1123888 hash buckets 1657341
 392s visitime   35.11s generated nodes  19391500 nodes/sec   49355 cur h   42 mod.depth   80 inserts   2787213 dups   1007147 size   1780066 hash fail 1126694 hash buckets 1660519
 393s visitime   35.29s generated nodes  19426613 nodes/sec   49306 cur h   64 mod.depth   43 inserts   2792236 dups   1009078 size   1783158 hash fail 1128985 hash buckets 1663251
 395s visitime   35.44s generated nodes  19461707 nodes/sec   49266 cur h   59 mod.depth   52 inserts   2797914 dups   1011259 size   1786655 hash fail 1131611 hash buckets 1666303
 396s visitime   35.61s generated nodes  19496836 nodes/sec   49220 cur h   45 mod.depth   90 inserts   2802836 dups   1013082 size   1789754 hash fail 1133767 hash buckets 1669069
 397s visitime   35.78s generated nodes  19526884 nodes/sec   49165 cur h   63 mod.depth   44 inserts   2807630 dups   1015026 size   1792604 hash fail 1136018 hash buckets 1671612
 398s visitime   35.96s generated nodes  19561935 nodes/sec   49122 cur h   44 mod.depth   80 inserts   2812614 dups   1016877 size   1795737 hash fail 1138249 hash buckets 1674365
 399s visitime   36.12s generated nodes  19597047 nodes/sec   49075 cur h   53 mod.depth   59 inserts   2817696 dups   1018913 size   1798783 hash fail 1140654 hash buckets 1677042
 400s visitime   36.29s generated nodes  19632110 nodes/sec   49026 cur h   48 mod.depth   81 inserts   2822727 dups   1020843 size   1801884 hash fail 1143053 hash buckets 1679674
 401s visitime   36.47s generated nodes  19667173 nodes/sec   48975 cur h   53 mod.depth   71 inserts   2827959 dups   1022769 size   1805190 hash fail 1145322 hash buckets 1682637
 402s visitime   36.64s generated nodes  19702208 nodes/sec   48927 cur h   50 mod.depth   74 inserts   2832845 dups   1024623 size   1808222 hash fail 1147521 hash buckets 1685324
 403s visitime   36.83s generated nodes  19737332 nodes/sec   48876 cur h   56 mod.depth   57 inserts   2838190 dups   1026875 size   1811315 hash fail 1150105 hash buckets 1688085
 404s visitime   37.01s generated nodes  19772420 nodes/sec   48828 cur h   31 mod.depth  116 inserts   2843371 dups   1028752 size   1814619 hash fail 1152313 hash buckets 1691058
 405s visitime   37.16s generated nodes  19807461 nodes/sec   48791 cur h   67 mod.depth   44 inserts   2848475 dups   1030610 size   1817865 hash fail 1154588 hash buckets 1693887
 407s visitime   37.32s generated nodes  19847511 nodes/sec   48751 cur h   55 mod.depth   51 inserts   2854301 dups   1032493 size   1821808 hash fail 1157321 hash buckets 1696980
 408s visitime   37.48s generated nodes  19882615 nodes/sec   48706 cur h   47 mod.depth   83 inserts   2859896 dups   1034863 size   1825033 hash fail 1160045 hash buckets 1699851
 409s visitime   37.64s generated nodes  19917753 nodes/sec   48672 cur h   47 mod.depth   87 inserts   2865832 dups   1037691 size   1828141 hash fail 1163379 hash buckets 1702453
 410s visitime   37.81s generated nodes  19957860 nodes/sec   48634 cur h   46 mod.depth   81 inserts   2871607 dups   1039637 size   1831970 hash fail 1165733 hash buckets 1705874
 411s visitime   37.94s generated nodes  20002951 nodes/sec   48614 cur h   50 mod.depth   74 inserts   2877982 dups   1042303 size   1835679 hash fail 1168842 hash buckets 1709140
 412s visitime   38.10s generated nodes  20038002 nodes/sec   48578 cur h   60 mod.depth   54 inserts   2883166 dups   1044220 size   1838946 hash fail 1171149 hash buckets 1712017
 413s visitime   38.26s generated nodes  20073067 nodes/sec   48537 cur h   45 mod.depth   82 inserts   2887948 dups   1045853 size   1842095 hash fail 1173118 hash buckets 1714830
 414s visitime   38.41s generated nodes  20108126 nodes/sec   48501 cur h   51 mod.depth   85 inserts   2892714 dups   1047501 size   1845213 hash fail 1175155 hash buckets 1717559
 415s visitime   38.58s generated nodes  20143177 nodes/sec   48463 cur h   68 mod.depth   38 inserts   2897877 dups   1049321 size   1848556 hash fail 1177346 hash buckets 1720531
 416s visitime   38.75s generated nodes  20178284 nodes/sec   48417 cur h   60 mod.depth   52 inserts   2903238 dups   1051501 size   1851737 hash fail 1179924 hash buckets 1723314
 417s visitime   38.92s generated nodes  20213339 nodes/sec   48373 cur h   54 mod.depth   82 inserts   2908091 dups   1053261 size   1854830 hash fail 1182018 hash buckets 1726073
 418s visitime   39.07s generated nodes  20248413 nodes/sec   48336 cur h   52 mod.depth   75 inserts   2912898 dups   1055105 size   1857793 hash fail 1184210 hash buckets 1728688
 419s visitime   39.23s generated nodes  20278496 nodes/sec   48291 cur h   54 mod.depth   75 inserts   2917515 dups   1056927 size   1860588 hash fail 1186380 hash buckets 1731135
 420s visitime   39.40s generated nodes  20313578 nodes/sec   48259 cur h   51 mod.depth   55 inserts   2922369 dups   1058717 size   1863652 hash fail 1188508 hash buckets 1733861
 421s visitime   39.56s generated nodes  20348665 nodes/sec   48222 cur h   39 mod.depth   98 inserts   2927483 dups   1060619 size   1866864 hash fail 1190805 hash buckets 1736678
 423s visitime   39.74s generated nodes  20378690 nodes/sec   48166 cur h   38 mod.depth  105 inserts   2932093 dups   1062477 size   1869616 hash fail 1192993 hash buckets 1739100
 424s visitime   39.93s generated nodes  20408791 nodes/sec   48113 cur h   52 mod.depth   63 inserts   2936669 dups   1064254 size   1872415 hash fail 1195078 hash buckets 1741591
 425s visitime   40.11s generated nodes  20438872 nodes/sec   48070 cur h   53 mod.depth   51 inserts   2941329 dups   1066122 size   1875207 hash fail 1197301 hash buckets 1744028
 426s visitime   40.26s generated nodes  20473960 nodes/sec   48032 cur h   55 mod.depth   67 inserts   2946740 dups   1068458 size   1878282 hash fail 1199964 hash buckets 1746776
 427s visitime   40.45s generated nodes  20509065 nodes/sec   47994 cur h   38 mod.depth   92 inserts   2952484 dups   1071002 size   1881482 hash fail 1202923 hash buckets 1749561
 428s visitime   40.58s generated nodes  20544166 nodes/sec   47957 cur h   53 mod.depth   66 inserts   2957724 dups   1073475 size   1884249 hash fail 1205722 hash buckets 1752002
 429s visitime   40.74s generated nodes  20584295 nodes/sec   47926 cur h   71 mod.depth   29 inserts   2963563 dups   1075679 size   1887884 hash fail 1208451 hash buckets 1755112
 430s visitime   40.90s generated nodes  20614363 nodes/sec   47853 cur h   56 mod.depth   71 inserts   2968130 dups   1077427 size   1890703 hash fail 1210520 hash buckets 1757610
 431s visitime   41.07s generated nodes  20649427 nodes/sec   47814 cur h   42 mod.depth   77 inserts   2973094 dups   1079306 size   1893788 hash fail 1212788 hash buckets 1760306
 432s visitime   41.25s generated nodes  20684505 nodes/sec   47770 cur h   37 mod.depth  111 inserts   2978634 dups   1081647 size   1896987 hash fail 1215500 hash buckets 1763134
 434s visitime   41.43s generated nodes  20714527 nodes/sec   47723 cur h   62 mod.depth   55 inserts   2983248 dups   1083523 size   1899725 hash fail 1217664 hash buckets 1765584
 435s visitime   41.60s generated nodes  20749625 nodes/sec   47691 cur h   60 mod.depth   41 inserts   2988430 dups   1085376 size   1903054 hash fail 1220018 hash buckets 1768412
 436s visitime   41.75s generated nodes  20784698 nodes/sec   47660 cur h   43 mod.depth   99 inserts   2993641 dups   1087149 size   1906492 hash fail 1222224 hash buckets 1771417
 437s visitime   41.89s generated nodes  20829744 nodes/sec   47641 cur h   55 mod.depth   68 inserts   3000135 dups   1089949 size   1910186 hash fail 1225583 hash buckets 1774552
 438s visitime   42.05s generated nodes  20864784 nodes/sec   47607 cur h   43 mod.depth   94 inserts   3005104 dups   1091798 size   1913306 hash fail 1227947 hash buckets 1777157
 439s visitime   42.22s generated nodes  20899831 nodes/sec   47567 cur h   40 mod.depth   96 inserts   3010453 dups   1093868 size   1916585 hash fail 1230392 hash buckets 1780061
 440s visitime   42.40s generated nodes  20934882 nodes/sec   47529 cur h   62 mod.depth   48 inserts   3016003 dups   1096150 size   1919853 hash fail 1233093 hash buckets 1782910
 441s visitime   42.54s generated nodes  20969946 nodes/sec   47498 cur h   68 mod.depth   33 inserts   3021020 dups   1098135 size   1922885 hash fail 1235448 hash buckets 1785572
 442s visitime   42.72s generated nodes  21004991 nodes/sec   47462 cur h   42 mod.depth   90 inserts   3026651 dups   1100381 size   1926270 hash fail 1238157 hash buckets 1788494
 443s visitime   42.88s generated nodes  21030047 nodes/sec   47393 cur h   48 mod.depth   81 inserts   3030847 dups   1102150 size   1928697 hash fail 1240187 hash buckets 1790660
 445s visitime   43.01s generated nodes  21055088 nodes/sec   47307 cur h   60 mod.depth   49 inserts   3034746 dups   1103797 size   1930949 hash fail 1242098 hash buckets 1792648
 446s visitime   43.11s generated nodes  21075123 nodes/sec   47244 cur h   52 mod.depth   66 inserts   3037916 dups   1105146 size   1932770 hash fail 1243678 hash buckets 1794238
 447s visitime   43.22s generated nodes  21095161 nodes/sec   47182 cur h   56 mod.depth   58 inserts   3040834 dups   1106268 size   1934566 hash fail 1245028 hash buckets 1795806
 448s visitime   43.39s generated nodes  21130244 nodes/sec   47139 cur h   32 mod.depth  109 inserts   3046605 dups   1108817 size   1937788 hash fail 1247963 hash buckets 1798642
 449s visitime   43.56s generated nodes  21160280 nodes/sec   47099 cur h   65 mod.depth   38 inserts   3051511 dups   1110803 size   1940708 hash fail 1250284 hash buckets 1801227
 450s visitime   43.75s generated nodes  21190341 nodes/sec   47046 cur h   42 mod.depth   90 inserts   3056438 dups   1112746 size   1943692 hash fail 1252614 hash buckets 1803824
 451s visitime   43.94s generated nodes  21225375 nodes/sec   47003 cur h   49 mod.depth   69 inserts   3061796 dups   1114868 size   1946928 hash fail 1255200 hash buckets 1806596
 452s visitime   44.14s generated nodes  21260440 nodes/sec   46961 cur h   48 mod.depth   64 inserts   3067393 dups   1117137 size   1950256 hash fail 1257846 hash buckets 1809547
 453s visitime   44.32s generated nodes  21295528 nodes/sec   46922 cur h   57 mod.depth   54 inserts   3072834 dups   1119443 size   1953391 hash fail 1260605 hash buckets 1812229
 455s visitime   44.53s generated nodes  21330658 nodes/sec   46877 cur h   55 mod.depth   60 inserts   3078860 dups   1122218 size   1956642 hash fail 1263889 hash buckets 1814971
 456s visitime   44.71s generated nodes  21365732 nodes/sec   46835 cur h   57 mod.depth   56 inserts   3084254 dups   1124410 size   1959844 hash fail 1266454 hash buckets 1817800
 457s visitime   44.87s generated nodes  21400768 nodes/sec   46801 cur h   53 mod.depth   71 inserts   3089445 dups   1126603 size   1962842 hash fail 1269001 hash buckets 1820444
 458s visitime   45.03s generated nodes  21430791 nodes/sec   46764 cur h   57 mod.depth   53 inserts   3093840 dups   1128423 size   1965417 hash fail 1271136 hash buckets 1822704
 459s visitime   45.21s generated nodes  21465891 nodes/sec   46728 cur h   46 mod.depth   76 inserts   3099229 dups   1130746 size   1968483 hash fail 1273841 hash buckets 1825388
 460s visitime   45.36s generated nodes  21505973 nodes/sec   46700 cur h   51 mod.depth   73 inserts   3105945 dups   1133796 size   1972149 hash fail 1277360 hash buckets 1828585
 461s visitime   45.55s generated nodes  21541099 nodes/sec   46662 cur h   38 mod.depth   94 inserts   3111472 dups   1136029 size   1975443 hash fail 1280054 hash buckets 1831418
 462s visitime   45.73s generated nodes  21576229 nodes/sec   46625 cur h   56 mod.depth   69 inserts   3116677 dups   1138115 size   1978562 hash fail 1282512 hash buckets 1834165
 463s visitime   45.90s generated nodes  21606287 nodes/sec   46584 cur h   55 mod.depth   67 inserts   3121563 dups   1140165 size   1981398 hash fail 1284903 hash buckets 1836660
 464s visitime   46.06s generated nodes  21636472 nodes/sec   46547 cur h   40 mod.depth   88 inserts   3126103 dups   1141992 size   1984111 hash fail 1287091 hash buckets 1839012
 465s visitime   46.26s generated nodes  21671533 nodes/sec   46507 cur h   49 mod.depth   71 inserts   3131549 dups   1144170 size   1987379 hash fail 1289649 hash buckets 1841900
 467s visitime   46.43s generated nodes  21701581 nodes/sec   46463 cur h   50 mod.depth   70 inserts   3136275 dups   1146120 size   1990155 hash fail 1291963 hash buckets 1844312
 468s visitime   46.58s generated nodes  21741718 nodes/sec   46437 cur h   66 mod.depth   43 inserts   3142485 dups   1149056 size   1993429 hash fail 1295345 hash buckets 1847140
 469s visitime   46.74s generated nodes  21771787 nodes/sec   46401 cur h   45 mod.depth   92 inserts   3147368 dups   1151140 size   1996228 hash fail 1297813 hash buckets 1849555
 470s visitime   46.91s generated nodes  21801862 nodes/sec   46364 cur h   51 mod.depth   76 inserts   3152465 dups   1153285 size   1999180 hash fail 1300390 hash buckets 1852075
 471s visitime   47.14s generated nodes  21831928 nodes/sec   46305 cur h   46 mod.depth   71 inserts   3157691 dups   1155608 size   2002083 hash fail 1303079 hash buckets 1854612
 472s visitime   47.33s generated nodes  21857012 nodes/sec   46248 cur h   56 mod.depth   56 inserts   3161993 dups   1157568 size   2004425 hash fail 1305386 hash buckets 1856607
 473s visitime   47.52s generated nodes  21882056 nodes/sec   46201 cur h   41 mod.depth   93 inserts   3166000 dups   1159203 size   2006797 hash fail 1307322 hash buckets 1858678
 474s visitime   47.71s generated nodes  21912092 nodes/sec   46154 cur h   54 mod.depth   63 inserts   3170946 dups   1161184 size   2009762 hash fail 1309710 hash buckets 1861236
 475s visitime   47.80s generated nodes  21962227 nodes/sec   46157 cur h   53 mod.depth   71 inserts   3178048 dups   1164145 size   2013903 hash fail 1313203 hash buckets 1864845
 476s visitime   47.98s generated nodes  21997299 nodes/sec   46126 cur h   65 mod.depth   43 inserts   3183783 dups   1166645 size   2017138 hash fail 1316151 hash buckets 1867632
 478s visitime   48.11s generated nodes  22037345 nodes/sec   46101 cur h   49 mod.depth   75 inserts   3189903 dups   1169481 size   2020422 hash fail 1319422 hash buckets 1870481
 479s visitime   48.31s generated nodes  22067472 nodes/sec   46057 cur h   53 mod.depth   67 inserts   3195136 dups   1171842 size   2023294 hash fail 1322221 hash buckets 1872915
 480s visitime   48.49s generated nodes  22097573 nodes/sec   46012 cur h   43 mod.depth   88 inserts   3200193 dups   1174130 size   2026063 hash fail 1324923 hash buckets 1875270
 481s visitime   48.62s generated nodes  22132637 nodes/sec   45984 cur h   59 mod.depth   52 inserts   3205716 dups   1176463 size   2029253 hash fail 1327734 hash buckets 1877982
 482s visitime   48.81s generated nodes  22162794 nodes/sec   45942 cur h   41 mod.depth   83 inserts   3210297 dups   1178319 size   2031978 hash fail 1329959 hash buckets 1880338
 483s visitime   48.99s generated nodes  22192843 nodes/sec   45895 cur h   53 mod.depth   65 inserts   3214920 dups   1180055 size   2034865 hash fail 1332069 hash buckets 1882851
 484s visitime   49.21s generated nodes  22217915 nodes/sec   45840 cur h   53 mod.depth   73 inserts   3219124 dups   1181887 size   2037237 hash fail 1334202 hash buckets 1884922
 485s visitime   49.40s generated nodes  22242991 nodes/sec   45793 cur h   40 mod.depth   94 inserts   3223400 dups   1183652 size   2039748 hash fail 1336388 hash buckets 1887012
 486s visitime   49.58s generated nodes  22273071 nodes/sec   45758 cur h   68 mod.depth   39 inserts   3228267 dups   1185520 size   2042747 hash fail 1338674 hash buckets 1889593
 487s visitime   49.75s generated nodes  22308108 nodes/sec   45724 cur h   49 mod.depth   56 inserts   3232589 dups   1186718 size   2045871 hash fail 1340303 hash buckets 1892286
 489s visitime   49.92s generated nodes  22343227 nodes/sec   45691 cur h   61 mod.depth   49 inserts   3237185 dups   1188284 size   2048901 hash fail 1342224 hash buckets 1894961
 490s visitime   50.08s generated nodes  22378303 nodes/sec   45664 cur h   32 mod.depth  100 inserts   3241440 dups   1189636 size   2051804 hash fail 1343912 hash buckets 1897528
 491s visitime   50.22s generated nodes  22413380 nodes/sec   45638 cur h   54 mod.depth   63 inserts   3246584 dups   1191612 size   2054972 hash fail 1346281 hash buckets 1900303
 492s visitime   50.39s generated nodes  22448450 nodes/sec   45608 cur h   57 mod.depth   58 inserts   3250902 dups   1192774 size   2058128 hash fail 1347865 hash buckets 1903037
 493s visitime   50.55s generated nodes  22478526 nodes/sec   45572 cur h   59 mod.depth   55 inserts   3254818 dups   1194134 size   2060684 hash fail 1349529 hash buckets 1905289
 494s visitime   50.73s generated nodes  22513600 nodes/sec   45540 cur h   41 mod.depth   89 inserts   3259118 dups   1195358 size   2063760 hash fail 1351140 hash buckets 1907978
 495s visitime   50.83s generated nodes  22558736 nodes/sec   45533 cur h   61 mod.depth   62 inserts   3264586 dups   1196924 size   2067662 hash fail 1353235 hash buckets 1911351
 496s visitime   50.97s generated nodes  22598863 nodes/sec   45513 cur h   48 mod.depth   88 inserts   3269930 dups   1198811 size   2071119 hash fail 1355566 hash buckets 1914364
 497s visitime   51.15s generated nodes  22638945 nodes/sec   45487 cur h   68 mod.depth   37 inserts   3274760 dups   1200070 size   2074690 hash fail 1357257 hash buckets 1917503
 498s visitime   51.33s generated nodes  22668970 nodes/sec   45448 cur h   61 mod.depth   50 inserts   3278508 dups   1201138 size   2077370 hash fail 1358670 hash buckets 1919838
 499s visitime   51.49s generated nodes  22704041 nodes/sec   45421 cur h   43 mod.depth   96 inserts   3282552 dups   1202278 size   2080274 hash fail 1360194 hash buckets 1922358
 500s visitime   51.67s generated nodes  22739106 nodes/sec   45388 cur h   55 mod.depth   62 inserts   3287558 dups   1204100 size   2083458 hash fail 1362426 hash buckets 1925132
 502s visitime   51.82s generated nodes  22774160 nodes/sec   45361 cur h   49 mod.depth   59 inserts   3292125 dups   1205873 size   2086252 hash fail 1364556 hash buckets 1927569
 503s visitime   51.99s generated nodes  22809241 nodes/sec   45334 cur h   60 mod.depth   62 inserts   3296753 dups   1207315 size   2089438 hash fail 1366357 hash buckets 1930396
 504s visitime   52.17s generated nodes  22844368 nodes/sec   45301 cur h   51 mod.depth   85 inserts   3301507 dups   1208887 size   2092620 hash fail 1368417 hash buckets 1933090
 505s visitime   52.31s generated nodes  22889493 nodes/sec   45289 cur h   60 mod.depth   52 inserts   3307342 dups   1211455 size   2095887 hash fail 1371332 hash buckets 1936010
 506s visitime   52.45s generated nodes  22924579 nodes/sec   45268 cur h   51 mod.depth   78 inserts   3311958 dups   1212886 size   2099072 hash fail 1373154 hash buckets 1938804
 507s visitime   52.60s generated nodes  22954667 nodes/sec   45237 cur h   59 mod.depth   47 inserts   3315799 dups   1214005 size   2101794 hash fail 1374649 hash buckets 1941150
 508s visitime   52.75s generated nodes  22989734 nodes/sec   45207 cur h   55 mod.depth   52 inserts   3320404 dups   1215639 size   2104765 hash fail 1376625 hash buckets 1943779
 509s visitime   52.87s generated nodes  23024818 nodes/sec   45186 cur h   56 mod.depth   70 inserts   3324704 dups   1216945 size   2107759 hash fail 1378316 hash buckets 1946388
 510s visitime   53.03s generated nodes  23054860 nodes/sec   45149 cur h   45 mod.depth   76 inserts   3328520 dups   1218156 size   2110364 hash fail 1379848 hash buckets 1948672
 511s visitime   53.22s generated nodes  23089901 nodes/sec   45117 cur h   41 mod.depth   85 inserts   3333114 dups   1219613 size   2113501 hash fail 1381719 hash buckets 1951395
 512s visitime   53.40s generated nodes  23119946 nodes/sec   45084 cur h   53 mod.depth   65 inserts   3336841 dups   1220713 size   2116128 hash fail 1383174 hash buckets 1953667
 513s visitime   53.58s generated nodes  23149961 nodes/sec   45054 cur h   43 mod.depth   83 inserts   3340525 dups   1221833 size   2118692 hash fail 1384627 hash buckets 1955898
 514s visitime   53.71s generated nodes  23195053 nodes/sec   45043 cur h   55 mod.depth   61 inserts   3346418 dups   1224256 size   2122162 hash fail 1387514 hash buckets 1958904
 516s visitime   53.89s generated nodes  23230136 nodes/sec   45012 cur h   54 mod.depth   71 inserts   3350907 dups   1225713 size   2125194 hash fail 1389352 hash buckets 1961555
 517s visitime   54.03s generated nodes  23265188 nodes/sec   44989 cur h   68 mod.depth   37 inserts   3355255 dups   1226963 size   2128292 hash fail 1390991 hash buckets 1964264
 518s visitime   54.22s generated nodes  23300290 nodes/sec   44957 cur h   51 mod.depth   71 inserts   3359976 dups   1228575 size   2131401 hash fail 1393051 hash buckets 1966925
 519s visitime   54.40s generated nodes  23335320 nodes/sec   44925 cur h   56 mod.depth   66 inserts   3364384 dups   1230049 size   2134335 hash fail 1394903 hash buckets 1969481
 520s visitime   54.56s generated nodes  23365350 nodes/sec   44892 cur h   49 mod.depth   73 inserts   3368313 dups   1231278 size   2137035 hash fail 1396479 hash buckets 1971834
 521s visitime   54.75s generated nodes  23395383 nodes/sec   44858 cur h   64 mod.depth   45 inserts   3372162 dups   1232420 size   2139742 hash fail 1397921 hash buckets 1974241
 522s visitime   54.92s generated nodes  23425489 nodes/sec   44826 cur h   63 mod.depth   47 inserts   3376165 dups   1233796 size   2142369 hash fail 1399618 hash buckets 1976547
 523s visitime   55.10s generated nodes  23460602 nodes/sec   44798 cur h   54 mod.depth   54 inserts   3380638 dups   1235212 size   2145426 hash fail 1401416 hash buckets 1979222
 524s visitime   55.26s generated nodes  23495684 nodes/sec   44771 cur h   57 mod.depth   57 inserts   3385345 dups   1236747 size   2148598 hash fail 1403309 hash buckets 1982036
 525s visitime   55.41s generated nodes  23525752 nodes/sec   44743 cur h   39 mod.depth   89 inserts   3389249 dups   1238171 size   2151078 hash fail 1405055 hash buckets 1984194
 526s visitime   55.55s generated nodes  23565854 nodes/sec   44726 cur h   53 mod.depth   71 inserts   3394762 dups   1240722 size   2154040 hash fail 1407989 hash buckets 1986773
 527s visitime   55.73s generated nodes  23595954 nodes/sec   44694 cur h   54 mod.depth   63 inserts   3398769 dups   1241971 size   2156798 hash fail 1409621 hash buckets 1989148
 528s visitime   55.90s generated nodes  23620991 nodes/sec   44656 cur h   62 mod.depth   48 inserts   3402255 dups   1243103 size   2159152 hash fail 1411102 hash buckets 1991153
 530s visitime   56.11s generated nodes  23651058 nodes/sec   44619 cur h   55 mod.depth   62 inserts   3406156 dups   1244440 size   2161716 hash fail 1412770 hash buckets 1993386
 531s visitime   56.28s generated nodes  23686117 nodes/sec   44594 cur h   47 mod.depth   64 inserts   3410769 dups   1245876 size   2164893 hash fail 1414624 hash buckets 1996145
 532s visitime   56.45s generated nodes  23721145 nodes/sec   44567 cur h   50 mod.depth   78 inserts   3415190 dups   1247261 size   2167929 hash fail 1416416 hash buckets 1998774
 533s visitime   56.63s generated nodes  23751205 nodes/sec   44534 cur h   44 mod.depth   88 inserts   3419467 dups   1248798 size   2170669 hash fail 1418332 hash buckets 2001135
 534s visitime   56.83s generated nodes  23786264 nodes/sec   44499 cur h   48 mod.depth   73 inserts   3424281 dups   1250576 size   2173705 hash fail 1420607 hash buckets 2003674
 535s visitime   57.03s generated nodes  23816320 nodes/sec   44465 cur h   43 mod.depth   89 inserts   3428019 dups   1251711 size   2176308 hash fail 1422074 hash buckets 2005945
 536s visitime   57.18s generated nodes  23851377 nodes/sec   44441 cur h   46 mod.depth   74 inserts   3432533 dups   1253124 size   2179409 hash fail 1423887 hash buckets 2008646
 537s visitime   57.36s generated nodes  23886443 nodes/sec   44415 cur h   70 mod.depth   34 inserts   3437720 dups   1255202 size   2182518 hash fail 1426521 hash buckets 2011199
 538s visitime   57.53s generated nodes  23921496 nodes/sec   44393 cur h   69 mod.depth   38 inserts   3442345 dups   1256575 size   2185770 hash fail 1428322 hash buckets 2014023
 539s visitime   57.70s generated nodes  23951592 nodes/sec   44363 cur h   59 mod.depth   55 inserts   3446460 dups   1257995 size   2188465 hash fail 1430064 hash buckets 2016396
 541s visitime   57.88s generated nodes  23981682 nodes/sec   44325 cur h   55 mod.depth   72 inserts   3450765 dups   1259536 size   2191229 hash fail 1431925 hash buckets 2018840
 542s visitime   58.06s generated nodes  24011755 nodes/sec   44294 cur h   41 mod.depth   78 inserts   3454838 dups   1260946 size   2193892 hash fail 1433688 hash buckets 2021150
 543s visitime   58.12s generated nodes  24051886 nodes/sec   44286 cur h   49 mod.depth   77 inserts   3460774 dups   1264356 size   2196418 hash fail 1437424 hash buckets 2023350
 544s visitime   58.25s generated nodes  24086970 nodes/sec   44266 cur h   40 mod.depth   89 inserts   3464953 dups   1265657 size   2199296 hash fail 1439095 hash buckets 2025858
 545s visitime   58.43s generated nodes  24122076 nodes/sec   44240 cur h   40 mod.depth   96 inserts   3470082 dups   1267518 size   2202564 hash fail 1441347 hash buckets 2028735
 546s visitime   58.60s generated nodes  24152130 nodes/sec   44213 cur h   56 mod.depth   67 inserts   3474186 dups   1268961 size   2205225 hash fail 1443120 hash buckets 2031066
 547s visitime   58.77s generated nodes  24177184 nodes/sec   44170 cur h   65 mod.depth   42 inserts   3478127 dups   1270359 size   2207768 hash fail 1444844 hash buckets 2033283
 548s visitime   58.97s generated nodes  24202251 nodes/sec   44132 cur h   66 mod.depth   41 inserts   3481381 dups   1271404 size   2209977 hash fail 1446217 hash buckets 2035164
 549s visitime   59.14s generated nodes  24232313 nodes/sec   44103 cur h   75 mod.depth   25 inserts   3485952 dups   1273158 size   2212794 hash fail 1448334 hash buckets 2037618
 550s visitime   59.28s generated nodes  24262412 nodes/sec   44076 cur h   56 mod.depth   69 inserts   3489579 dups   1274310 size   2215269 hash fail 1449844 hash buckets 2039735
 551s visitime   59.48s generated nodes  24287440 nodes/sec   44035 cur h   65 mod.depth   47 inserts   3493026 dups   1275459 size   2217567 hash fail 1451341 hash buckets 2041685
 552s visitime   59.65s generated nodes  24317510 nodes/sec   44009 cur h   49 mod.depth   85 inserts   3496980 dups   1276748 size   2220232 hash fail 1452987 hash buckets 2043993
 553s visitime   59.84s generated nodes  24347564 nodes/sec   43975 cur h   54 mod.depth   72 inserts   3501321 dups   1278296 size   2223025 hash fail 1454884 hash buckets 2046437
 554s visitime   60.04s generated nodes  24372619 nodes/sec   43939 cur h   36 mod.depth  101 inserts   3504738 dups   1279462 size   2225276 hash fail 1456377 hash buckets 2048361
 555s visitime   60.24s generated nodes  24402662 nodes/sec   43908 cur h   53 mod.depth   63 inserts   3509077 dups   1281074 size   2228003 hash fail 1458315 hash buckets 2050762
 556s visitime   60.43s generated nodes  24432716 nodes/sec   43877 cur h   71 mod.depth   30 inserts   3513206 dups   1282591 size   2230615 hash fail 1460178 hash buckets 2053028
 557s visitime   60.64s generated nodes  24462773 nodes/sec   43846 cur h   61 mod.depth   54 inserts   3517400 dups   1284162 size   2233238 hash fail 1462150 hash buckets 2055250
 558s visitime   60.79s generated nodes  24497894 nodes/sec   43824 cur h   55 mod.depth   62 inserts   3523049 dups   1286722 size   2236327 hash fail 1465281 hash buckets 2057768
 560s visitime   61.02s generated nodes  24528004 nodes/sec   43784 cur h   62 mod.depth   49 inserts   3527242 dups   1288149 size   2239093 hash fail 1467072 hash buckets 2060170
 561s visitime   61.20s generated nodes  24558072 nodes/sec   43756 cur h   47 mod.depth   73 inserts   3531341 dups   1289526 size   2241815 hash fail 1468834 hash buckets 2062507
 562s visitime   61.38s generated nodes  24588155 nodes/sec   43731 cur h   55 mod.depth   70 inserts   3535409 dups   1290972 size   2244437 hash fail 1470639 hash buckets 2064770
 563s visitime   61.57s generated nodes  24623221 nodes/sec   43704 cur h   47 mod.depth   68 inserts   3540061 dups   1292584 size   2247477 hash fail 1472669 hash buckets 2067392
 564s visitime   61.76s generated nodes  24658388 nodes/sec   43681 cur h   56 mod.depth   60 inserts   3544645 dups   1294311 size   2250334 hash fail 1474794 hash buckets 2069851
 565s visitime   61.93s generated nodes  24693476 nodes/sec   43657 cur h   48 mod.depth   73 inserts   3549782 dups   1296331 size   2253451 hash fail 1477215 hash buckets 2072567
 566s visitime   62.10s generated nodes  24728553 nodes/sec   43640 cur h   50 mod.depth   79 inserts   3554570 dups   1298017 size   2256553 hash fail 1479390 hash buckets 2075180
 567s visitime   62.29s generated nodes  24763590 nodes/sec   43618 cur h   48 mod.depth   81 inserts   3559454 dups   1299750 size   2259704 hash fail 1481561 hash buckets 2077893
 568s visitime   62.48s generated nodes  24798731 nodes/sec   43601 cur h   51 mod.depth   68 inserts   3564755 dups   1301683 size   2263072 hash fail 1483946 hash buckets 2080809
 569s visitime   62.67s generated nodes  24838798 nodes/sec   43590 cur h   60 mod.depth   64 inserts   3570585 dups   1303831 size   2266754 hash fail 1486536 hash buckets 2084049
 570s visitime   62.86s generated nodes  24878861 nodes/sec   43580 cur h   41 mod.depth   73 inserts   3575748 dups   1305426 size   2270322 hash fail 1488642 hash buckets 2087106
 571s visitime   63.05s generated nodes  24913940 nodes/sec   43565 cur h   45 mod.depth   94 inserts   3581318 dups   1307649 size   2273669 hash fail 1491332 hash buckets 2089986
 572s visitime   63.23s generated nodes  24954044 nodes/sec   43554 cur h   57 mod.depth   68 inserts   3587057 dups   1309850 size   2277207 hash fail 1494075 hash buckets 2092982
 574s visitime   63.44s generated nodes  24989088 nodes/sec   43534 cur h   55 mod.depth   67 inserts   3592066 dups   1311667 size   2280399 hash fail 1496280 hash buckets 2095786
 575s visitime   63.62s generated nodes  25024138 nodes/sec   43518 cur h   60 mod.depth   54 inserts   3596978 dups   1313349 size   2283629 hash fail 1498415 hash buckets 2098563
 576s visitime   63.81s generated nodes  25064244 nodes/sec   43507 cur h   50 mod.depth   70 inserts   3603224 dups   1316134 size   2287090 hash fail 1501725 hash buckets 2101499
 577s visitime   64.00s generated nodes  25099271 nodes/sec   43491 cur h   53 mod.depth   63 inserts   3608271 dups   1318031 size   2290240 hash fail 1504096 hash buckets 2104175
 578s visitime   64.18s generated nodes  25144369 nodes/sec   43483 cur h   48 mod.depth   85 inserts   3614756 dups   1320461 size   2294295 hash fail 1507074 hash buckets 2107682
 579s visitime   64.33s generated nodes  25184439 nodes/sec   43472 cur h   38 mod.depth   96 inserts   3620197 dups   1322722 size   2297475 hash fail 1509752 hash buckets 2110445
 580s visitime   64.50s generated nodes  25224498 nodes/sec   43458 cur h   54 mod.depth   77 inserts   3625924 dups   1325026 size   2300898 hash fail 1512495 hash buckets 2113429
 581s visitime   64.70s generated nodes  25259576 nodes/sec   43436 cur h   41 mod.depth   84 inserts   3630885 dups   1326868 size   2304017 hash fail 1514754 hash buckets 2116131
 582s visitime   64.90s generated nodes  25294667 nodes/sec   43415 cur h   55 mod.depth   61 inserts   3635925 dups   1328761 size   2307164 hash fail 1517080 hash buckets 2118845
 583s visitime   65.06s generated nodes  25334772 nodes/sec   43407 cur h   46 mod.depth   53 inserts   3641664 dups   1330957 size   2310707 hash fail 1519769 hash buckets 2121895
 584s visitime   65.26s generated nodes  25374835 nodes/sec   43397 cur h   60 mod.depth   60 inserts   3647438 dups   1333147 size   2314291 hash fail 1522487 hash buckets 2124951
 585s visitime   65.40s generated nodes  25419906 nodes/sec   43391 cur h   63 mod.depth   46 inserts   3653724 dups   1335545 size   2318179 hash fail 1525405 hash buckets 2128319
 586s visitime   65.59s generated nodes  25459972 nodes/sec   43376 cur h   57 mod.depth   58 inserts   3659876 dups   1338276 size   2321600 hash fail 1528645 hash buckets 2131231
 588s visitime   65.77s generated nodes  25500081 nodes/sec   43365 cur h   55 mod.depth   59 inserts   3665757 dups   1340602 size   2325155 hash fail 1531485 hash buckets 2134272
 589s visitime   65.95s generated nodes  25535179 nodes/sec   43349 cur h   65 mod.depth   42 inserts   3671207 dups   1342690 size   2328517 hash fail 1534002 hash buckets 2137205
 590s visitime   66.14s generated nodes  25575227 nodes/sec   43334 cur h   40 mod.depth   98 inserts   3676725 dups   1344674 size   2332051 hash fail 1536468 hash buckets 2140257
 591s visitime   66.33s generated nodes  25615390 nodes/sec   43325 cur h   65 mod.depth   43 inserts   3682674 dups   1346939 size   2335735 hash fail 1539256 hash buckets 2143418
 592s visitime   66.54s generated nodes  25655513 nodes/sec   43311 cur h   36 mod.depth   93 inserts   3688450 dups   1349110 size   2339340 hash fail 1541969 hash buckets 2146481
 593s visitime   66.73s generated nodes  25695628 nodes/sec   43299 cur h   44 mod.depth   76 inserts   3693880 dups   1351068 size   2342812 hash fail 1544347 hash buckets 2149533
 594s visitime   66.93s generated nodes  25735738 nodes/sec   43283 cur h   48 mod.depth   85 inserts   3699668 dups   1353212 size   2346456 hash fail 1547023 hash buckets 2152645
 595s visitime   67.13s generated nodes  25775833 nodes/sec   43271 cur h   55 mod.depth   72 inserts   3705353 dups   1355204 size   2350149 hash fail 1549573 hash buckets 2155780
 596s visitime   67.30s generated nodes  25810898 nodes/sec   43255 cur h   48 mod.depth   90 inserts   3710987 dups   1357722 size   2353265 hash fail 1552498 hash buckets 2158489
 597s visitime   67.48s generated nodes  25846080 nodes/sec   43242 cur h   51 mod.depth   76 inserts   3715789 dups   1359388 size   2356401 hash fail 1554660 hash buckets 2161129
 598s visitime   67.59s generated nodes  25896194 nodes/sec   43253 cur h   38 mod.depth   99 inserts   3722989 dups   1362799 size   2360190 hash fail 1558592 hash buckets 2164397
 599s visitime   67.77s generated nodes  25941334 nodes/sec   43247 cur h   55 mod.depth   62 inserts   3729815 dups   1365771 size   2364044 hash fail 1562110 hash buckets 2167705
 600s visitime   67.95s generated nodes  25981409 nodes/sec   43234 cur h   42 mod.depth   91 inserts   3735135 dups   1367629 size   2367506 hash fail 1564432 hash buckets 2170703
 602s visitime   68.13s generated nodes  26021515 nodes/sec   43225 cur h   55 mod.depth   68 inserts   3741201 dups   1370245 size   2370956 hash fail 1567493 hash buckets 2173708
 603s visitime   68.34s generated nodes  26056578 nodes/sec   43207 cur h   66 mod.depth   42 inserts   3746241 dups   1372052 size   2374189 hash fail 1569708 hash buckets 2176533
 604s visitime   68.49s generated nodes  26096762 nodes/sec   43199 cur h   62 mod.depth   56 inserts   3752059 dups   1374454 size   2377605 hash fail 1572615 hash buckets 2179444
 605s visitime   68.67s generated nodes  26131847 nodes/sec   43184 cur h   33 mod.depth  104 inserts   3757160 dups   1376359 size   2380801 hash fail 1575020 hash buckets 2182140
 606s visitime   68.87s generated nodes  26166925 nodes/sec   43165 cur h   40 mod.depth  110 inserts   3762394 dups   1378381 size   2384013 hash fail 1577449 hash buckets 2184945
 607s visitime   69.06s generated nodes  26202023 nodes/sec   43148 cur h   57 mod.depth   57 inserts   3768051 dups   1381032 size   2387019 hash fail 1580545 hash buckets 2187506
 608s visitime   69.26s generated nodes  26237090 nodes/sec   43130 cur h   35 mod.depth   99 inserts   3773139 dups   1382945 size   2390194 hash fail 1582907 hash buckets 2190232
 609s visitime   69.47s generated nodes  26272154 nodes/sec   43112 cur h   63 mod.depth   50 inserts   3778664 dups   1385274 size   2393390 hash fail 1585667 hash buckets 2192997
 610s visitime   69.66s generated nodes  26302283 nodes/sec   43089 cur h   61 mod.depth   54 inserts   3783294 dups   1387031 size   2396263 hash fail 1587836 hash buckets 2195458
 611s visitime   69.87s generated nodes  26332403 nodes/sec   43064 cur h   43 mod.depth  102 inserts   3787674 dups   1388547 size   2399127 hash fail 1589818 hash buckets 2197856
 612s visitime   70.08s generated nodes  26362480 nodes/sec   43039 cur h   65 mod.depth   42 inserts   3793095 dups   1391177 size   2401918 hash fail 1592813 hash buckets 2200282
 613s visitime   70.25s generated nodes  26397562 nodes/sec   43025 cur h   47 mod.depth   90 inserts   3797914 dups   1392809 size   2405105 hash fail 1594900 hash buckets 2203014
 614s visitime   70.42s generated nodes  26427643 nodes/sec   43001 cur h   40 mod.depth   81 inserts   3803575 dups   1395602 size   2407973 hash fail 1598147 hash buckets 2205428
 615s visitime   70.51s generated nodes  26467762 nodes/sec   42994 cur h   50 mod.depth   78 inserts   3809429 dups   1398699 size   2410730 hash fail 1601593 hash buckets 2207836
 616s visitime   70.73s generated nodes  26502840 nodes/sec   42971 cur h   58 mod.depth   72 inserts   3814818 dups   1400903 size   2413915 hash fail 1604235 hash buckets 2210583
 617s visitime   70.94s generated nodes  26532891 nodes/sec   42947 cur h   44 mod.depth   92 inserts   3819731 dups   1402958 size   2416773 hash fail 1606696 hash buckets 2213035
 618s visitime   71.14s generated nodes  26563013 nodes/sec   42918 cur h   40 mod.depth  103 inserts   3824740 dups   1405200 size   2419540 hash fail 1609391 hash buckets 2215349
 619s visitime   71.31s generated nodes  26598062 nodes/sec   42900 cur h   61 mod.depth   51 inserts   3829641 dups   1406977 size   2422664 hash fail 1611651 hash buckets 2217990
 621s visitime   71.51s generated nodes  26628142 nodes/sec   42876 cur h   50 mod.depth   79 inserts   3834118 dups   1408732 size   2425386 hash fail 1613806 hash buckets 2220312
 622s visitime   71.72s generated nodes  26658254 nodes/sec   42847 cur h   47 mod.depth   75 inserts   3838491 dups   1410368 size   2428123 hash fail 1615846 hash buckets 2222645
 623s visitime   71.96s generated nodes  26693334 nodes/sec   42820 cur h   43 mod.depth   91 inserts   3844183 dups   1412812 size   2431371 hash fail 1618779 hash buckets 2225404
 624s visitime   72.20s generated nodes  26728404 nodes/sec   42798 cur h   53 mod.depth   73 inserts   3849650 dups   1415068 size   2434582 hash fail 1621536 hash buckets 2228114
 625s visitime   72.43s generated nodes  26763519 nodes/sec   42773 cur h   69 mod.depth   27 inserts   3854935 dups   1417175 size   2437760 hash fail 1624156 hash buckets 2230779
 626s visitime   72.60s generated nodes  26798559 nodes/sec   42754 cur h   56 mod.depth   59 inserts   3860326 dups   1419432 size   2440894 hash fail 1627060 hash buckets 2233266
 627s visitime   72.83s generated nodes  26818588 nodes/sec   42714 cur h   43 mod.depth   96 inserts   3863269 dups   1420596 size   2442673 hash fail 1628450 hash buckets 2234819
 629s visitime   73.11s generated nodes  26843630 nodes/sec   42676 cur h   53 mod.depth   66 inserts   3867432 dups   1422490 size   2444942 hash fail 1630668 hash buckets 2236764
 630s visitime   73.37s generated nodes  26873725 nodes/sec   42643 cur h   46 mod.depth   85 inserts   3871805 dups   1424201 size   2447604 hash fail 1632751 hash buckets 2239054
 631s visitime   73.58s generated nodes  26903798 nodes/sec   42621 cur h   42 mod.depth   90 inserts   3876342 dups   1426006 size   2450336 hash fail 1634972 hash buckets 2241370
 632s visitime   73.78s generated nodes  26938855 nodes/sec   42606 cur h   44 mod.depth   89 inserts   3882021 dups   1428588 size   2453433 hash fail 1637990 hash buckets 2244031
 633s visitime   73.97s generated nodes  26973948 nodes/sec   42594 cur h   43 mod.depth   90 inserts   3887274 dups   1431070 size   2456204 hash fail 1640859 hash buckets 2246415
 634s visitime   74.08s generated nodes  27014016 nodes/sec   42588 cur h   55 mod.depth   69 inserts   3892861 dups   1432884 size   2459977 hash fail 1643186 hash buckets 2249675
 635s visitime   74.19s generated nodes  27059132 nodes/sec   42587 cur h   46 mod.depth   95 inserts   3899019 dups   1435020 size   2463999 hash fail 1645921 hash buckets 2253098
 636s visitime   74.40s generated nodes  27094202 nodes/sec   42568 cur h   47 mod.depth   63 inserts   3904496 dups   1437384 size   2467112 hash fail 1648731 hash buckets 2255765
 637s visitime   74.62s generated nodes  27129284 nodes/sec   42549 cur h   50 mod.depth   59 inserts   3909789 dups   1439447 size   2470342 hash fail 1651306 hash buckets 2258483
 638s visitime   74.82s generated nodes  27164361 nodes/sec   42530 cur h   50 mod.depth   58 inserts   3915252 dups   1441539 size   2473713 hash fail 1653893 hash buckets 2261359
 639s visitime   74.95s generated nodes  27204433 nodes/sec   42526 cur h   43 mod.depth   96 inserts   3920722 dups   1443589 size   2477133 hash fail 1656616 hash buckets 2264106
 640s visitime   75.15s generated nodes  27239506 nodes/sec   42512 cur h   55 mod.depth   56 inserts   3926018 dups   1445779 size   2480239 hash fail 1659306 hash buckets 2266712
 641s visitime   75.34s generated nodes  27269582 nodes/sec   42490 cur h   46 mod.depth   96 inserts   3930789 dups   1447731 size   2483058 hash fail 1661673 hash buckets 2269116
 643s visitime   75.65s generated nodes  27299720 nodes/sec   42442 cur h   48 mod.depth   86 inserts   3935440 dups   1449518 size   2485922 hash fail 1663869 hash buckets 2271571
 644s visitime   75.89s generated nodes  27324750 nodes/sec   42407 cur h   51 mod.depth   84 inserts   3939611 dups   1451438 size   2488173 hash fail 1666100 hash buckets 2273511
 645s visitime   76.10s generated nodes  27354775 nodes/sec   42383 cur h   46 mod.depth   80 inserts   3944189 dups   1453455 size   2490734 hash fail 1668540 hash buckets 2275649
 646s visitime   76.36s generated nodes  27384805 nodes/sec   42355 cur h   52 mod.depth   72 inserts   3949074 dups   1455562 size   2493512 hash fail 1671053 hash buckets 2278021
 647s visitime   76.45s generated nodes  27434872 nodes/sec   42366 cur h   61 mod.depth   52 inserts   3956689 dups   1458946 size   2497743 hash fail 1675050 hash buckets 2281639
 648s visitime   76.52s generated nodes  27510058 nodes/sec   42415 cur h   62 mod.depth   54 inserts   3966843 dups   1462891 size   2503952 hash fail 1680254 hash buckets 2286589
 649s visitime   76.75s generated nodes  27550147 nodes/sec   42398 cur h   58 mod.depth   61 inserts   3973197 dups   1465627 size   2507570 hash fail 1683502 hash buckets 2289695
 650s visitime   77.00s generated nodes  27575235 nodes/sec   42364 cur h   50 mod.depth   68 inserts   3977131 dups   1467279 size   2509852 hash fail 1685477 hash buckets 2291654
 651s visitime   77.20s generated nodes  27605320 nodes/sec   42343 cur h   60 mod.depth   61 inserts   3981832 dups   1469184 size   2512648 hash fail 1687805 hash buckets 2294027
 652s visitime   77.39s generated nodes  27640403 nodes/sec   42331 cur h   46 mod.depth   90 inserts   3987013 dups   1471298 size   2515715 hash fail 1690443 hash buckets 2296570
 654s visitime   77.61s generated nodes  27670458 nodes/sec   42308 cur h   52 mod.depth   58 inserts   3991674 dups   1473168 size   2518506 hash fail 1692685 hash buckets 2298989
 655s visitime   77.78s generated nodes  27705530 nodes/sec   42295 cur h   63 mod.depth   48 inserts   3996882 dups   1475422 size   2521460 hash fail 1695413 hash buckets 2301469
 656s visitime   77.99s generated nodes  27740647 nodes/sec   42278 cur h   46 mod.depth   75 inserts   4002395 dups   1477664 size   2524731 hash fail 1698178 hash buckets 2304217
 657s visitime   78.22s generated nodes  27770738 nodes/sec   42258 cur h   43 mod.depth   83 inserts   4007307 dups   1479566 size   2527741 hash fail 1700511 hash buckets 2306796
 658s visitime   78.42s generated nodes  27800792 nodes/sec   42238 cur h   66 mod.depth   41 inserts   4012261 dups   1481824 size   2530437 hash fail 1703188 hash buckets 2309073
 659s visitime   78.64s generated nodes  27830838 nodes/sec   42218 cur h   55 mod.depth   84 inserts   4016951 dups   1483737 size   2533214 hash fail 1705478 hash buckets 2311473
 660s visitime   78.86s generated nodes  27865912 nodes/sec   42197 cur h   64 mod.depth   48 inserts   4022543 dups   1485974 size   2536569 hash fail 1708185 hash buckets 2314358
 661s visitime   79.07s generated nodes  27900999 nodes/sec   42181 cur h   62 mod.depth   49 inserts   4027948 dups   1488240 size   2539708 hash fail 1711037 hash buckets 2316911
 662s visitime   79.28s generated nodes  27931045 nodes/sec   42158 cur h   58 mod.depth   65 inserts   4032753 dups   1490276 size   2542477 hash fail 1713544 hash buckets 2319209
 663s visitime   79.49s generated nodes  27961161 nodes/sec   42140 cur h   55 mod.depth   58 inserts   4037964 dups   1492866 size   2545098 hash fail 1716519 hash buckets 2321445
 664s visitime   79.70s generated nodes  27991218 nodes/sec   42120 cur h   57 mod.depth   59 inserts   4042631 dups   1494851 size   2547780 hash fail 1718908 hash buckets 2323723
 665s visitime   79.80s generated nodes  28041354 nodes/sec   42132 cur h   52 mod.depth   68 inserts   4050309 dups   1499284 size   2551025 hash fail 1723785 hash buckets 2326524
 666s visitime   80.04s generated nodes  28076519 nodes/sec   42111 cur h   58 mod.depth   65 inserts   4055602 dups   1501445 size   2554157 hash fail 1726413 hash buckets 2329189
 667s visitime   80.23s generated nodes  28111573 nodes/sec   42091 cur h   45 mod.depth   84 inserts   4061014 dups   1503699 size   2557315 hash fail 1729145 hash buckets 2331869
 668s visitime   80.42s generated nodes  28146722 nodes/sec   42080 cur h   48 mod.depth   85 inserts   4066986 dups   1506591 size   2560395 hash fail 1732530 hash buckets 2334456
 669s visitime   80.64s generated nodes  28181827 nodes/sec   42065 cur h   58 mod.depth   66 inserts   4072520 dups   1509037 size   2563483 hash fail 1735504 hash buckets 2337016
 671s visitime   80.85s generated nodes  28216906 nodes/sec   42047 cur h   45 mod.depth   99 inserts   4078184 dups   1511317 size   2566867 hash fail 1738237 hash buckets 2339947
 672s visitime   81.07s generated nodes  28251957 nodes/sec   42029 cur h   44 mod.depth   83 inserts   4083639 dups   1513681 size   2569958 hash fail 1741058 hash buckets 2342581
 673s visitime   81.24s generated nodes  28292063 nodes/sec   42020 cur h   53 mod.depth   72 inserts   4090152 dups   1516183 size   2573969 hash fail 1744222 hash buckets 2345930
 674s visitime   81.45s generated nodes  28322144 nodes/sec   41999 cur h   49 mod.depth   78 inserts   4095081 dups   1518349 size   2576732 hash fail 1746808 hash buckets 2348273
 675s visitime   81.68s generated nodes  28357226 nodes/sec   41980 cur h   44 mod.depth   89 inserts   4101100 dups   1521216 size   2579884 hash fail 1750128 hash buckets 2350972
 676s visitime   81.90s generated nodes  28392322 nodes/sec   41962 cur h   43 mod.depth   89 inserts   4106990 dups   1523618 size   2583372 hash fail 1753098 hash buckets 2353892
 677s visitime   82.13s generated nodes  28427360 nodes/sec   41946 cur h   49 mod.depth   64 inserts   4112594 dups   1526090 size   2586504 hash fail 1756095 hash buckets 2356499
 678s visitime   82.35s generated nodes  28462407 nodes/sec   41926 cur h   42 mod.depth  102 inserts   4118099 dups   1528263 size   2589836 hash fail 1758831 hash buckets 2359268
 679s visitime   82.56s generated nodes  28492457 nodes/sec   41900 cur h   49 mod.depth   70 inserts   4122868 dups   1530266 size   2592602 hash fail 1761246 hash buckets 2361622
 681s visitime   82.80s generated nodes  28522503 nodes/sec   41872 cur h   39 mod.depth   65 inserts   4127727 dups   1532346 size   2595381 hash fail 1763756 hash buckets 2363971
 682s visitime   83.01s generated nodes  28552538 nodes/sec   41852 cur h   53 mod.depth   71 inserts   4132436 dups   1534292 size   2598144 hash fail 1766107 hash buckets 2366329
 683s visitime   83.26s generated nodes  28587598 nodes/sec   41832 cur h   53 mod.depth   56 inserts   4137966 dups   1536405 size   2601561 hash fail 1768743 hash buckets 2369223
 684s visitime   83.46s generated nodes  28622633 nodes/sec   41822 cur h   44 mod.depth   99 inserts   4143486 dups   1538890 size   2604596 hash fail 1771682 hash buckets 2371804
 685s visitime   83.63s generated nodes  28657735 nodes/sec   41808 cur h   51 mod.depth   71 inserts   4148408 dups   1540810 size   2607598 hash fail 1774042 hash buckets 2374366
 686s visitime   83.88s generated nodes  28687794 nodes/sec   41784 cur h   59 mod.depth   62 inserts   4153237 dups   1542837 size   2610400 hash fail 1776506 hash buckets 2376731
 687s visitime   84.12s generated nodes  28717846 nodes/sec   41759 cur h   59 mod.depth   52 inserts   4158078 dups   1544970 size   2613108 hash fail 1779093 hash buckets 2378985
 688s visitime   84.34s generated nodes  28752933 nodes/sec   41742 cur h   60 mod.depth   52 inserts   4163681 dups   1547667 size   2616014 hash fail 1782216 hash buckets 2381465
 689s visitime   84.57s generated nodes  28782995 nodes/sec   41723 cur h   65 mod.depth   43 inserts   4168293 dups   1549636 size   2618657 hash fail 1784571 hash buckets 2383722
 690s visitime   84.81s generated nodes  28813060 nodes/sec   41704 cur h   53 mod.depth   65 inserts   4172933 dups   1551504 size   2621429 hash fail 1786866 hash buckets 2386067
 691s visitime   85.06s generated nodes  28843111 nodes/sec   41683 cur h   51 mod.depth   79 inserts   4178081 dups   1553899 size   2624182 hash fail 1789681 hash buckets 2388400
 693s visitime   85.30s generated nodes  28878193 nodes/sec   41655 cur h   42 mod.depth   63 inserts   4184277 dups   1556940 size   2627337 hash fail 1793167 hash buckets 2391110
 694s visitime   85.53s generated nodes  28908275 nodes/sec   41636 cur h   56 mod.depth   58 inserts   4188957 dups   1558998 size   2629959 hash fail 1795655 hash buckets 2393302
 695s visitime   85.80s generated nodes  28938364 nodes/sec   41612 cur h   47 mod.depth   62 inserts   4194612 dups   1561727 size   2632885 hash fail 1798821 hash buckets 2395791
 696s visitime   86.08s generated nodes  28968427 nodes/sec   41587 cur h   38 mod.depth  100 inserts   4200078 dups   1564279 size   2635799 hash fail 1801857 hash buckets 2398221
 697s visitime   86.22s generated nodes  29023573 nodes/sec   41606 cur h   60 mod.depth   52 inserts   4207410 dups   1567015 size   2640395 hash fail 1805302 hash buckets 2402108
 698s visitime   86.40s generated nodes  29073688 nodes/sec   41613 cur h   37 mod.depth  108 inserts   4214695 dups   1569800 size   2644895 hash fail 1808854 hash buckets 2405841
 699s visitime   86.61s generated nodes  29098772 nodes/sec   41578 cur h   54 mod.depth   74 inserts   4218830 dups   1571622 size   2647208 hash fail 1811066 hash buckets 2407764
 700s visitime   86.83s generated nodes  29133850 nodes/sec   41567 cur h   66 mod.depth   41 inserts   4224111 dups   1573941 size   2650170 hash fail 1813994 hash buckets 2410117
 702s visitime   87.07s generated nodes  29173954 nodes/sec   41557 cur h   34 mod.depth  114 inserts   4229926 dups   1576266 size   2653660 hash fail 1816841 hash buckets 2413085
 703s visitime   87.30s generated nodes  29209001 nodes/sec   41544 cur h   53 mod.depth   71 inserts   4235143 dups   1578425 size   2656718 hash fail 1819493 hash buckets 2415650
 704s visitime   87.56s generated nodes  29234036 nodes/sec   41508 cur h   44 mod.depth   76 inserts   4239489 dups   1580495 size   2658994 hash fail 1821966 hash buckets 2417523
 705s visitime   87.80s generated nodes  29269097 nodes/sec   41491 cur h   61 mod.depth   58 inserts   4243943 dups   1581907 size   2662036 hash fail 1823837 hash buckets 2420106
 706s visitime   88.01s generated nodes  29304180 nodes/sec   41478 cur h   50 mod.depth   78 inserts   4248274 dups   1583350 size   2664924 hash fail 1825720 hash buckets 2422554
 707s visitime   88.20s generated nodes  29339221 nodes/sec   41465 cur h   53 mod.depth   73 inserts   4252909 dups   1584908 size   2668001 hash fail 1827795 hash buckets 2425114
 708s visitime   88.43s generated nodes  29379313 nodes/sec   41455 cur h   51 mod.depth   69 inserts   4257956 dups   1586226 size   2671730 hash fail 1829728 hash buckets 2428228
 709s visitime   88.63s generated nodes  29419377 nodes/sec   41448 cur h   64 mod.depth   54 inserts   4262864 dups   1587712 size   2675152 hash fail 1831712 hash buckets 2431152
 710s visitime   88.84s generated nodes  29454444 nodes/sec   41438 cur h   56 mod.depth   61 inserts   4267035 dups   1588799 size   2678236 hash fail 1833260 hash buckets 2433775
 711s visitime   89.03s generated nodes  29494520 nodes/sec   41436 cur h   47 mod.depth   87 inserts   4272208 dups   1590377 size   2681831 hash fail 1835467 hash buckets 2436741
 712s visitime   89.23s generated nodes  29524614 nodes/sec   41414 cur h   71 mod.depth   32 inserts   4275985 dups   1591493 size   2684492 hash fail 1836980 hash buckets 2439005
 713s visitime   89.44s generated nodes  29559719 nodes/sec   41402 cur h   56 mod.depth   61 inserts   4280668 dups   1593054 size   2687614 hash fail 1838999 hash buckets 2441669
 715s visitime   89.65s generated nodes  29594826 nodes/sec   41389 cur h   46 mod.depth   96 inserts   4284735 dups   1594257 size   2690478 hash fail 1840629 hash buckets 2444106
 716s visitime   89.86s generated nodes  29634954 nodes/sec   41384 cur h   50 mod.depth   81 inserts   4290155 dups   1595988 size   2694167 hash fail 1842958 hash buckets 2447197
 717s visitime   90.05s generated nodes  29665051 nodes/sec   41362 cur h   54 mod.depth   59 inserts   4294069 dups   1597265 size   2696804 hash fail 1844648 hash buckets 2449421
 718s visitime   90.29s generated nodes  29700140 nodes/sec   41345 cur h   52 mod.depth   75 inserts   4298380 dups   1598447 size   2699933 hash fail 1846403 hash buckets 2451977
 719s visitime   90.48s generated nodes  29730186 nodes/sec   41329 cur h   53 mod.depth   75 inserts   4302095 dups   1599559 size   2702536 hash fail 1847944 hash buckets 2454151
 720s visitime   90.67s generated nodes  29765291 nodes/sec   41317 cur h   45 mod.depth   91 inserts   4306576 dups   1601155 size   2705421 hash fail 1850009 hash buckets 2456567
 721s visitime   90.86s generated nodes  29805388 nodes/sec   41311 cur h   42 mod.depth   97 inserts   4311970 dups   1603022 size   2708948 hash fail 1852546 hash buckets 2459424
 722s visitime   91.00s generated nodes  29835462 nodes/sec   41289 cur h   58 mod.depth   62 inserts   4316101 dups   1604570 size   2711531 hash fail 1854476 hash buckets 2461625
 723s visitime   91.21s generated nodes  29865611 nodes/sec   41272 cur h   52 mod.depth   80 inserts   4319768 dups   1605656 size   2714112 hash fail 1855936 hash buckets 2463832
 724s visitime   91.32s generated nodes  29880641 nodes/sec   41231 cur h   62 mod.depth   59 inserts   4321655 dups   1606205 size   2715450 hash fail 1856679 hash buckets 2464976
 725s visitime   91.52s generated nodes  29910686 nodes/sec   41212 cur h   54 mod.depth   64 inserts   4325327 dups   1607214 size   2718113 hash fail 1858089 hash buckets 2467238
 726s visitime   91.72s generated nodes  29945795 nodes/sec   41203 cur h   53 mod.depth   67 inserts   4329691 dups   1608506 size   2721185 hash fail 1859870 hash buckets 2469821
 727s visitime   91.92s generated nodes  29990887 nodes/sec   41203 cur h   46 mod.depth   95 inserts   4335456 dups   1610634 size   2724822 hash fail 1862553 hash buckets 2472903
 728s visitime   92.12s generated nodes  30025968 nodes/sec   41191 cur h   52 mod.depth   76 inserts   4339702 dups   1611959 size   2727743 hash fail 1864288 hash buckets 2475414
 730s visitime   92.34s generated nodes  30066037 nodes/sec   41138 cur h   78 mod.depth   11 inserts   4344942 dups   1613546 size   2731396 hash fail 1866451 hash buckets 2478491
 731s visitime   92.41s generated nodes  30126167 nodes/sec   41160 cur h   65 mod.depth   32 inserts   4352670 dups   1616326 size   2736344 hash fail 1869966 hash buckets 2482704
 733s visitime   92.47s generated nodes  30176243 nodes/sec   41145 cur h   47 mod.depth   78 inserts   4359180 dups   1618589 size   2740591 hash fail 1872879 hash buckets 2486301
 734s visitime   92.56s generated nodes  30236327 nodes/sec   41168 cur h   69 mod.depth   32 inserts   4367023 dups   1621536 size   2745487 hash fail 1876573 hash buckets 2490450
 735s visitime   92.59s generated nodes  30271404 nodes/sec   41154 cur h   49 mod.depth   63 inserts   4371375 dups   1623084 size   2748291 hash fail 1878520 hash buckets 2492855
 736s visitime   92.65s generated nodes  30341511 nodes/sec   41191 cur h   60 mod.depth   54 inserts   4379800 dups   1626038 size   2753762 hash fail 1882302 hash buckets 2497498
 737s visitime   92.71s generated nodes  30416720 nodes/sec   41236 cur h   61 mod.depth   52 inserts   4390443 dups   1630659 size   2759784 hash fail 1887851 hash buckets 2502592
 738s visitime   92.77s generated nodes  30491887 nodes/sec   41280 cur h   55 mod.depth   71 inserts   4400697 dups   1634583 size   2766114 hash fail 1892781 hash buckets 2507916
 739s visitime   92.83s generated nodes  30572066 nodes/sec   41330 cur h   56 mod.depth   56 inserts   4410234 dups   1637526 size   2772708 hash fail 1896772 hash buckets 2513462
 740s visitime   92.89s generated nodes  30647215 nodes/sec   41376 cur h   51 mod.depth   67 inserts   4420179 dups   1641441 size   2778738 hash fail 1901591 hash buckets 2518588
 741s visitime   92.94s generated nodes  30737354 nodes/sec   41438 cur h   69 mod.depth   34 inserts   4433279 dups   1647261 size   2786018 hash fail 1910567 hash buckets 2522712
 742s visitime   93.00s generated nodes  30807578 nodes/sec   41475 cur h   53 mod.depth   66 inserts   4442517 dups   1650884 size   2791633 hash fail 1915019 hash buckets 2527498
 743s visitime   93.08s generated nodes  30887759 nodes/sec   41526 cur h   66 mod.depth   43 inserts   4452473 dups   1654382 size   2798091 hash fail 1919484 hash buckets 2532989
 744s visitime   93.15s generated nodes  30957927 nodes/sec   41555 cur h   58 mod.depth   46 inserts   4461581 dups   1657509 size   2804072 hash fail 1923502 hash buckets 2538079
 746s visitime   93.23s generated nodes  31033096 nodes/sec   41597 cur h   44 mod.depth   86 inserts   4471470 dups   1661088 size   2810382 hash fail 1928084 hash buckets 2543386
 747s visitime   93.30s generated nodes  31113259 nodes/sec   41636 cur h   55 mod.depth   73 inserts   4480299 dups   1663436 size   2816863 hash fail 1931489 hash buckets 2548810
 748s visitime   93.37s generated nodes  31193463 nodes/sec   41687 cur h   55 mod.depth   63 inserts   4489469 dups   1666168 size   2823301 hash fail 1935237 hash buckets 2554232
 749s visitime   93.46s generated nodes  31258549 nodes/sec   41717 cur h   64 mod.depth   39 inserts   4497562 dups   1668563 size   2828999 hash fail 1938609 hash buckets 2558953
 750s visitime   93.54s generated nodes  31323691 nodes/sec   41747 cur h   56 mod.depth   70 inserts   4505445 dups   1670932 size   2834513 hash fail 1941799 hash buckets 2563646
 751s visitime   93.62s generated nodes  31383836 nodes/sec   41770 cur h   61 mod.depth   64 inserts   4512738 dups   1673074 size   2839664 hash fail 1944750 hash buckets 2567988
 752s visitime   93.71s generated nodes  31448995 nodes/sec   41800 cur h   54 mod.depth   66 inserts   4521333 dups   1676031 size   2845302 hash fail 1948723 hash buckets 2572610
 753s visitime   93.79s generated nodes  31519146 nodes/sec   41837 cur h   49 mod.depth   80 inserts   4530129 dups   1678855 size   2851274 hash fail 1952625 hash buckets 2577504
 754s visitime   93.86s generated nodes  31589267 nodes/sec   41874 cur h   63 mod.depth   38 inserts   4538096 dups   1680870 size   2857226 hash fail 1955669 hash buckets 2582427
 755s visitime   93.94s generated nodes  31659434 nodes/sec   41905 cur h   47 mod.depth   55 inserts   4545735 dups   1682668 size   2863067 hash fail 1958462 hash buckets 2587273
 756s visitime   93.95s generated nodes  31664462 nodes/sec   41843 cur h   52 mod.depth   77 inserts   4546318 dups   1682838 size   2863480 hash fail 1958702 hash buckets 2587616
 760s visitime   93.96s generated nodes  31669479 nodes/sec   41664 cur h   50 mod.depth   85 inserts   4546967 dups   1683013 size   2863954 hash fail 1958941 hash buckets 2588026
 761s visitime   93.98s generated nodes  31674483 nodes/sec   41594 cur h   53 mod.depth   78 inserts   4547623 dups   1683197 size   2864426 hash fail 1959195 hash buckets 2588428
 762s visitime   94.01s generated nodes  31689511 nodes/sec   41539 cur h   60 mod.depth   54 inserts   4549301 dups   1683611 size   2865690 hash fail 1959806 hash buckets 2589495
 765s visitime   94.02s generated nodes  31694522 nodes/sec   41408 cur h   49 mod.depth   86 inserts   4549922 dups   1683807 size   2866115 hash fail 1960071 hash buckets 2589851
 767s visitime   94.04s generated nodes  31704533 nodes/sec   41327 cur h   54 mod.depth   73 inserts   4551098 dups   1684081 size   2867017 hash fail 1960487 hash buckets 2590611
 770s visitime   94.05s generated nodes  31709563 nodes/sec   41157 cur h   64 mod.depth   44 inserts   4551610 dups   1684220 size   2867390 hash fail 1960677 hash buckets 2590933
 771s visitime   94.06s generated nodes  31714573 nodes/sec   41105 cur h   58 mod.depth   44 inserts   4552135 dups   1684337 size   2867798 hash fail 1960851 hash buckets 2591284
 773s visitime   94.06s generated nodes  31719617 nodes/sec   41002 cur h   64 mod.depth   36 inserts   4552600 dups   1684438 size   2868162 hash fail 1961004 hash buckets 2591596
 776s visitime   94.08s generated nodes  31724626 nodes/sec   40849 cur h   62 mod.depth   52 inserts   4553453 dups   1684860 size   2868593 hash fail 1961477 hash buckets 2591976
 779s visitime   94.10s generated nodes  31729652 nodes/sec   40714 cur h   52 mod.depth   73 inserts   4554071 dups   1685048 size   2869023 hash fail 1961727 hash buckets 2592344
 783s visitime   94.15s generated nodes  31739666 nodes/sec   40526 cur h   62 mod.depth   50 inserts   4555054 dups   1685254 size   2869800 hash fail 1962068 hash buckets 2592986
 784s visitime   94.24s generated nodes  31749670 nodes/sec   40471 cur h   68 mod.depth   43 inserts   4556165 dups   1685534 size   2870631 hash fail 1962474 hash buckets 2593691
