Random seed: 42
Time limit: 1800 seconds
Reading input from output.sas.
- State has 96 bits divided into 96 mutex groups.
- Domain contains 410 actions.
- Domain contains 573 tasks.
- Domain contains 609 methods.
- The initial state contains 36 set bits.
- The initial task is "__top[]".
- State-based goal contains 9 bits.
- Instance is totally-ordered: no
- Instance has unique paths: yes
- Instance is parallel sequences: yes
Calculate SCCs...
- Number of SCCs: 573
- The problem is cyclic
- Number of cyclic SCCs: 13
- Number of cyclic SCCs of size 1: 13
Selected Planning Algorithm: progression searchParsing heuristics ...
Number of specified heuristics: 0
No heuristics given, setting default ... 
Generate 3

RC Factory: CMA 1
- the option "store cuts" of the RC heuristic can only be used with the inner heuristic LM-Cut. It will be disabled.
- Calculating minimal implied distances and estimated costs (0 ms)
Heuristic #0 = hhRC2(ff;distance;correct count)
Search config:
 - type: path cost
 - weight: 1
 - suboptimal: true
Visited List configured
- mode: parallel sequences order
- hashs to use: state task task-sequence
- memory information: topological ordering
- Visited list allows deletion of search nodes: true
Search Configuration
- Using JAIR 2020 progression algorithm
- Search is stopped after first solution is found.
- A* Search
- Distance G is "modification depth"
   1s visitime    0.06s generated nodes     60158 nodes/sec   57512 cur h   58 mod.depth   26 inserts     12343 dups       487 size     11856 hash fail    493 hash buckets  11850
   2s visitime    0.12s generated nodes    125244 nodes/sec   59668 cur h   69 mod.depth   18 inserts     23465 dups      2153 size     21312 hash fail   2170 hash buckets  21295
   3s visitime    0.17s generated nodes    190429 nodes/sec   61290 cur h   66 mod.depth   22 inserts     34895 dups      4302 size     30593 hash fail   4343 hash buckets  30552
   4s visitime    0.22s generated nodes    255493 nodes/sec   61520 cur h   66 mod.depth   22 inserts     46460 dups      6890 size     39570 hash fail   6951 hash buckets  39509
   5s visitime    0.28s generated nodes    320624 nodes/sec   61717 cur h   52 mod.depth   35 inserts     58512 dups      9697 size     48815 hash fail   9771 hash buckets  48741
   6s visitime    0.33s generated nodes    385799 nodes/sec   62235 cur h   55 mod.depth   36 inserts     70821 dups     12689 size     58132 hash fail  12798 hash buckets  58023
   7s visitime    0.39s generated nodes    451034 nodes/sec   62331 cur h   57 mod.depth   34 inserts     83787 dups     15982 size     67805 hash fail  16124 hash buckets  67663
   8s visitime    0.45s generated nodes    516218 nodes/sec   62594 cur h   55 mod.depth   36 inserts     96250 dups     19128 size     77122 hash fail  19313 hash buckets  76937
   9s visitime    0.51s generated nodes    581335 nodes/sec   62697 cur h   59 mod.depth   33 inserts    108774 dups     22372 size     86402 hash fail  22601 hash buckets  86173
  10s visitime    0.56s generated nodes    646468 nodes/sec   62617 cur h   60 mod.depth   33 inserts    120880 dups     25335 size     95545 hash fail  25609 hash buckets  95271
  11s visitime    0.62s generated nodes    711669 nodes/sec   62713 cur h   61 mod.depth   32 inserts    133179 dups     28366 size    104813 hash fail  28690 hash buckets 104489
  12s visitime    0.68s generated nodes    776777 nodes/sec   62785 cur h   69 mod.depth   24 inserts    145734 dups     31670 size    114064 hash fail  32065 hash buckets 113669
  13s visitime    0.73s generated nodes    841896 nodes/sec   62683 cur h   68 mod.depth   26 inserts    157732 dups     34761 size    122971 hash fail  35207 hash buckets 122525
  14s visitime    0.79s generated nodes    912072 nodes/sec   62984 cur h   67 mod.depth   27 inserts    170417 dups     38062 size    132355 hash fail  38581 hash buckets 131836
  15s visitime    0.84s generated nodes    977205 nodes/sec   63037 cur h   64 mod.depth   31 inserts    182138 dups     41234 size    140904 hash fail  41811 hash buckets 140327
  16s visitime    0.90s generated nodes   1047320 nodes/sec   63198 cur h   73 mod.depth   22 inserts    194239 dups     44294 size    149945 hash fail  44948 hash buckets 149291
  17s visitime    0.96s generated nodes   1117513 nodes/sec   63369 cur h   58 mod.depth   31 inserts    206662 dups     47598 size    159064 hash fail  48351 hash buckets 158311
  18s visitime    1.01s generated nodes   1182630 nodes/sec   63428 cur h   61 mod.depth   35 inserts    218234 dups     50681 size    167553 hash fail  51510 hash buckets 166724
  19s visitime    1.06s generated nodes   1252739 nodes/sec   63597 cur h   62 mod.depth   34 inserts    230726 dups     53907 size    176819 hash fail  54834 hash buckets 175892
  20s visitime    1.12s generated nodes   1317897 nodes/sec   63651 cur h   65 mod.depth   28 inserts    242719 dups     56959 size    185760 hash fail  57995 hash buckets 184724
  21s visitime    1.18s generated nodes   1382991 nodes/sec   63597 cur h   62 mod.depth   34 inserts    255287 dups     60471 size    194816 hash fail  61606 hash buckets 193681
  22s visitime    1.23s generated nodes   1453113 nodes/sec   63749 cur h   53 mod.depth   44 inserts    268370 dups     63985 size    204385 hash fail  65232 hash buckets 203138
  23s visitime    1.29s generated nodes   1518280 nodes/sec   63758 cur h   61 mod.depth   36 inserts    279846 dups     67114 size    212732 hash fail  68455 hash buckets 211391
  24s visitime    1.34s generated nodes   1588444 nodes/sec   63864 cur h   63 mod.depth   34 inserts    292640 dups     71000 size    221640 hash fail  72465 hash buckets 220175
  25s visitime    1.40s generated nodes   1658548 nodes/sec   64024 cur h   59 mod.depth   38 inserts    305467 dups     74843 size    230624 hash fail  76404 hash buckets 229063
  26s visitime    1.46s generated nodes   1728670 nodes/sec   64136 cur h   78 mod.depth   19 inserts    318572 dups     78938 size    239634 hash fail  80617 hash buckets 237955
  27s visitime    1.52s generated nodes   1798824 nodes/sec   64308 cur h   72 mod.depth   26 inserts    330661 dups     82507 size    248154 hash fail  84327 hash buckets 246334
  28s visitime    1.57s generated nodes   1863965 nodes/sec   64336 cur h   64 mod.depth   34 inserts    342609 dups     85710 size    256899 hash fail  87667 hash buckets 254942
  30s visitime    1.63s generated nodes   1934115 nodes/sec   64393 cur h   50 mod.depth   45 inserts    354872 dups     89215 size    265657 hash fail  91286 hash buckets 263586
  31s visitime    1.69s generated nodes   2004242 nodes/sec   64492 cur h   67 mod.depth   31 inserts    367953 dups     93134 size    274819 hash fail  95339 hash buckets 272614
  32s visitime    1.74s generated nodes   2074358 nodes/sec   64571 cur h   56 mod.depth   42 inserts    380749 dups     96970 size    283779 hash fail  99329 hash buckets 281420
  33s visitime    1.80s generated nodes   2139466 nodes/sec   64570 cur h   64 mod.depth   34 inserts    393003 dups    100549 size    292454 hash fail 103050 hash buckets 289953
  34s visitime    1.86s generated nodes   2204567 nodes/sec   64523 cur h   64 mod.depth   35 inserts    405269 dups    103716 size    301553 hash fail 106363 hash buckets 298906
  35s visitime    1.91s generated nodes   2269755 nodes/sec   64500 cur h   50 mod.depth   49 inserts    417121 dups    107098 size    310023 hash fail 109889 hash buckets 307232
  36s visitime    1.97s generated nodes   2339880 nodes/sec   64530 cur h   73 mod.depth   26 inserts    431363 dups    111350 size    320013 hash fail 114321 hash buckets 317042
  37s visitime    2.03s generated nodes   2405028 nodes/sec   64543 cur h   58 mod.depth   41 inserts    443752 dups    114790 size    328962 hash fail 117942 hash buckets 325810
  38s visitime    2.09s generated nodes   2470151 nodes/sec   64440 cur h   43 mod.depth   55 inserts    457263 dups    118763 size    338500 hash fail 122108 hash buckets 335155
  39s visitime    2.15s generated nodes   2540299 nodes/sec   64471 cur h   45 mod.depth   54 inserts    471920 dups    123080 size    348840 hash fail 126647 hash buckets 345273
  40s visitime    2.21s generated nodes   2605423 nodes/sec   64450 cur h   61 mod.depth   33 inserts    483786 dups    126339 size    357447 hash fail 130103 hash buckets 353683
  41s visitime    2.26s generated nodes   2670623 nodes/sec   64448 cur h   56 mod.depth   43 inserts    495931 dups    129576 size    366355 hash fail 133535 hash buckets 362396
  42s visitime    2.32s generated nodes   2740724 nodes/sec   64484 cur h   35 mod.depth   61 inserts    509204 dups    133318 size    375886 hash fail 137469 hash buckets 371735
  43s visitime    2.37s generated nodes   2805842 nodes/sec   64466 cur h   61 mod.depth   31 inserts    521588 dups    137000 size    384588 hash fail 141355 hash buckets 380233
  44s visitime    2.44s generated nodes   2875941 nodes/sec   64509 cur h   51 mod.depth   49 inserts    535482 dups    141341 size    394141 hash fail 145903 hash buckets 389579
  45s visitime    2.50s generated nodes   2946058 nodes/sec   64537 cur h   59 mod.depth   41 inserts    549652 dups    145563 size    404089 hash fail 150359 hash buckets 399293
  46s visitime    2.56s generated nodes   3016177 nodes/sec   64554 cur h   55 mod.depth   38 inserts    563996 dups    149992 size    414004 hash fail 155040 hash buckets 408956
  47s visitime    2.62s generated nodes   3086331 nodes/sec   64651 cur h   68 mod.depth   33 inserts    577576 dups    154235 size    423341 hash fail 159503 hash buckets 418073
  48s visitime    2.67s generated nodes   3156444 nodes/sec   64671 cur h   63 mod.depth   38 inserts    589670 dups    157685 size    431985 hash fail 163182 hash buckets 426488
  49s visitime    2.73s generated nodes   3226572 nodes/sec   64732 cur h   70 mod.depth   31 inserts    601717 dups    160875 size    440842 hash fail 166638 hash buckets 435079
  50s visitime    2.78s generated nodes   3296681 nodes/sec   64825 cur h   56 mod.depth   44 inserts    613829 dups    164737 size    449092 hash fail 170741 hash buckets 443088
  51s visitime    2.84s generated nodes   3366830 nodes/sec   64832 cur h   58 mod.depth   43 inserts    626031 dups    168273 size    457758 hash fail 174513 hash buckets 451518
  52s visitime    2.89s generated nodes   3437014 nodes/sec   64898 cur h   48 mod.depth   51 inserts    638437 dups    171923 size    466514 hash fail 178425 hash buckets 460012
  54s visitime    2.95s generated nodes   3507086 nodes/sec   64938 cur h   72 mod.depth   27 inserts    651202 dups    175601 size    475601 hash fail 182347 hash buckets 468855
  55s visitime    3.01s generated nodes   3577234 nodes/sec   64960 cur h   69 mod.depth   30 inserts    664256 dups    179849 size    484407 hash fail 186822 hash buckets 477434
  56s visitime    3.07s generated nodes   3647386 nodes/sec   64971 cur h   67 mod.depth   34 inserts    677666 dups    183610 size    494056 hash fail 190893 hash buckets 486773
  57s visitime    3.13s generated nodes   3717509 nodes/sec   65001 cur h   65 mod.depth   36 inserts    691059 dups    187900 size    503159 hash fail 195461 hash buckets 495598
  58s visitime    3.18s generated nodes   3787637 nodes/sec   65050 cur h   65 mod.depth   34 inserts    703686 dups    191296 size    512390 hash fail 199131 hash buckets 504555
  59s visitime    3.24s generated nodes   3857786 nodes/sec   65108 cur h   62 mod.depth   40 inserts    715719 dups    194903 size    520816 hash fail 203024 hash buckets 512695
  60s visitime    3.29s generated nodes   3922927 nodes/sec   65097 cur h   60 mod.depth   42 inserts    726685 dups    197798 size    528887 hash fail 206159 hash buckets 520526
  61s visitime    3.34s generated nodes   3993030 nodes/sec   65144 cur h   72 mod.depth   30 inserts    738960 dups    200988 size    537972 hash fail 209647 hash buckets 529313
  62s visitime    3.40s generated nodes   4063136 nodes/sec   65157 cur h   62 mod.depth   40 inserts    752140 dups    204801 size    547339 hash fail 213752 hash buckets 538388
  63s visitime    3.46s generated nodes   4133223 nodes/sec   65184 cur h   65 mod.depth   37 inserts    764794 dups    208580 size    556214 hash fail 217829 hash buckets 546965
  64s visitime    3.52s generated nodes   4203369 nodes/sec   65240 cur h   67 mod.depth   35 inserts    777933 dups    212719 size    565214 hash fail 222243 hash buckets 555690
  65s visitime    3.57s generated nodes   4268490 nodes/sec   65224 cur h   57 mod.depth   40 inserts    790271 dups    216475 size    573796 hash fail 226274 hash buckets 563997
  66s visitime    3.63s generated nodes   4338632 nodes/sec   65242 cur h   43 mod.depth   59 inserts    803931 dups    220224 size    583707 hash fail 230386 hash buckets 573545
  67s visitime    3.70s generated nodes   4408775 nodes/sec   65257 cur h   65 mod.depth   37 inserts    817396 dups    224222 size    593174 hash fail 234728 hash buckets 582668
  68s visitime    3.75s generated nodes   4473917 nodes/sec   65230 cur h   45 mod.depth   54 inserts    830493 dups    227990 size    602503 hash fail 238841 hash buckets 591652
  69s visitime    3.81s generated nodes   4544048 nodes/sec   65290 cur h   57 mod.depth   46 inserts    844076 dups    232503 size    611573 hash fail 243671 hash buckets 600405
  70s visitime    3.87s generated nodes   4614174 nodes/sec   65304 cur h   50 mod.depth   53 inserts    855768 dups    235713 size    620055 hash fail 247182 hash buckets 608586
  71s visitime    3.92s generated nodes   4679341 nodes/sec   65291 cur h   64 mod.depth   39 inserts    867679 dups    239125 size    628554 hash fail 250948 hash buckets 616731
  72s visitime    3.98s generated nodes   4749433 nodes/sec   65324 cur h   69 mod.depth   34 inserts    879976 dups    242910 size    637066 hash fail 255032 hash buckets 624944
  73s visitime    4.03s generated nodes   4814540 nodes/sec   65308 cur h   67 mod.depth   36 inserts    891905 dups    246479 size    645426 hash fail 258886 hash buckets 633019
  74s visitime    4.09s generated nodes   4884671 nodes/sec   65323 cur h   67 mod.depth   36 inserts    904940 dups    250001 size    654939 hash fail 262765 hash buckets 642175
  75s visitime    4.15s generated nodes   4949776 nodes/sec   65280 cur h   58 mod.depth   45 inserts    917648 dups    253459 size    664189 hash fail 266602 hash buckets 651046
  76s visitime    4.21s generated nodes   5014880 nodes/sec   65248 cur h   73 mod.depth   30 inserts    930121 dups    256990 size    673131 hash fail 270497 hash buckets 659624
  77s visitime    4.27s generated nodes   5085029 nodes/sec   65273 cur h   65 mod.depth   38 inserts    943557 dups    261092 size    682465 hash fail 274936 hash buckets 668621
  78s visitime    4.33s generated nodes   5150170 nodes/sec   65250 cur h   67 mod.depth   36 inserts    956388 dups    264852 size    691536 hash fail 279061 hash buckets 677327
  79s visitime    4.39s generated nodes   5215302 nodes/sec   65246 cur h   71 mod.depth   32 inserts    969276 dups    268961 size    700315 hash fail 283508 hash buckets 685768
  80s visitime    4.45s generated nodes   5280445 nodes/sec   65234 cur h   65 mod.depth   38 inserts    982360 dups    273074 size    709286 hash fail 287964 hash buckets 694396
  81s visitime    4.51s generated nodes   5345600 nodes/sec   65230 cur h   44 mod.depth   59 inserts    995275 dups    277729 size    717546 hash fail 292961 hash buckets 702314
  82s visitime    4.57s generated nodes   5415761 nodes/sec   65258 cur h   56 mod.depth   47 inserts   1008456 dups    281789 size    726667 hash fail 297393 hash buckets 711063
  84s visitime    4.62s generated nodes   5485933 nodes/sec   65304 cur h   41 mod.depth   63 inserts   1020477 dups    285449 size    735028 hash fail 301379 hash buckets 719098
  85s visitime    4.68s generated nodes   5556105 nodes/sec   65306 cur h   74 mod.depth   30 inserts   1033454 dups    289317 size    744137 hash fail 305644 hash buckets 727810
  86s visitime    4.74s generated nodes   5626252 nodes/sec   65351 cur h   74 mod.depth   30 inserts   1045728 dups    292907 size    752821 hash fail 309568 hash buckets 736160
  87s visitime    4.79s generated nodes   5691347 nodes/sec   65347 cur h   57 mod.depth   47 inserts   1057423 dups    296269 size    761154 hash fail 313298 hash buckets 744125
  88s visitime    4.85s generated nodes   5761458 nodes/sec   65355 cur h   56 mod.depth   44 inserts   1069935 dups    300189 size    769746 hash fail 317599 hash buckets 752336
  89s visitime    4.90s generated nodes   5831646 nodes/sec   65402 cur h   65 mod.depth   39 inserts   1082312 dups    303877 size    778435 hash fail 321686 hash buckets 760626
  90s visitime    4.96s generated nodes   5896759 nodes/sec   65398 cur h   59 mod.depth   45 inserts   1094412 dups    307592 size    786820 hash fail 325782 hash buckets 768630
  91s visitime    5.02s generated nodes   5966931 nodes/sec   65423 cur h   69 mod.depth   35 inserts   1108128 dups    311784 size    796344 hash fail 330408 hash buckets 777720
  92s visitime    5.08s generated nodes   6032059 nodes/sec   65417 cur h   65 mod.depth   39 inserts   1120581 dups    315707 size    804874 hash fail 334732 hash buckets 785849
  93s visitime    5.14s generated nodes   6102164 nodes/sec   65415 cur h   47 mod.depth   55 inserts   1134146 dups    319769 size    814377 hash fail 339251 hash buckets 794895
  94s visitime    5.20s generated nodes   6172286 nodes/sec   65459 cur h   56 mod.depth   48 inserts   1147288 dups    324167 size    823121 hash fail 344077 hash buckets 803211
  95s visitime    5.26s generated nodes   6242472 nodes/sec   65461 cur h   68 mod.depth   33 inserts   1161298 dups    329089 size    832209 hash fail 349463 hash buckets 811835
  96s visitime    5.32s generated nodes   6307643 nodes/sec   65455 cur h   66 mod.depth   35 inserts   1174246 dups    333191 size    841055 hash fail 353980 hash buckets 820266
  97s visitime    5.38s generated nodes   6382765 nodes/sec   65503 cur h   51 mod.depth   53 inserts   1188688 dups    337959 size    850729 hash fail 359237 hash buckets 829451
  98s visitime    5.44s generated nodes   6452881 nodes/sec   65508 cur h   63 mod.depth   42 inserts   1200844 dups    341643 size    859201 hash fail 363335 hash buckets 837509
  99s visitime    5.50s generated nodes   6522995 nodes/sec   65528 cur h   52 mod.depth   53 inserts   1213799 dups    345326 size    868473 hash fail 367491 hash buckets 846308
 100s visitime    5.56s generated nodes   6593104 nodes/sec   65559 cur h   75 mod.depth   30 inserts   1226550 dups    349328 size    877222 hash fail 371928 hash buckets 854622
 101s visitime    5.61s generated nodes   6658236 nodes/sec   65550 cur h   62 mod.depth   43 inserts   1238904 dups    352981 size    885923 hash fail 376050 hash buckets 862854
 102s visitime    5.67s generated nodes   6728335 nodes/sec   65581 cur h   49 mod.depth   51 inserts   1251537 dups    356742 size    894795 hash fail 380240 hash buckets 871297
 103s visitime    5.73s generated nodes   6798473 nodes/sec   65583 cur h   50 mod.depth   55 inserts   1264482 dups    360717 size    903765 hash fail 384685 hash buckets 879797
 104s visitime    5.79s generated nodes   6863550 nodes/sec   65575 cur h   59 mod.depth   46 inserts   1276622 dups    364503 size    912119 hash fail 388927 hash buckets 887695
 105s visitime    5.85s generated nodes   6933673 nodes/sec   65590 cur h   65 mod.depth   40 inserts   1289956 dups    368819 size    921137 hash fail 393717 hash buckets 896239
 106s visitime    5.91s generated nodes   6998731 nodes/sec   65574 cur h   76 mod.depth   29 inserts   1302742 dups    372852 size    929890 hash fail 398228 hash buckets 904514
 107s visitime    5.97s generated nodes   7068843 nodes/sec   65586 cur h   70 mod.depth   35 inserts   1316459 dups    377391 size    939068 hash fail 403268 hash buckets 913191
 108s visitime    6.03s generated nodes   7138961 nodes/sec   65592 cur h   60 mod.depth   41 inserts   1330348 dups    381926 size    948422 hash fail 408308 hash buckets 922040
 109s visitime    6.09s generated nodes   7209084 nodes/sec   65597 cur h   66 mod.depth   39 inserts   1344274 dups    386765 size    957509 hash fail 413668 hash buckets 930606
 110s visitime    6.16s generated nodes   7284240 nodes/sec   65643 cur h   48 mod.depth   50 inserts   1358638 dups    391397 size    967241 hash fail 418838 hash buckets 939800
 112s visitime    6.22s generated nodes   7354415 nodes/sec   65650 cur h   54 mod.depth   51 inserts   1372162 dups    396039 size    976123 hash fail 423982 hash buckets 948180
 113s visitime    6.28s generated nodes   7419577 nodes/sec   65644 cur h   61 mod.depth   44 inserts   1385567 dups    400815 size    984752 hash fail 429246 hash buckets 956321
 114s visitime    6.34s generated nodes   7489758 nodes/sec   65664 cur h   57 mod.depth   49 inserts   1398671 dups    404810 size    993861 hash fail 433803 hash buckets 964868
 115s visitime    6.39s generated nodes   7554893 nodes/sec   65650 cur h   72 mod.depth   34 inserts   1410859 dups    408193 size   1002666 hash fail 437671 hash buckets 973188
 116s visitime    6.45s generated nodes   7625041 nodes/sec   65656 cur h   67 mod.depth   39 inserts   1423770 dups    411729 size   1012041 hash fail 441771 hash buckets 981999
 117s visitime    6.51s generated nodes   7690170 nodes/sec   65621 cur h   61 mod.depth   45 inserts   1436441 dups    415432 size   1021009 hash fail 445999 hash buckets 990442
 118s visitime    6.57s generated nodes   7755258 nodes/sec   65601 cur h   47 mod.depth   57 inserts   1448761 dups    419058 size   1029703 hash fail 450098 hash buckets 998663
 119s visitime    6.63s generated nodes   7825377 nodes/sec   65612 cur h   66 mod.depth   40 inserts   1461921 dups    422955 size   1038966 hash fail 454551 hash buckets 1007370
 120s visitime    6.69s generated nodes   7895449 nodes/sec   65608 cur h   72 mod.depth   34 inserts   1475031 dups    427005 size   1048026 hash fail 459135 hash buckets 1015896
 121s visitime    6.75s generated nodes   7960534 nodes/sec   65602 cur h   64 mod.depth   40 inserts   1487446 dups    430934 size   1056512 hash fail 463548 hash buckets 1023898
 122s visitime    6.81s generated nodes   8030712 nodes/sec   65607 cur h   61 mod.depth   45 inserts   1500392 dups    434760 size   1065632 hash fail 467925 hash buckets 1032467
 123s visitime    6.87s generated nodes   8095879 nodes/sec   65589 cur h   56 mod.depth   50 inserts   1513080 dups    438637 size   1074443 hash fail 472360 hash buckets 1040720
 124s visitime    6.93s generated nodes   8166073 nodes/sec   65595 cur h   55 mod.depth   51 inserts   1527122 dups    442909 size   1084213 hash fail 477230 hash buckets 1049892
 125s visitime    6.99s generated nodes   8231189 nodes/sec   65589 cur h   74 mod.depth   32 inserts   1540288 dups    446951 size   1093337 hash fail 481807 hash buckets 1058481
 126s visitime    7.05s generated nodes   8296270 nodes/sec   65573 cur h   44 mod.depth   58 inserts   1553451 dups    450863 size   1102588 hash fail 486296 hash buckets 1067155
 127s visitime    7.12s generated nodes   8366507 nodes/sec   65594 cur h   65 mod.depth   41 inserts   1568008 dups    455829 size   1112179 hash fail 491882 hash buckets 1076126
 128s visitime    7.18s generated nodes   8436648 nodes/sec   65600 cur h   48 mod.depth   58 inserts   1581880 dups    460485 size   1121395 hash fail 497128 hash buckets 1084752
 129s visitime    7.24s generated nodes   8506756 nodes/sec   65621 cur h   62 mod.depth   44 inserts   1595725 dups    465425 size   1130300 hash fail 502645 hash buckets 1093080
 130s visitime    7.31s generated nodes   8576875 nodes/sec   65648 cur h   67 mod.depth   39 inserts   1609931 dups    470174 size   1139757 hash fail 508001 hash buckets 1101930
 131s visitime    7.37s generated nodes   8641998 nodes/sec   65632 cur h   46 mod.depth   59 inserts   1623184 dups    474227 size   1148957 hash fail 512706 hash buckets 1110478
 132s visitime    7.43s generated nodes   8712087 nodes/sec   65652 cur h   67 mod.depth   40 inserts   1636405 dups    478490 size   1157915 hash fail 517553 hash buckets 1118852
 133s visitime    7.49s generated nodes   8782187 nodes/sec   65665 cur h   60 mod.depth   45 inserts   1648756 dups    482135 size   1166621 hash fail 521813 hash buckets 1126943
 134s visitime    7.54s generated nodes   8852302 nodes/sec   65663 cur h   49 mod.depth   58 inserts   1661038 dups    485620 size   1175418 hash fail 525902 hash buckets 1135136
 135s visitime    7.60s generated nodes   8922485 nodes/sec   65688 cur h   67 mod.depth   40 inserts   1673353 dups    489221 size   1184132 hash fail 530025 hash buckets 1143328
 136s visitime    7.66s generated nodes   8992646 nodes/sec   65684 cur h   58 mod.depth   49 inserts   1685699 dups    492635 size   1193064 hash fail 534070 hash buckets 1151629
 137s visitime    7.72s generated nodes   9062791 nodes/sec   65694 cur h   66 mod.depth   41 inserts   1698745 dups    496444 size   1202301 hash fail 538521 hash buckets 1160224
 138s visitime    7.77s generated nodes   9132962 nodes/sec   65707 cur h   50 mod.depth   55 inserts   1711711 dups    500079 size   1211632 hash fail 542808 hash buckets 1168903
 140s visitime    7.83s generated nodes   9198086 nodes/sec   65697 cur h   55 mod.depth   52 inserts   1723216 dups    503377 size   1219839 hash fail 546695 hash buckets 1176521
 141s visitime    7.89s generated nodes   9268211 nodes/sec   65705 cur h   61 mod.depth   46 inserts   1736709 dups    507257 size   1229452 hash fail 551223 hash buckets 1185486
 142s visitime    7.95s generated nodes   9338333 nodes/sec   65706 cur h   65 mod.depth   42 inserts   1749623 dups    511616 size   1238007 hash fail 556195 hash buckets 1193428
 143s visitime    8.02s generated nodes   9408468 nodes/sec   65711 cur h   65 mod.depth   40 inserts   1762688 dups    515836 size   1246852 hash fail 561048 hash buckets 1201640
 144s visitime    8.07s generated nodes   9478659 nodes/sec   65735 cur h   58 mod.depth   49 inserts   1775685 dups    519817 size   1255868 hash fail 565690 hash buckets 1209995
 145s visitime    8.13s generated nodes   9543817 nodes/sec   65726 cur h   66 mod.depth   41 inserts   1788157 dups    523577 size   1264580 hash fail 570096 hash buckets 1218061
 146s visitime    8.19s generated nodes   9608972 nodes/sec   65719 cur h   43 mod.depth   60 inserts   1800818 dups    527369 size   1273449 hash fail 574563 hash buckets 1226255
 147s visitime    8.26s generated nodes   9679075 nodes/sec   65718 cur h   63 mod.depth   44 inserts   1814823 dups    531889 size   1282934 hash fail 579819 hash buckets 1235004
 148s visitime    8.32s generated nodes   9744174 nodes/sec   65700 cur h   65 mod.depth   42 inserts   1828120 dups    535857 size   1292263 hash fail 584510 hash buckets 1243610
 149s visitime    8.38s generated nodes   9814386 nodes/sec   65707 cur h   44 mod.depth   59 inserts   1842507 dups    540689 size   1301818 hash fail 590085 hash buckets 1252422
 150s visitime    8.45s generated nodes   9884533 nodes/sec   65703 cur h   60 mod.depth   43 inserts   1855712 dups    544929 size   1310783 hash fail 595005 hash buckets 1260707
 151s visitime    8.51s generated nodes   9954630 nodes/sec   65705 cur h   53 mod.depth   53 inserts   1869657 dups    549360 size   1320297 hash fail 600085 hash buckets 1269572
 152s visitime    8.57s generated nodes  10024770 nodes/sec   65726 cur h   49 mod.depth   56 inserts   1883918 dups    554096 size   1329822 hash fail 605553 hash buckets 1278365
 153s visitime    8.63s generated nodes  10089898 nodes/sec   65714 cur h   49 mod.depth   58 inserts   1897233 dups    558419 size   1338814 hash fail 610566 hash buckets 1286667
 154s visitime    8.69s generated nodes  10160049 nodes/sec   65731 cur h   68 mod.depth   40 inserts   1910269 dups    562839 size   1347430 hash fail 615658 hash buckets 1294611
 155s visitime    8.75s generated nodes  10230166 nodes/sec   65752 cur h   42 mod.depth   66 inserts   1922951 dups    566794 size   1356157 hash fail 620279 hash buckets 1302672
 156s visitime    8.81s generated nodes  10300321 nodes/sec   65753 cur h   57 mod.depth   51 inserts   1935330 dups    570404 size   1364926 hash fail 624590 hash buckets 1310740
 157s visitime    8.87s generated nodes  10370521 nodes/sec   65765 cur h   66 mod.depth   42 inserts   1948301 dups    574491 size   1373810 hash fail 629422 hash buckets 1318879
 158s visitime    8.93s generated nodes  10440705 nodes/sec   65764 cur h   57 mod.depth   43 inserts   1961365 dups    578509 size   1382856 hash fail 634135 hash buckets 1327230
 159s visitime    8.99s generated nodes  10505820 nodes/sec   65755 cur h   67 mod.depth   41 inserts   1973286 dups    582321 size   1390965 hash fail 638602 hash buckets 1334684
 160s visitime    9.05s generated nodes  10575966 nodes/sec   65774 cur h   56 mod.depth   51 inserts   1986687 dups    586554 size   1400133 hash fail 643642 hash buckets 1343045
 161s visitime    9.11s generated nodes  10641109 nodes/sec   65769 cur h   66 mod.depth   42 inserts   1998505 dups    590203 size   1408302 hash fail 647937 hash buckets 1350568
 162s visitime    9.17s generated nodes  10711213 nodes/sec   65770 cur h   65 mod.depth   43 inserts   2012041 dups    594310 size   1417731 hash fail 652835 hash buckets 1359206
 163s visitime    9.24s generated nodes  10781320 nodes/sec   65769 cur h   61 mod.depth   47 inserts   2026108 dups    598625 size   1427483 hash fail 657890 hash buckets 1368218
 164s visitime    9.30s generated nodes  10851545 nodes/sec   65772 cur h   56 mod.depth   43 inserts   2039592 dups    603072 size   1436520 hash fail 663073 hash buckets 1376519
 166s visitime    9.37s generated nodes  10921669 nodes/sec   65781 cur h   52 mod.depth   56 inserts   2053205 dups    607608 size   1445597 hash fail 668324 hash buckets 1384881
 167s visitime    9.43s generated nodes  10991808 nodes/sec   65781 cur h   63 mod.depth   45 inserts   2067064 dups    612022 size   1455042 hash fail 673509 hash buckets 1393555
 168s visitime    9.49s generated nodes  11056926 nodes/sec   65770 cur h   51 mod.depth   51 inserts   2079863 dups    615799 size   1464064 hash fail 678032 hash buckets 1401831
 169s visitime    9.55s generated nodes  11127047 nodes/sec   65789 cur h   63 mod.depth   45 inserts   2093830 dups    620394 size   1473436 hash fail 683337 hash buckets 1410493
 170s visitime    9.62s generated nodes  11192172 nodes/sec   65778 cur h   51 mod.depth   57 inserts   2107249 dups    624985 size   1482264 hash fail 688656 hash buckets 1418593
 171s visitime    9.68s generated nodes  11262275 nodes/sec   65778 cur h   56 mod.depth   52 inserts   2121439 dups    629301 size   1492138 hash fail 693792 hash buckets 1427647
 172s visitime    9.75s generated nodes  11332358 nodes/sec   65785 cur h   81 mod.depth   27 inserts   2135544 dups    633999 size   1501545 hash fail 699272 hash buckets 1436272
 173s visitime    9.81s generated nodes  11397499 nodes/sec   65777 cur h   54 mod.depth   51 inserts   2148786 dups    638556 size   1510230 hash fail 704653 hash buckets 1444133
 174s visitime    9.88s generated nodes  11467694 nodes/sec   65793 cur h   52 mod.depth   56 inserts   2163083 dups    643220 size   1519863 hash fail 710115 hash buckets 1452968
 175s visitime    9.94s generated nodes  11537870 nodes/sec   65798 cur h   59 mod.depth   49 inserts   2177013 dups    648204 size   1528809 hash fail 715913 hash buckets 1461100
 176s visitime   10.00s generated nodes  11603047 nodes/sec   65794 cur h   53 mod.depth   55 inserts   2190069 dups    652681 size   1537388 hash fail 721162 hash buckets 1468907
 177s visitime   10.07s generated nodes  11673191 nodes/sec   65803 cur h   70 mod.depth   39 inserts   2203309 dups    656867 size   1546442 hash fail 726154 hash buckets 1477155
 178s visitime   10.13s generated nodes  11743293 nodes/sec   65800 cur h   68 mod.depth   35 inserts   2215921 dups    660853 size   1555068 hash fail 730853 hash buckets 1485068
 179s visitime   10.19s generated nodes  11813412 nodes/sec   65801 cur h   62 mod.depth   46 inserts   2228591 dups    664713 size   1563878 hash fail 735554 hash buckets 1493037
 180s visitime   10.26s generated nodes  11878545 nodes/sec   65792 cur h   60 mod.depth   44 inserts   2240750 dups    668467 size   1572283 hash fail 740080 hash buckets 1500670
 181s visitime   10.32s generated nodes  11943685 nodes/sec   65788 cur h   58 mod.depth   51 inserts   2252832 dups    672511 size   1580321 hash fail 744829 hash buckets 1508003
 182s visitime   10.38s generated nodes  12013790 nodes/sec   65789 cur h   56 mod.depth   53 inserts   2266208 dups    676778 size   1589430 hash fail 749932 hash buckets 1516276
 183s visitime   10.44s generated nodes  12078906 nodes/sec   65778 cur h   58 mod.depth   51 inserts   2278222 dups    680458 size   1597764 hash fail 754367 hash buckets 1523855
 184s visitime   10.50s generated nodes  12144072 nodes/sec   65774 cur h   54 mod.depth   52 inserts   2290845 dups    684437 size   1606408 hash fail 759163 hash buckets 1531682
 185s visitime   10.57s generated nodes  12214250 nodes/sec   65782 cur h   44 mod.depth   62 inserts   2304937 dups    688945 size   1615992 hash fail 764529 hash buckets 1540408
 186s visitime   10.63s generated nodes  12284388 nodes/sec   65781 cur h   64 mod.depth   45 inserts   2318173 dups    692982 size   1625191 hash fail 769435 hash buckets 1548738
 187s visitime   10.69s generated nodes  12349530 nodes/sec   65775 cur h   53 mod.depth   56 inserts   2331247 dups    697080 size   1634167 hash fail 774373 hash buckets 1556874
 188s visitime   10.75s generated nodes  12419632 nodes/sec   65794 cur h   69 mod.depth   40 inserts   2344629 dups    701591 size   1643038 hash fail 779749 hash buckets 1564880
 189s visitime   10.82s generated nodes  12484756 nodes/sec   65779 cur h   67 mod.depth   42 inserts   2357227 dups    705409 size   1651818 hash fail 784406 hash buckets 1572821
 190s visitime   10.88s generated nodes  12554832 nodes/sec   65783 cur h   50 mod.depth   59 inserts   2371080 dups    709995 size   1661085 hash fail 789856 hash buckets 1581224
 191s visitime   10.95s generated nodes  12619955 nodes/sec   65770 cur h   62 mod.depth   47 inserts   2383836 dups    714279 size   1669557 hash fail 794960 hash buckets 1588876
 192s visitime   11.01s generated nodes  12685107 nodes/sec   65761 cur h   67 mod.depth   42 inserts   2396751 dups    718463 size   1678288 hash fail 799983 hash buckets 1596768
 193s visitime   11.08s generated nodes  12750219 nodes/sec   65755 cur h   56 mod.depth   50 inserts   2409833 dups    722787 size   1687046 hash fail 805121 hash buckets 1604712
 194s visitime   11.14s generated nodes  12815315 nodes/sec   65742 cur h   68 mod.depth   41 inserts   2423222 dups    727286 size   1695936 hash fail 810455 hash buckets 1612767
 195s visitime   11.20s generated nodes  12880455 nodes/sec   65738 cur h   60 mod.depth   49 inserts   2436633 dups    732174 size   1704459 hash fail 816128 hash buckets 1620505
 196s visitime   11.27s generated nodes  12950634 nodes/sec   65740 cur h   42 mod.depth   67 inserts   2450971 dups    737036 size   1713935 hash fail 821922 hash buckets 1629049
 198s visitime   11.34s generated nodes  13015768 nodes/sec   65729 cur h   69 mod.depth   40 inserts   2464491 dups    741661 size   1722830 hash fail 827412 hash buckets 1637079
 199s visitime   11.40s generated nodes  13080829 nodes/sec   65723 cur h   63 mod.depth   46 inserts   2477692 dups    746279 size   1731413 hash fail 832843 hash buckets 1644849
 200s visitime   11.47s generated nodes  13145968 nodes/sec   65718 cur h   50 mod.depth   59 inserts   2491469 dups    751093 size   1740376 hash fail 838551 hash buckets 1652918
 201s visitime   11.54s generated nodes  13211119 nodes/sec   65706 cur h   62 mod.depth   47 inserts   2504974 dups    755791 size   1749183 hash fail 844101 hash buckets 1660873
 202s visitime   11.60s generated nodes  13281226 nodes/sec   65717 cur h   59 mod.depth   50 inserts   2519379 dups    761020 size   1758359 hash fail 850188 hash buckets 1669191
 203s visitime   11.67s generated nodes  13351378 nodes/sec   65720 cur h   62 mod.depth   48 inserts   2532328 dups    765507 size   1766821 hash fail 855521 hash buckets 1676807
 204s visitime   11.73s generated nodes  13421441 nodes/sec   65717 cur h   60 mod.depth   50 inserts   2545070 dups    769646 size   1775424 hash fail 860472 hash buckets 1684598
 205s visitime   11.79s generated nodes  13486575 nodes/sec   65697 cur h   53 mod.depth   57 inserts   2556967 dups    773387 size   1783580 hash fail 865024 hash buckets 1691943
 206s visitime   11.86s generated nodes  13551679 nodes/sec   65674 cur h   68 mod.depth   42 inserts   2568785 dups    777177 size   1791608 hash fail 869612 hash buckets 1699173
 207s visitime   11.92s generated nodes  13616805 nodes/sec   65666 cur h   49 mod.depth   60 inserts   2581143 dups    781000 size   1800143 hash fail 874271 hash buckets 1706872
 208s visitime   11.98s generated nodes  13681956 nodes/sec   65651 cur h   65 mod.depth   45 inserts   2593204 dups    784823 size   1808381 hash fail 878919 hash buckets 1714285
 209s visitime   12.05s generated nodes  13747063 nodes/sec   65637 cur h   58 mod.depth   48 inserts   2605912 dups    789038 size   1816874 hash fail 883996 hash buckets 1721916
 210s visitime   12.11s generated nodes  13817162 nodes/sec   65640 cur h   63 mod.depth   47 inserts   2619302 dups    793433 size   1825869 hash fail 889299 hash buckets 1730003
 211s visitime   12.17s generated nodes  13882302 nodes/sec   65625 cur h   46 mod.depth   64 inserts   2631495 dups    797142 size   1834353 hash fail 893906 hash buckets 1737589
 212s visitime   12.24s generated nodes  13947450 nodes/sec   65618 cur h   51 mod.depth   57 inserts   2644071 dups    801418 size   1842653 hash fail 899080 hash buckets 1744991
 213s visitime   12.31s generated nodes  14012568 nodes/sec   65603 cur h   65 mod.depth   45 inserts   2656748 dups    805389 size   1851359 hash fail 904000 hash buckets 1752748
 214s visitime   12.37s generated nodes  14077738 nodes/sec   65592 cur h   59 mod.depth   51 inserts   2668898 dups    809093 size   1859805 hash fail 908612 hash buckets 1760286
 215s visitime   12.43s generated nodes  14142916 nodes/sec   65586 cur h   56 mod.depth   47 inserts   2681384 dups    812894 size   1868490 hash fail 913303 hash buckets 1768081
 216s visitime   12.50s generated nodes  14208023 nodes/sec   65578 cur h   58 mod.depth   51 inserts   2694107 dups    816981 size   1877126 hash fail 918255 hash buckets 1775852
 217s visitime   12.56s generated nodes  14273134 nodes/sec   65570 cur h   46 mod.depth   61 inserts   2706548 dups    821084 size   1885464 hash fail 923253 hash buckets 1783295
 218s visitime   12.63s generated nodes  14338267 nodes/sec   65567 cur h   51 mod.depth   59 inserts   2719650 dups    825369 size   1894281 hash fail 928444 hash buckets 1791206
 219s visitime   12.69s generated nodes  14403407 nodes/sec   65548 cur h   72 mod.depth   38 inserts   2732458 dups    829295 size   1903163 hash fail 933355 hash buckets 1799103
 220s visitime   12.76s generated nodes  14468515 nodes/sec   65536 cur h   63 mod.depth   47 inserts   2745452 dups    833497 size   1911955 hash fail 938488 hash buckets 1806964
 221s visitime   12.83s generated nodes  14533690 nodes/sec   65531 cur h   48 mod.depth   62 inserts   2759082 dups    837924 size   1921158 hash fail 943911 hash buckets 1815171
 222s visitime   12.90s generated nodes  14598834 nodes/sec   65515 cur h   66 mod.depth   44 inserts   2772538 dups    842362 size   1930176 hash fail 949362 hash buckets 1823176
 223s visitime   12.97s generated nodes  14663986 nodes/sec   65508 cur h   59 mod.depth   51 inserts   2786009 dups    846886 size   1939123 hash fail 954841 hash buckets 1831168
 224s visitime   13.05s generated nodes  14729096 nodes/sec   65492 cur h   59 mod.depth   50 inserts   2799485 dups    851285 size   1948200 hash fail 960241 hash buckets 1839244
 225s visitime   13.12s generated nodes  14794259 nodes/sec   65467 cur h   53 mod.depth   57 inserts   2813292 dups    855941 size   1957351 hash fail 965873 hash buckets 1847419
 227s visitime   13.20s generated nodes  14864403 nodes/sec   65475 cur h   54 mod.depth   53 inserts   2827945 dups    860956 size   1966989 hash fail 971961 hash buckets 1855984
 228s visitime   13.27s generated nodes  14929538 nodes/sec   65466 cur h   48 mod.depth   61 inserts   2842062 dups    865975 size   1976087 hash fail 978022 hash buckets 1864040
 229s visitime   13.34s generated nodes  14994663 nodes/sec   65459 cur h   66 mod.depth   44 inserts   2855706 dups    870780 size   1984926 hash fail 983837 hash buckets 1871869
 230s visitime   13.41s generated nodes  15059842 nodes/sec   65452 cur h   65 mod.depth   45 inserts   2868533 dups    875032 size   1993501 hash fail 989057 hash buckets 1879476
 231s visitime   13.48s generated nodes  15124951 nodes/sec   65441 cur h   70 mod.depth   40 inserts   2881905 dups    879826 size   2002079 hash fail 994797 hash buckets 1887108
 232s visitime   13.54s generated nodes  15190099 nodes/sec   65437 cur h   54 mod.depth   56 inserts   2894266 dups    883799 size   2010467 hash fail 999699 hash buckets 1894567
 233s visitime   13.60s generated nodes  15255249 nodes/sec   65431 cur h   61 mod.depth   47 inserts   2906645 dups    887655 size   2018990 hash fail 1004498 hash buckets 1902147
 234s visitime   13.67s generated nodes  15320348 nodes/sec   65417 cur h   73 mod.depth   38 inserts   2918711 dups    891266 size   2027445 hash fail 1009123 hash buckets 1909588
 235s visitime   13.73s generated nodes  15390556 nodes/sec   65422 cur h   73 mod.depth   38 inserts   2931595 dups    894953 size   2036642 hash fail 1013852 hash buckets 1917743
 236s visitime   13.79s generated nodes  15455738 nodes/sec   65413 cur h   56 mod.depth   51 inserts   2943515 dups    898416 size   2045099 hash fail 1018314 hash buckets 1925201
 237s visitime   13.86s generated nodes  15520940 nodes/sec   65397 cur h   59 mod.depth   52 inserts   2956107 dups    902099 size   2054008 hash fail 1023053 hash buckets 1933054
 238s visitime   13.93s generated nodes  15586049 nodes/sec   65386 cur h   48 mod.depth   59 inserts   2968478 dups    905698 size   2062780 hash fail 1027639 hash buckets 1940839
 239s visitime   13.99s generated nodes  15651136 nodes/sec   65375 cur h   54 mod.depth   57 inserts   2980558 dups    909418 size   2071140 hash fail 1032291 hash buckets 1948267
 240s visitime   14.06s generated nodes  15716202 nodes/sec   65356 cur h   69 mod.depth   42 inserts   2993088 dups    913228 size   2079860 hash fail 1037061 hash buckets 1956027
 241s visitime   14.13s generated nodes  15776379 nodes/sec   65333 cur h   46 mod.depth   64 inserts   3004620 dups    916752 size   2087868 hash fail 1041532 hash buckets 1963088
 242s visitime   14.19s generated nodes  15841520 nodes/sec   65311 cur h   50 mod.depth   61 inserts   3016810 dups    920370 size   2096440 hash fail 1046226 hash buckets 1970584
 243s visitime   14.26s generated nodes  15906606 nodes/sec   65307 cur h   70 mod.depth   41 inserts   3029256 dups    924288 size   2104968 hash fail 1051147 hash buckets 1978109
 244s visitime   14.33s generated nodes  15971721 nodes/sec   65287 cur h   59 mod.depth   52 inserts   3041637 dups    928093 size   2113544 hash fail 1055962 hash buckets 1985675
 245s visitime   14.39s generated nodes  16036878 nodes/sec   65273 cur h   59 mod.depth   52 inserts   3054243 dups    931835 size   2122408 hash fail 1060765 hash buckets 1993478
 246s visitime   14.46s generated nodes  16102032 nodes/sec   65259 cur h   63 mod.depth   48 inserts   3067315 dups    936031 size   2131284 hash fail 1066063 hash buckets 2001252
 247s visitime   14.53s generated nodes  16167220 nodes/sec   65240 cur h   56 mod.depth   54 inserts   3080192 dups    940152 size   2140040 hash fail 1071179 hash buckets 2009013
 248s visitime   14.60s generated nodes  16232373 nodes/sec   65223 cur h   64 mod.depth   47 inserts   3093672 dups    944351 size   2149321 hash fail 1076510 hash buckets 2017162
 249s visitime   14.69s generated nodes  16302532 nodes/sec   65239 cur h   62 mod.depth   49 inserts   3108086 dups    948906 size   2159180 hash fail 1082296 hash buckets 2025790
 250s visitime   14.76s generated nodes  16367633 nodes/sec   65226 cur h   64 mod.depth   47 inserts   3120876 dups    953140 size   2167736 hash fail 1087558 hash buckets 2033318
 252s visitime   14.83s generated nodes  16437732 nodes/sec   65227 cur h   59 mod.depth   52 inserts   3134787 dups    957904 size   2176883 hash fail 1093483 hash buckets 2041304
 253s visitime   14.90s generated nodes  16502825 nodes/sec   65211 cur h   56 mod.depth   55 inserts   3147870 dups    962034 size   2185836 hash fail 1098682 hash buckets 2049188
 254s visitime   14.97s generated nodes  16567927 nodes/sec   65201 cur h   62 mod.depth   49 inserts   3161071 dups    966226 size   2194845 hash fail 1103973 hash buckets 2057098
 255s visitime   15.05s generated nodes  16633017 nodes/sec   65193 cur h   50 mod.depth   61 inserts   3174811 dups    970522 size   2204289 hash fail 1109463 hash buckets 2065348
 256s visitime   15.12s generated nodes  16693202 nodes/sec   65173 cur h   58 mod.depth   52 inserts   3187322 dups    974746 size   2212576 hash fail 1114660 hash buckets 2072662
 257s visitime   15.20s generated nodes  16758322 nodes/sec   65156 cur h   70 mod.depth   41 inserts   3200868 dups    978964 size   2221904 hash fail 1120016 hash buckets 2080852
 258s visitime   15.27s generated nodes  16823461 nodes/sec   65143 cur h   47 mod.depth   64 inserts   3214188 dups    983411 size   2230777 hash fail 1125595 hash buckets 2088593
 259s visitime   15.35s generated nodes  16888648 nodes/sec   65123 cur h   66 mod.depth   44 inserts   3227846 dups    987778 size   2240068 hash fail 1131134 hash buckets 2096712
 260s visitime   15.42s generated nodes  16953778 nodes/sec   65121 cur h   53 mod.depth   58 inserts   3241385 dups    992436 size   2248949 hash fail 1136936 hash buckets 2104449
 261s visitime   15.49s generated nodes  17018924 nodes/sec   65111 cur h   49 mod.depth   62 inserts   3254371 dups    996720 size   2257651 hash fail 1142302 hash buckets 2112069
 262s visitime   15.57s generated nodes  17084092 nodes/sec   65094 cur h   69 mod.depth   42 inserts   3268222 dups   1001369 size   2266853 hash fail 1148067 hash buckets 2120155
 263s visitime   15.65s generated nodes  17149252 nodes/sec   65077 cur h   62 mod.depth   48 inserts   3282342 dups   1006256 size   2276086 hash fail 1154163 hash buckets 2128179
 264s visitime   15.72s generated nodes  17214329 nodes/sec   65062 cur h   52 mod.depth   59 inserts   3295949 dups   1011063 size   2284886 hash fail 1160107 hash buckets 2135842
 265s visitime   15.79s generated nodes  17279446 nodes/sec   65056 cur h   58 mod.depth   53 inserts   3309027 dups   1015771 size   2293256 hash fail 1165857 hash buckets 2143170
 266s visitime   15.86s generated nodes  17344599 nodes/sec   65041 cur h   51 mod.depth   61 inserts   3320251 dups   1019283 size   2300968 hash fail 1170353 hash buckets 2149898
 267s visitime   15.93s generated nodes  17409701 nodes/sec   65026 cur h   61 mod.depth   51 inserts   3331827 dups   1022780 size   2309047 hash fail 1174917 hash buckets 2156910
 268s visitime   16.00s generated nodes  17479785 nodes/sec   65025 cur h   77 mod.depth   35 inserts   3344987 dups   1026861 size   2318126 hash fail 1180173 hash buckets 2164814
 269s visitime   16.06s generated nodes  17539904 nodes/sec   65004 cur h   55 mod.depth   57 inserts   3356089 dups   1030319 size   2325770 hash fail 1184675 hash buckets 2171414
 270s visitime   16.13s generated nodes  17605017 nodes/sec   64992 cur h   57 mod.depth   55 inserts   3367699 dups   1033913 size   2333786 hash fail 1189375 hash buckets 2178324
 271s visitime   16.19s generated nodes  17670200 nodes/sec   64976 cur h   64 mod.depth   48 inserts   3379391 dups   1037319 size   2342072 hash fail 1193805 hash buckets 2185586
 273s visitime   16.26s generated nodes  17735318 nodes/sec   64957 cur h   70 mod.depth   42 inserts   3391538 dups   1040820 size   2350718 hash fail 1198390 hash buckets 2193148
 274s visitime   16.33s generated nodes  17800477 nodes/sec   64945 cur h   62 mod.depth   50 inserts   3403408 dups   1044313 size   2359095 hash fail 1202973 hash buckets 2200435
 275s visitime   16.40s generated nodes  17865608 nodes/sec   64929 cur h   40 mod.depth   70 inserts   3415760 dups   1048227 size   2367533 hash fail 1208029 hash buckets 2207731
 276s visitime   16.47s generated nodes  17925717 nodes/sec   64911 cur h   50 mod.depth   62 inserts   3427453 dups   1051830 size   2375623 hash fail 1212740 hash buckets 2214713
 277s visitime   16.54s generated nodes  17990895 nodes/sec   64901 cur h   83 mod.depth   29 inserts   3439814 dups   1055801 size   2384013 hash fail 1217866 hash buckets 2221948
 278s visitime   16.61s generated nodes  18051073 nodes/sec   64881 cur h   43 mod.depth   68 inserts   3451355 dups   1059536 size   2391819 hash fail 1222651 hash buckets 2228704
 279s visitime   16.69s generated nodes  18116334 nodes/sec   64865 cur h   64 mod.depth   48 inserts   3463865 dups   1063517 size   2400348 hash fail 1227785 hash buckets 2236080
 280s visitime   16.76s generated nodes  18176421 nodes/sec   64844 cur h   58 mod.depth   54 inserts   3475595 dups   1067145 size   2408450 hash fail 1232505 hash buckets 2243090
 281s visitime   16.84s generated nodes  18236594 nodes/sec   64823 cur h   48 mod.depth   64 inserts   3487510 dups   1071068 size   2416442 hash fail 1237453 hash buckets 2250057
 282s visitime   16.92s generated nodes  18301746 nodes/sec   64809 cur h   55 mod.depth   57 inserts   3500461 dups   1075191 size   2425270 hash fail 1242778 hash buckets 2257683
 283s visitime   16.99s generated nodes  18361847 nodes/sec   64789 cur h   51 mod.depth   61 inserts   3511490 dups   1078648 size   2432842 hash fail 1247284 hash buckets 2264206
 284s visitime   17.06s generated nodes  18421961 nodes/sec   64770 cur h   63 mod.depth   49 inserts   3523217 dups   1082403 size   2440814 hash fail 1252121 hash buckets 2271096
 285s visitime   17.13s generated nodes  18487098 nodes/sec   64756 cur h   57 mod.depth   53 inserts   3535607 dups   1086419 size   2449188 hash fail 1257311 hash buckets 2278296
 286s visitime   17.20s generated nodes  18547219 nodes/sec   64732 cur h   66 mod.depth   46 inserts   3547260 dups   1090208 size   2457052 hash fail 1262158 hash buckets 2285102
 287s visitime   17.28s generated nodes  18612296 nodes/sec   64718 cur h   56 mod.depth   56 inserts   3559845 dups   1094170 size   2465675 hash fail 1267328 hash buckets 2292517
 288s visitime   17.35s generated nodes  18672484 nodes/sec   64698 cur h   71 mod.depth   41 inserts   3571411 dups   1097881 size   2473530 hash fail 1272102 hash buckets 2299309
 289s visitime   17.42s generated nodes  18732621 nodes/sec   64679 cur h   56 mod.depth   56 inserts   3583310 dups   1101870 size   2481440 hash fail 1277158 hash buckets 2306152
 290s visitime   17.49s generated nodes  18792682 nodes/sec   64658 cur h   61 mod.depth   51 inserts   3595317 dups   1105626 size   2489691 hash fail 1281995 hash buckets 2313322
 291s visitime   17.57s generated nodes  18852728 nodes/sec   64631 cur h   59 mod.depth   53 inserts   3607682 dups   1109666 size   2498016 hash fail 1287165 hash buckets 2320517
 292s visitime   17.64s generated nodes  18912862 nodes/sec   64612 cur h   74 mod.depth   38 inserts   3619564 dups   1113520 size   2506044 hash fail 1292157 hash buckets 2327407
 293s visitime   17.72s generated nodes  18977974 nodes/sec   64596 cur h   58 mod.depth   54 inserts   3632500 dups   1117744 size   2514756 hash fail 1297682 hash buckets 2334818
 294s visitime   17.79s generated nodes  19038142 nodes/sec   64573 cur h   63 mod.depth   49 inserts   3645129 dups   1121851 size   2523278 hash fail 1302995 hash buckets 2342134
 295s visitime   17.87s generated nodes  19098247 nodes/sec   64553 cur h   68 mod.depth   44 inserts   3657029 dups   1125975 size   2531054 hash fail 1308206 hash buckets 2348823
 296s visitime   17.95s generated nodes  19158361 nodes/sec   64533 cur h   70 mod.depth   42 inserts   3669276 dups   1129898 size   2539378 hash fail 1313296 hash buckets 2355980
 297s visitime   18.03s generated nodes  19218461 nodes/sec   64512 cur h   41 mod.depth   71 inserts   3681294 dups   1133791 size   2547503 hash fail 1318373 hash buckets 2362921
 298s visitime   18.12s generated nodes  19278527 nodes/sec   64492 cur h   38 mod.depth   66 inserts   3693441 dups   1138170 size   2555271 hash fail 1323947 hash buckets 2369494
 299s visitime   18.20s generated nodes  19338680 nodes/sec   64466 cur h   50 mod.depth   62 inserts   3706079 dups   1142401 size   2563678 hash fail 1329358 hash buckets 2376721
 301s visitime   18.28s generated nodes  19398900 nodes/sec   64441 cur h   52 mod.depth   50 inserts   3718551 dups   1146452 size   2572099 hash fail 1334603 hash buckets 2383948
 302s visitime   18.36s generated nodes  19464033 nodes/sec   64432 cur h   59 mod.depth   53 inserts   3731507 dups   1150996 size   2580511 hash fail 1340359 hash buckets 2391148
 303s visitime   18.45s generated nodes  19524183 nodes/sec   64410 cur h   48 mod.depth   64 inserts   3744231 dups   1155510 size   2588721 hash fail 1346052 hash buckets 2398179
 304s visitime   18.53s generated nodes  19584314 nodes/sec   64387 cur h   51 mod.depth   61 inserts   3756788 dups   1159949 size   2596839 hash fail 1351643 hash buckets 2405145
 305s visitime   18.60s generated nodes  19644489 nodes/sec   64365 cur h   50 mod.depth   63 inserts   3767690 dups   1163389 size   2604301 hash fail 1356207 hash buckets 2411483
 306s visitime   18.67s generated nodes  19704614 nodes/sec   64344 cur h   56 mod.depth   57 inserts   3777933 dups   1166524 size   2611409 hash fail 1360376 hash buckets 2417557
 307s visitime   18.73s generated nodes  19764701 nodes/sec   64325 cur h   75 mod.depth   38 inserts   3788208 dups   1169708 size   2618500 hash fail 1364584 hash buckets 2423624
 308s visitime   18.81s generated nodes  19819797 nodes/sec   64283 cur h   78 mod.depth   34 inserts   3798256 dups   1173004 size   2625252 hash fail 1368818 hash buckets 2429438
 309s visitime   18.88s generated nodes  19874867 nodes/sec   64250 cur h   81 mod.depth   32 inserts   3808178 dups   1176101 size   2632077 hash fail 1372937 hash buckets 2435241
 310s visitime   18.96s generated nodes  19935012 nodes/sec   64218 cur h   57 mod.depth   56 inserts   3818938 dups   1179478 size   2639460 hash fail 1377316 hash buckets 2441622
 311s visitime   19.04s generated nodes  19990166 nodes/sec   64187 cur h   44 mod.depth   66 inserts   3828908 dups   1182777 size   2646131 hash fail 1381571 hash buckets 2447337
 312s visitime   19.12s generated nodes  20045265 nodes/sec   64154 cur h   72 mod.depth   41 inserts   3838805 dups   1185905 size   2652900 hash fail 1385694 hash buckets 2453111
 313s visitime   19.21s generated nodes  20105356 nodes/sec   64127 cur h   59 mod.depth   54 inserts   3849838 dups   1189470 size   2660368 hash fail 1390409 hash buckets 2459429
 314s visitime   19.29s generated nodes  20160448 nodes/sec   64093 cur h   45 mod.depth   68 inserts   3860436 dups   1192706 size   2667730 hash fail 1394782 hash buckets 2465654
 315s visitime   19.36s generated nodes  20220674 nodes/sec   64071 cur h   64 mod.depth   49 inserts   3871170 dups   1196269 size   2674901 hash fail 1399416 hash buckets 2471754
 316s visitime   19.45s generated nodes  20280758 nodes/sec   64040 cur h   55 mod.depth   57 inserts   3882050 dups   1199668 size   2682382 hash fail 1403936 hash buckets 2478114
 317s visitime   19.53s generated nodes  20340863 nodes/sec   64008 cur h   57 mod.depth   56 inserts   3893399 dups   1203225 size   2690174 hash fail 1408597 hash buckets 2484802
 318s visitime   19.60s generated nodes  20400972 nodes/sec   63989 cur h   56 mod.depth   57 inserts   3904386 dups   1206842 size   2697544 hash fail 1413311 hash buckets 2491075
 319s visitime   19.68s generated nodes  20461094 nodes/sec   63965 cur h   63 mod.depth   50 inserts   3915483 dups   1210308 size   2705175 hash fail 1417894 hash buckets 2497589
 320s visitime   19.76s generated nodes  20521164 nodes/sec   63946 cur h   52 mod.depth   59 inserts   3926645 dups   1213943 size   2712702 hash fail 1422661 hash buckets 2503984
 321s visitime   19.84s generated nodes  20581316 nodes/sec   63927 cur h   64 mod.depth   47 inserts   3937591 dups   1217426 size   2720165 hash fail 1427269 hash buckets 2510322
 323s visitime   19.92s generated nodes  20641428 nodes/sec   63900 cur h   65 mod.depth   48 inserts   3948330 dups   1220942 size   2727388 hash fail 1431866 hash buckets 2516464
 324s visitime   20.01s generated nodes  20701557 nodes/sec   63872 cur h   58 mod.depth   55 inserts   3959392 dups   1224464 size   2734928 hash fail 1436550 hash buckets 2522842
 325s visitime   20.10s generated nodes  20761729 nodes/sec   63843 cur h   66 mod.depth   47 inserts   3971021 dups   1228263 size   2742758 hash fail 1441509 hash buckets 2529512
 326s visitime   20.18s generated nodes  20821868 nodes/sec   63818 cur h   55 mod.depth   58 inserts   3982701 dups   1232167 size   2750534 hash fail 1446577 hash buckets 2536124
 327s visitime   20.26s generated nodes  20877014 nodes/sec   63787 cur h   71 mod.depth   42 inserts   3993193 dups   1235431 size   2757762 hash fail 1450960 hash buckets 2542233
 328s visitime   20.33s generated nodes  20927065 nodes/sec   63745 cur h   64 mod.depth   49 inserts   4002750 dups   1238578 size   2764172 hash fail 1455069 hash buckets 2547681
 329s visitime   20.41s generated nodes  20987188 nodes/sec   63716 cur h   56 mod.depth   57 inserts   4014270 dups   1242359 size   2771911 hash fail 1460056 hash buckets 2554214
 330s visitime   20.49s generated nodes  21042279 nodes/sec   63688 cur h   64 mod.depth   47 inserts   4024998 dups   1245943 size   2779055 hash fail 1464718 hash buckets 2560280
 331s visitime   20.57s generated nodes  21097454 nodes/sec   63658 cur h   52 mod.depth   61 inserts   4036044 dups   1249639 size   2786405 hash fail 1469509 hash buckets 2566535
 332s visitime   20.65s generated nodes  21157584 nodes/sec   63632 cur h   62 mod.depth   51 inserts   4047814 dups   1253533 size   2794281 hash fail 1474634 hash buckets 2573180
 333s visitime   20.74s generated nodes  21212797 nodes/sec   63601 cur h   60 mod.depth   53 inserts   4058578 dups   1257133 size   2801445 hash fail 1479349 hash buckets 2579229
 334s visitime   20.83s generated nodes  21272906 nodes/sec   63581 cur h   58 mod.depth   53 inserts   4070267 dups   1261004 size   2809263 hash fail 1484408 hash buckets 2585859
 335s visitime   20.91s generated nodes  21327987 nodes/sec   63551 cur h   53 mod.depth   60 inserts   4081471 dups   1264885 size   2816586 hash fail 1489459 hash buckets 2592012
 336s visitime   21.00s generated nodes  21388166 nodes/sec   63529 cur h   55 mod.depth   54 inserts   4092760 dups   1268791 size   2823969 hash fail 1494496 hash buckets 2598264
 337s visitime   21.08s generated nodes  21448321 nodes/sec   63514 cur h   63 mod.depth   50 inserts   4104831 dups   1272901 size   2831930 hash fail 1499895 hash buckets 2604936
 338s visitime   21.16s generated nodes  21503451 nodes/sec   63486 cur h   43 mod.depth   70 inserts   4115581 dups   1276250 size   2839331 hash fail 1504408 hash buckets 2611173
 339s visitime   21.24s generated nodes  21563625 nodes/sec   63466 cur h   64 mod.depth   47 inserts   4127602 dups   1280236 size   2847366 hash fail 1509659 hash buckets 2617943
 340s visitime   21.33s generated nodes  21623672 nodes/sec   63442 cur h   41 mod.depth   72 inserts   4139686 dups   1284458 size   2855228 hash fail 1515100 hash buckets 2624586
 341s visitime   21.41s generated nodes  21683811 nodes/sec   63417 cur h   64 mod.depth   49 inserts   4151614 dups   1288477 size   2863137 hash fail 1520347 hash buckets 2631267
 342s visitime   21.50s generated nodes  21743965 nodes/sec   63396 cur h   71 mod.depth   42 inserts   4163348 dups   1292663 size   2870685 hash fail 1525728 hash buckets 2637620
 344s visitime   21.58s generated nodes  21799004 nodes/sec   63363 cur h   51 mod.depth   62 inserts   4174697 dups   1296644 size   2878053 hash fail 1530835 hash buckets 2643862
 345s visitime   21.68s generated nodes  21859142 nodes/sec   63339 cur h   71 mod.depth   42 inserts   4186946 dups   1301000 size   2885946 hash fail 1536465 hash buckets 2650481
 346s visitime   21.77s generated nodes  21914223 nodes/sec   63306 cur h   56 mod.depth   57 inserts   4198006 dups   1305103 size   2892903 hash fail 1541656 hash buckets 2656350
 347s visitime   21.86s generated nodes  21969350 nodes/sec   63282 cur h   56 mod.depth   57 inserts   4208907 dups   1309101 size   2899806 hash fail 1546717 hash buckets 2662190
 348s visitime   21.95s generated nodes  22029446 nodes/sec   63259 cur h   52 mod.depth   61 inserts   4221255 dups   1313364 size   2907891 hash fail 1552287 hash buckets 2668968
 349s visitime   22.04s generated nodes  22084522 nodes/sec   63220 cur h   70 mod.depth   44 inserts   4232066 dups   1317150 size   2914916 hash fail 1557202 hash buckets 2674864
 350s visitime   22.12s generated nodes  22139608 nodes/sec   63190 cur h   64 mod.depth   50 inserts   4241840 dups   1320068 size   2921772 hash fail 1561170 hash buckets 2680670
 351s visitime   22.20s generated nodes  22194759 nodes/sec   63160 cur h   55 mod.depth   54 inserts   4251694 dups   1323346 size   2928348 hash fail 1565490 hash buckets 2686204
 352s visitime   22.27s generated nodes  22249912 nodes/sec   63133 cur h   67 mod.depth   47 inserts   4261294 dups   1326311 size   2934983 hash fail 1569497 hash buckets 2691797
 353s visitime   22.35s generated nodes  22305079 nodes/sec   63109 cur h   58 mod.depth   55 inserts   4271080 dups   1329221 size   2941859 hash fail 1573512 hash buckets 2697568
 354s visitime   22.42s generated nodes  22360211 nodes/sec   63082 cur h   59 mod.depth   55 inserts   4280569 dups   1332222 size   2948347 hash fail 1577530 hash buckets 2703039
 355s visitime   22.51s generated nodes  22420349 nodes/sec   63056 cur h   60 mod.depth   54 inserts   4291117 dups   1335611 size   2955506 hash fail 1582073 hash buckets 2709044
 356s visitime   22.59s generated nodes  22475438 nodes/sec   63020 cur h   52 mod.depth   62 inserts   4300693 dups   1338361 size   2962332 hash fail 1585910 hash buckets 2714783
 357s visitime   22.67s generated nodes  22530579 nodes/sec   62994 cur h   62 mod.depth   52 inserts   4310511 dups   1341575 size   2968936 hash fail 1590237 hash buckets 2720274
 358s visitime   22.75s generated nodes  22585715 nodes/sec   62968 cur h   67 mod.depth   47 inserts   4320485 dups   1344695 size   2975790 hash fail 1594472 hash buckets 2726013
 359s visitime   22.84s generated nodes  22640801 nodes/sec   62937 cur h   66 mod.depth   40 inserts   4330647 dups   1347943 size   2982704 hash fail 1598870 hash buckets 2731777
 360s visitime   22.91s generated nodes  22695889 nodes/sec   62915 cur h   62 mod.depth   52 inserts   4340089 dups   1350856 size   2989233 hash fail 1602799 hash buckets 2737290
 361s visitime   22.99s generated nodes  22751011 nodes/sec   62883 cur h   61 mod.depth   53 inserts   4350386 dups   1354185 size   2996201 hash fail 1607303 hash buckets 2743083
 362s visitime   23.07s generated nodes  22806199 nodes/sec   62850 cur h   68 mod.depth   46 inserts   4360599 dups   1357213 size   3003386 hash fail 1611542 hash buckets 2749057
 363s visitime   23.16s generated nodes  22861239 nodes/sec   62823 cur h   53 mod.depth   61 inserts   4371012 dups   1360589 size   3010423 hash fail 1616078 hash buckets 2754934
 364s visitime   23.24s generated nodes  22916373 nodes/sec   62791 cur h   61 mod.depth   50 inserts   4381166 dups   1363870 size   3017296 hash fail 1620534 hash buckets 2760632
 365s visitime   23.33s generated nodes  22971452 nodes/sec   62764 cur h   80 mod.depth   34 inserts   4391054 dups   1367100 size   3023954 hash fail 1624807 hash buckets 2766247
 367s visitime   23.42s generated nodes  23026611 nodes/sec   62730 cur h   62 mod.depth   52 inserts   4401830 dups   1370628 size   3031202 hash fail 1629543 hash buckets 2772287
 368s visitime   23.51s generated nodes  23081763 nodes/sec   62699 cur h   36 mod.depth   68 inserts   4411830 dups   1373765 size   3038065 hash fail 1633841 hash buckets 2777989
 369s visitime   23.59s generated nodes  23136891 nodes/sec   62670 cur h   55 mod.depth   59 inserts   4421870 dups   1376996 size   3044874 hash fail 1638238 hash buckets 2783632
 370s visitime   23.67s generated nodes  23192042 nodes/sec   62639 cur h   56 mod.depth   57 inserts   4432318 dups   1380464 size   3051854 hash fail 1642862 hash buckets 2789456
 371s visitime   23.75s generated nodes  23247183 nodes/sec   62613 cur h   67 mod.depth   47 inserts   4442600 dups   1383719 size   3058881 hash fail 1647228 hash buckets 2795372
 372s visitime   23.83s generated nodes  23302287 nodes/sec   62586 cur h   68 mod.depth   46 inserts   4453288 dups   1387165 size   3066123 hash fail 1651889 hash buckets 2801399
 373s visitime   23.92s generated nodes  23357437 nodes/sec   62556 cur h   58 mod.depth   56 inserts   4464337 dups   1390800 size   3073537 hash fail 1656779 hash buckets 2807558
 374s visitime   24.01s generated nodes  23412562 nodes/sec   62527 cur h   62 mod.depth   52 inserts   4474556 dups   1394123 size   3080433 hash fail 1661352 hash buckets 2813204
 375s visitime   24.10s generated nodes  23467663 nodes/sec   62495 cur h   50 mod.depth   64 inserts   4484700 dups   1397211 size   3087489 hash fail 1665595 hash buckets 2819105
 376s visitime   24.19s generated nodes  23522738 nodes/sec   62467 cur h   58 mod.depth   56 inserts   4495385 dups   1400523 size   3094862 hash fail 1670155 hash buckets 2825230
 377s visitime   24.28s generated nodes  23577854 nodes/sec   62434 cur h   64 mod.depth   48 inserts   4506116 dups   1404188 size   3101928 hash fail 1675026 hash buckets 2831090
 378s visitime   24.37s generated nodes  23632925 nodes/sec   62409 cur h   61 mod.depth   53 inserts   4516568 dups   1407779 size   3108789 hash fail 1679761 hash buckets 2836807
 379s visitime   24.45s generated nodes  23687991 nodes/sec   62376 cur h   62 mod.depth   52 inserts   4527099 dups   1411486 size   3115613 hash fail 1684667 hash buckets 2842432
 380s visitime   24.54s generated nodes  23743124 nodes/sec   62349 cur h   76 mod.depth   38 inserts   4537572 dups   1414998 size   3122574 hash fail 1689389 hash buckets 2848183
 381s visitime   24.63s generated nodes  23798196 nodes/sec   62323 cur h   66 mod.depth   48 inserts   4548435 dups   1418548 size   3129887 hash fail 1694189 hash buckets 2854246
 382s visitime   24.73s generated nodes  23853276 nodes/sec   62291 cur h   69 mod.depth   45 inserts   4559054 dups   1422181 size   3136873 hash fail 1699000 hash buckets 2860054
 384s visitime   24.82s generated nodes  23908377 nodes/sec   62260 cur h   57 mod.depth   57 inserts   4569381 dups   1425395 size   3143986 hash fail 1703409 hash buckets 2865972
 385s visitime   24.91s generated nodes  23958454 nodes/sec   62228 cur h   57 mod.depth   57 inserts   4578710 dups   1428516 size   3150194 hash fail 1707648 hash buckets 2871062
 386s visitime   25.00s generated nodes  24013550 nodes/sec   62200 cur h   54 mod.depth   57 inserts   4589123 dups   1431996 size   3157127 hash fail 1712322 hash buckets 2876801
 387s visitime   25.09s generated nodes  24068636 nodes/sec   62169 cur h   57 mod.depth   57 inserts   4599800 dups   1435703 size   3164097 hash fail 1717197 hash buckets 2882603
 388s visitime   25.19s generated nodes  24123768 nodes/sec   62135 cur h   79 mod.depth   35 inserts   4610525 dups   1439515 size   3171010 hash fail 1722237 hash buckets 2888288
 389s visitime   25.28s generated nodes  24178837 nodes/sec   62108 cur h   65 mod.depth   48 inserts   4621593 dups   1443298 size   3178295 hash fail 1727226 hash buckets 2894367
 390s visitime   25.37s generated nodes  24233920 nodes/sec   62080 cur h   68 mod.depth   46 inserts   4632281 dups   1447193 size   3185088 hash fail 1732303 hash buckets 2899978
 391s visitime   25.47s generated nodes  24289043 nodes/sec   62052 cur h   70 mod.depth   44 inserts   4642984 dups   1450648 size   3192336 hash fail 1736974 hash buckets 2906010
 392s visitime   25.56s generated nodes  24344112 nodes/sec   62025 cur h   44 mod.depth   63 inserts   4653593 dups   1454411 size   3199182 hash fail 1741891 hash buckets 2911702
 393s visitime   25.65s generated nodes  24394200 nodes/sec   61994 cur h   54 mod.depth   51 inserts   4663635 dups   1458134 size   3205501 hash fail 1746736 hash buckets 2916899
 394s visitime   25.75s generated nodes  24449314 nodes/sec   61969 cur h   53 mod.depth   61 inserts   4674922 dups   1461857 size   3213065 hash fail 1751808 hash buckets 2923114
 395s visitime   25.84s generated nodes  24504428 nodes/sec   61935 cur h   61 mod.depth   53 inserts   4686006 dups   1465682 size   3220324 hash fail 1756911 hash buckets 2929095
 396s visitime   25.93s generated nodes  24559597 nodes/sec   61908 cur h   72 mod.depth   42 inserts   4696596 dups   1469342 size   3227254 hash fail 1761838 hash buckets 2934758
 397s visitime   26.03s generated nodes  24609698 nodes/sec   61877 cur h   59 mod.depth   54 inserts   4706366 dups   1472965 size   3233401 hash fail 1766511 hash buckets 2939855
 398s visitime   26.12s generated nodes  24664823 nodes/sec   61846 cur h   52 mod.depth   62 inserts   4717210 dups   1476912 size   3240298 hash fail 1771619 hash buckets 2945591
 399s visitime   26.23s generated nodes  24719930 nodes/sec   61818 cur h   55 mod.depth   55 inserts   4727946 dups   1480769 size   3247177 hash fail 1776723 hash buckets 2951223
 400s visitime   26.33s generated nodes  24770062 nodes/sec   61780 cur h   70 mod.depth   44 inserts   4738309 dups   1484199 size   3254110 hash fail 1781336 hash buckets 2956973
 401s visitime   26.42s generated nodes  24825160 nodes/sec   61756 cur h   59 mod.depth   56 inserts   4748601 dups   1487664 size   3260937 hash fail 1785974 hash buckets 2962627
 403s visitime   26.51s generated nodes  24875269 nodes/sec   61718 cur h   63 mod.depth   52 inserts   4756983 dups   1490263 size   3266720 hash fail 1789589 hash buckets 2967394
 404s visitime   26.59s generated nodes  24925367 nodes/sec   61684 cur h   59 mod.depth   56 inserts   4765533 dups   1492808 size   3272725 hash fail 1793199 hash buckets 2972334
 405s visitime   26.67s generated nodes  24975506 nodes/sec   61654 cur h   69 mod.depth   46 inserts   4773971 dups   1495403 size   3278568 hash fail 1796745 hash buckets 2977226
 406s visitime   26.76s generated nodes  25025545 nodes/sec   61613 cur h   62 mod.depth   53 inserts   4783053 dups   1498419 size   3284634 hash fail 1800857 hash buckets 2982196
 407s visitime   26.85s generated nodes  25075652 nodes/sec   61584 cur h   66 mod.depth   47 inserts   4792441 dups   1501490 size   3290951 hash fail 1805078 hash buckets 2987363
 408s visitime   26.94s generated nodes  25125730 nodes/sec   61548 cur h   61 mod.depth   54 inserts   4801219 dups   1504256 size   3296963 hash fail 1808930 hash buckets 2992289
 409s visitime   27.03s generated nodes  25175798 nodes/sec   61509 cur h   70 mod.depth   45 inserts   4810265 dups   1506884 size   3303381 hash fail 1812685 hash buckets 2997580
 410s visitime   27.12s generated nodes  25225874 nodes/sec   61475 cur h   57 mod.depth   58 inserts   4819210 dups   1509847 size   3309363 hash fail 1816748 hash buckets 3002462
 411s visitime   27.22s generated nodes  25270960 nodes/sec   61421 cur h   70 mod.depth   45 inserts   4828105 dups   1512683 size   3315422 hash fail 1820672 hash buckets 3007433
 412s visitime   27.32s generated nodes  25321100 nodes/sec   61380 cur h   48 mod.depth   67 inserts   4837316 dups   1515625 size   3321691 hash fail 1824722 hash buckets 3012594
 413s visitime   27.42s generated nodes  25371147 nodes/sec   61338 cur h   54 mod.depth   61 inserts   4846453 dups   1518417 size   3328036 hash fail 1828702 hash buckets 3017751
 414s visitime   27.52s generated nodes  25421200 nodes/sec   61298 cur h   66 mod.depth   49 inserts   4855622 dups   1521333 size   3334289 hash fail 1832739 hash buckets 3022883
 415s visitime   27.61s generated nodes  25471302 nodes/sec   61265 cur h   61 mod.depth   54 inserts   4865210 dups   1524279 size   3340931 hash fail 1836878 hash buckets 3028332
 416s visitime   27.70s generated nodes  25521426 nodes/sec   61231 cur h   72 mod.depth   43 inserts   4874231 dups   1527055 size   3347176 hash fail 1840814 hash buckets 3033417
 417s visitime   27.79s generated nodes  25571535 nodes/sec   61197 cur h   52 mod.depth   63 inserts   4883791 dups   1530013 size   3353778 hash fail 1844960 hash buckets 3038831
 418s visitime   27.88s generated nodes  25621641 nodes/sec   61160 cur h   59 mod.depth   52 inserts   4893275 dups   1533209 size   3360066 hash fail 1849312 hash buckets 3043963
 419s visitime   27.97s generated nodes  25671749 nodes/sec   61129 cur h   54 mod.depth   61 inserts   4902318 dups   1536113 size   3366205 hash fail 1853300 hash buckets 3049018
 421s visitime   28.07s generated nodes  25721809 nodes/sec   61096 cur h   65 mod.depth   45 inserts   4911889 dups   1539254 size   3372635 hash fail 1857654 hash buckets 3054235
 422s visitime   28.16s generated nodes  25771920 nodes/sec   61063 cur h   50 mod.depth   65 inserts   4921270 dups   1542337 size   3378933 hash fail 1861853 hash buckets 3059417
 423s visitime   28.25s generated nodes  25827005 nodes/sec   61034 cur h   60 mod.depth   55 inserts   4931388 dups   1545809 size   3385579 hash fail 1866531 hash buckets 3064857
 424s visitime   28.35s generated nodes  25877125 nodes/sec   61000 cur h   46 mod.depth   67 inserts   4940767 dups   1548697 size   3392070 hash fail 1870659 hash buckets 3070108
 425s visitime   28.44s generated nodes  25927238 nodes/sec   60965 cur h   54 mod.depth   61 inserts   4950584 dups   1551787 size   3398797 hash fail 1874977 hash buckets 3075607
 426s visitime   28.53s generated nodes  25977371 nodes/sec   60935 cur h   69 mod.depth   46 inserts   4959952 dups   1554975 size   3404977 hash fail 1879288 hash buckets 3080664
 427s visitime   28.63s generated nodes  26027506 nodes/sec   60899 cur h   73 mod.depth   42 inserts   4969222 dups   1558356 size   3410866 hash fail 1883741 hash buckets 3085481
 428s visitime   28.73s generated nodes  26077622 nodes/sec   60868 cur h   67 mod.depth   48 inserts   4978648 dups   1561243 size   3417405 hash fail 1887834 hash buckets 3090814
 429s visitime   28.83s generated nodes  26127732 nodes/sec   60834 cur h   63 mod.depth   52 inserts   4988286 dups   1564383 size   3423903 hash fail 1892141 hash buckets 3096145
 430s visitime   28.92s generated nodes  26177829 nodes/sec   60803 cur h   59 mod.depth   56 inserts   4997778 dups   1567458 size   3430320 hash fail 1896402 hash buckets 3101376
 431s visitime   29.01s generated nodes  26227963 nodes/sec   60772 cur h   67 mod.depth   48 inserts   5007485 dups   1570836 size   3436649 hash fail 1900933 hash buckets 3106552
 432s visitime   29.11s generated nodes  26278058 nodes/sec   60742 cur h   72 mod.depth   43 inserts   5017121 dups   1574076 size   3443045 hash fail 1905311 hash buckets 3111810
 433s visitime   29.21s generated nodes  26328107 nodes/sec   60705 cur h   57 mod.depth   58 inserts   5026547 dups   1577302 size   3449245 hash fail 1909709 hash buckets 3116838
 434s visitime   29.31s generated nodes  26373190 nodes/sec   60665 cur h   58 mod.depth   57 inserts   5035201 dups   1579916 size   3455285 hash fail 1913434 hash buckets 3121767
 435s visitime   29.41s generated nodes  26423294 nodes/sec   60625 cur h   61 mod.depth   54 inserts   5045214 dups   1583263 size   3461951 hash fail 1918005 hash buckets 3127209
 436s visitime   29.51s generated nodes  26468359 nodes/sec   60583 cur h   53 mod.depth   62 inserts   5054008 dups   1586080 size   3467928 hash fail 1921954 hash buckets 3132054
 437s visitime   29.61s generated nodes  26518473 nodes/sec   60552 cur h   71 mod.depth   39 inserts   5063405 dups   1589179 size   3474226 hash fail 1926204 hash buckets 3137201
 439s visitime   29.71s generated nodes  26568567 nodes/sec   60518 cur h   58 mod.depth   57 inserts   5073179 dups   1592350 size   3480829 hash fail 1930560 hash buckets 3142619
 440s visitime   29.81s generated nodes  26613634 nodes/sec   60482 cur h   61 mod.depth   54 inserts   5082164 dups   1595211 size   3486953 hash fail 1934632 hash buckets 3147532
 441s visitime   29.91s generated nodes  26663739 nodes/sec   60452 cur h   49 mod.depth   65 inserts   5092117 dups   1598424 size   3493693 hash fail 1939126 hash buckets 3152991
 442s visitime   30.00s generated nodes  26713841 nodes/sec   60418 cur h   71 mod.depth   44 inserts   5101626 dups   1601621 size   3500005 hash fail 1943537 hash buckets 3158089
 443s visitime   30.10s generated nodes  26763972 nodes/sec   60385 cur h   73 mod.depth   42 inserts   5111164 dups   1604900 size   3506264 hash fail 1948049 hash buckets 3163115
 444s visitime   30.20s generated nodes  26814083 nodes/sec   60354 cur h   53 mod.depth   62 inserts   5120547 dups   1608037 size   3512510 hash fail 1952379 hash buckets 3168168
 445s visitime   30.30s generated nodes  26859156 nodes/sec   60316 cur h   60 mod.depth   55 inserts   5129505 dups   1611450 size   3518055 hash fail 1956809 hash buckets 3172696
 446s visitime   30.41s generated nodes  26909264 nodes/sec   60282 cur h   54 mod.depth   61 inserts   5139324 dups   1614598 size   3524726 hash fail 1961214 hash buckets 3178110
 447s visitime   30.51s generated nodes  26959420 nodes/sec   60247 cur h   59 mod.depth   53 inserts   5148989 dups   1617767 size   3531222 hash fail 1965654 hash buckets 3183335
 448s visitime   30.62s generated nodes  27009539 nodes/sec   60215 cur h   57 mod.depth   58 inserts   5159278 dups   1621235 size   3538043 hash fail 1970443 hash buckets 3188835
 449s visitime   30.71s generated nodes  27059706 nodes/sec   60189 cur h   71 mod.depth   38 inserts   5169360 dups   1624788 size   3544572 hash fail 1975233 hash buckets 3194127
 450s visitime   30.81s generated nodes  27109788 nodes/sec   60156 cur h   47 mod.depth   64 inserts   5179418 dups   1628261 size   3551157 hash fail 1979947 hash buckets 3199471
 451s visitime   30.91s generated nodes  27159940 nodes/sec   60130 cur h   57 mod.depth   58 inserts   5188997 dups   1631809 size   3557188 hash fail 1984644 hash buckets 3204353
 452s visitime   31.02s generated nodes  27210060 nodes/sec   60094 cur h   68 mod.depth   47 inserts   5199082 dups   1635415 size   3563667 hash fail 1989478 hash buckets 3209604
 453s visitime   31.13s generated nodes  27260147 nodes/sec   60065 cur h   69 mod.depth   46 inserts   5209214 dups   1639202 size   3570012 hash fail 1994517 hash buckets 3214697
 454s visitime   31.24s generated nodes  27310223 nodes/sec   60031 cur h   52 mod.depth   63 inserts   5219433 dups   1642687 size   3576746 hash fail 1999321 hash buckets 3220112
 456s visitime   31.34s generated nodes  27360337 nodes/sec   59999 cur h   60 mod.depth   55 inserts   5229609 dups   1646211 size   3583398 hash fail 2004084 hash buckets 3225525
 457s visitime   31.44s generated nodes  27410446 nodes/sec   59967 cur h   59 mod.depth   56 inserts   5239638 dups   1649509 size   3590129 hash fail 2008694 hash buckets 3230944
 458s visitime   31.54s generated nodes  27455549 nodes/sec   59932 cur h   64 mod.depth   51 inserts   5248403 dups   1652521 size   3595882 hash fail 2012803 hash buckets 3235600
 459s visitime   31.64s generated nodes  27500598 nodes/sec   59899 cur h   58 mod.depth   57 inserts   5257236 dups   1655712 size   3601524 hash fail 2017089 hash buckets 3240147
 460s visitime   31.75s generated nodes  27550730 nodes/sec   59867 cur h   53 mod.depth   62 inserts   5266995 dups   1659095 size   3607900 hash fail 2021688 hash buckets 3245307
 461s visitime   31.85s generated nodes  27595802 nodes/sec   59835 cur h   60 mod.depth   55 inserts   5276107 dups   1662436 size   3613671 hash fail 2026167 hash buckets 3249940
 462s visitime   31.95s generated nodes  27645942 nodes/sec   59808 cur h   67 mod.depth   48 inserts   5286227 dups   1666032 size   3620195 hash fail 2031036 hash buckets 3255191
 463s visitime   32.06s generated nodes  27696072 nodes/sec   59779 cur h   60 mod.depth   52 inserts   5296344 dups   1669313 size   3627031 hash fail 2035625 hash buckets 3260719
 464s visitime   32.17s generated nodes  27746157 nodes/sec   59747 cur h   54 mod.depth   61 inserts   5306641 dups   1672927 size   3633714 hash fail 2040535 hash buckets 3266106
 465s visitime   32.26s generated nodes  27791289 nodes/sec   59713 cur h   75 mod.depth   40 inserts   5314960 dups   1675701 size   3639259 hash fail 2044384 hash buckets 3270576
 466s visitime   32.37s generated nodes  27841399 nodes/sec   59682 cur h   63 mod.depth   49 inserts   5324798 dups   1679296 size   3645502 hash fail 2049213 hash buckets 3275585
 467s visitime   32.47s generated nodes  27891536 nodes/sec   59651 cur h   47 mod.depth   69 inserts   5334674 dups   1682795 size   3651879 hash fail 2053892 hash buckets 3280782
 468s visitime   32.56s generated nodes  27936593 nodes/sec   59618 cur h   70 mod.depth   46 inserts   5342848 dups   1685382 size   3657466 hash fail 2057520 hash buckets 3285328
 469s visitime   32.65s generated nodes  27981670 nodes/sec   59584 cur h   55 mod.depth   61 inserts   5350630 dups   1687937 size   3662693 hash fail 2061047 hash buckets 3289583
 470s visitime   32.75s generated nodes  28026734 nodes/sec   59539 cur h   63 mod.depth   53 inserts   5358583 dups   1690421 size   3668162 hash fail 2064654 hash buckets 3293929
 471s visitime   32.85s generated nodes  28066813 nodes/sec   59494 cur h   68 mod.depth   48 inserts   5365843 dups   1692637 size   3673206 hash fail 2067905 hash buckets 3297938
 472s visitime   32.95s generated nodes  28111892 nodes/sec   59453 cur h   67 mod.depth   49 inserts   5374397 dups   1695455 size   3678942 hash fail 2071908 hash buckets 3302489
 473s visitime   33.04s generated nodes  28151946 nodes/sec   59409 cur h   48 mod.depth   67 inserts   5381231 dups   1697384 size   3683847 hash fail 2074789 hash buckets 3306442
 474s visitime   33.14s generated nodes  28197038 nodes/sec   59370 cur h   52 mod.depth   64 inserts   5389197 dups   1700086 size   3689111 hash fail 2078527 hash buckets 3310670
 476s visitime   33.24s generated nodes  28242154 nodes/sec   59331 cur h   51 mod.depth   65 inserts   5397367 dups   1702570 size   3694797 hash fail 2082168 hash buckets 3315199
 477s visitime   33.33s generated nodes  28287287 nodes/sec   59292 cur h   43 mod.depth   65 inserts   5405830 dups   1704891 size   3700939 hash fail 2085751 hash buckets 3320079
 478s visitime   33.44s generated nodes  28337377 nodes/sec   59256 cur h   68 mod.depth   48 inserts   5414798 dups   1707623 size   3707175 hash fail 2089697 hash buckets 3325101
 479s visitime   33.54s generated nodes  28377468 nodes/sec   59215 cur h   59 mod.depth   56 inserts   5421962 dups   1710002 size   3711960 hash fail 2093043 hash buckets 3328919
 480s visitime   33.65s generated nodes  28422547 nodes/sec   59170 cur h   58 mod.depth   56 inserts   5430332 dups   1712628 size   3717704 hash fail 2096815 hash buckets 3333517
 481s visitime   33.76s generated nodes  28467645 nodes/sec   59128 cur h   73 mod.depth   43 inserts   5438570 dups   1715407 size   3723163 hash fail 2100697 hash buckets 3337873
 482s visitime   33.85s generated nodes  28507724 nodes/sec   59087 cur h   78 mod.depth   38 inserts   5445732 dups   1717678 size   3728054 hash fail 2103940 hash buckets 3341792
 483s visitime   33.96s generated nodes  28552835 nodes/sec   59049 cur h   70 mod.depth   46 inserts   5454160 dups   1720456 size   3733704 hash fail 2107853 hash buckets 3346307
 484s visitime   34.06s generated nodes  28592903 nodes/sec   59003 cur h   42 mod.depth   73 inserts   5461032 dups   1722598 size   3738434 hash fail 2110991 hash buckets 3350041
 485s visitime   34.17s generated nodes  28637964 nodes/sec   58959 cur h   63 mod.depth   53 inserts   5469380 dups   1725326 size   3744054 hash fail 2114785 hash buckets 3354595
 486s visitime   34.26s generated nodes  28678032 nodes/sec   58919 cur h   64 mod.depth   46 inserts   5476525 dups   1727567 size   3748958 hash fail 2118006 hash buckets 3358519
 487s visitime   34.36s generated nodes  28718080 nodes/sec   58877 cur h   40 mod.depth   72 inserts   5483716 dups   1729931 size   3753785 hash fail 2121372 hash buckets 3362344
 488s visitime   34.46s generated nodes  28763141 nodes/sec   58836 cur h   66 mod.depth   50 inserts   5491895 dups   1732644 size   3759251 hash fail 2125181 hash buckets 3366714
 489s visitime   34.57s generated nodes  28808260 nodes/sec   58797 cur h   67 mod.depth   49 inserts   5500585 dups   1735485 size   3765100 hash fail 2129204 hash buckets 3371381
 491s visitime   34.68s generated nodes  28853350 nodes/sec   58755 cur h   55 mod.depth   61 inserts   5509035 dups   1738132 size   3770903 hash fail 2132993 hash buckets 3376042
 492s visitime   34.78s generated nodes  28898442 nodes/sec   58717 cur h   52 mod.depth   64 inserts   5517466 dups   1740860 size   3776606 hash fail 2136866 hash buckets 3380600
 493s visitime   34.89s generated nodes  28943520 nodes/sec   58674 cur h   55 mod.depth   61 inserts   5526522 dups   1743592 size   3782930 hash fail 2140913 hash buckets 3385609
 494s visitime   35.00s generated nodes  28988620 nodes/sec   58633 cur h   69 mod.depth   47 inserts   5534890 dups   1746020 size   3788870 hash fail 2144601 hash buckets 3390289
 495s visitime   35.09s generated nodes  29028722 nodes/sec   58595 cur h   49 mod.depth   58 inserts   5542408 dups   1748320 size   3794088 hash fail 2147982 hash buckets 3394426
 496s visitime   35.19s generated nodes  29073781 nodes/sec   58561 cur h   60 mod.depth   56 inserts   5551143 dups   1751043 size   3800100 hash fail 2151923 hash buckets 3399220
 497s visitime   35.30s generated nodes  29118842 nodes/sec   58529 cur h   48 mod.depth   65 inserts   5559713 dups   1753800 size   3805913 hash fail 2155892 hash buckets 3403821
 498s visitime   35.41s generated nodes  29163888 nodes/sec   58488 cur h   57 mod.depth   59 inserts   5568289 dups   1756720 size   3811569 hash fail 2159951 hash buckets 3408338
 499s visitime   35.51s generated nodes  29208962 nodes/sec   58451 cur h   64 mod.depth   52 inserts   5576996 dups   1759361 size   3817635 hash fail 2163771 hash buckets 3413225
 500s visitime   35.61s generated nodes  29254039 nodes/sec   58420 cur h   55 mod.depth   61 inserts   5585430 dups   1762074 size   3823356 hash fail 2167628 hash buckets 3417802
 501s visitime   35.71s generated nodes  29299112 nodes/sec   58389 cur h   54 mod.depth   58 inserts   5594127 dups   1764804 size   3829323 hash fail 2171575 hash buckets 3422552
 502s visitime   35.81s generated nodes  29344172 nodes/sec   58362 cur h   58 mod.depth   58 inserts   5602840 dups   1767681 size   3835159 hash fail 2175645 hash buckets 3427195
 503s visitime   35.91s generated nodes  29389294 nodes/sec   58328 cur h   63 mod.depth   51 inserts   5611572 dups   1770673 size   3840899 hash fail 2179838 hash buckets 3431734
 504s visitime   36.02s generated nodes  29434403 nodes/sec   58292 cur h   70 mod.depth   46 inserts   5620246 dups   1773677 size   3846569 hash fail 2183992 hash buckets 3436254
 506s visitime   36.13s generated nodes  29479457 nodes/sec   58251 cur h   50 mod.depth   65 inserts   5629113 dups   1776752 size   3852361 hash fail 2188240 hash buckets 3440873
 507s visitime   36.25s generated nodes  29524622 nodes/sec   58210 cur h   68 mod.depth   48 inserts   5638151 dups   1779460 size   3858691 hash fail 2192243 hash buckets 3445908
 508s visitime   36.35s generated nodes  29569676 nodes/sec   58179 cur h   63 mod.depth   53 inserts   5646924 dups   1782306 size   3864618 hash fail 2196296 hash buckets 3450628
 509s visitime   36.45s generated nodes  29609724 nodes/sec   58142 cur h   50 mod.depth   66 inserts   5654711 dups   1784742 size   3869969 hash fail 2199811 hash buckets 3454900
 510s visitime   36.56s generated nodes  29654771 nodes/sec   58106 cur h   52 mod.depth   64 inserts   5663126 dups   1787541 size   3875585 hash fail 2203768 hash buckets 3459358
 511s visitime   36.67s generated nodes  29699831 nodes/sec   58070 cur h   52 mod.depth   63 inserts   5671590 dups   1790316 size   3881274 hash fail 2207728 hash buckets 3463862
 512s visitime   36.79s generated nodes  29744939 nodes/sec   58030 cur h   63 mod.depth   53 inserts   5680403 dups   1793274 size   3887129 hash fail 2211961 hash buckets 3468442
 513s visitime   36.92s generated nodes  29785002 nodes/sec   57994 cur h   60 mod.depth   56 inserts   5688179 dups   1795636 size   3892543 hash fail 2215478 hash buckets 3472701
 514s visitime   37.03s generated nodes  29820049 nodes/sec   57949 cur h   65 mod.depth   48 inserts   5695083 dups   1797920 size   3897163 hash fail 2218700 hash buckets 3476383
 515s visitime   37.14s generated nodes  29860118 nodes/sec   57908 cur h   59 mod.depth   57 inserts   5702622 dups   1800447 size   3902175 hash fail 2222259 hash buckets 3480363
 516s visitime   37.24s generated nodes  29905186 nodes/sec   57877 cur h   56 mod.depth   60 inserts   5711654 dups   1803614 size   3908040 hash fail 2226637 hash buckets 3485017
 517s visitime   37.36s generated nodes  29945264 nodes/sec   57836 cur h   55 mod.depth   61 inserts   5719664 dups   1806248 size   3913416 hash fail 2230319 hash buckets 3489345
 518s visitime   37.47s generated nodes  29985325 nodes/sec   57799 cur h   53 mod.depth   63 inserts   5727562 dups   1809056 size   3918506 hash fail 2234199 hash buckets 3493363
 519s visitime   37.57s generated nodes  30025430 nodes/sec   57759 cur h   48 mod.depth   67 inserts   5735532 dups   1811568 size   3923964 hash fail 2237809 hash buckets 3497723
 520s visitime   37.68s generated nodes  30065541 nodes/sec   57724 cur h   62 mod.depth   54 inserts   5743366 dups   1814196 size   3929170 hash fail 2241592 hash buckets 3501774
 521s visitime   37.79s generated nodes  30110626 nodes/sec   57693 cur h   63 mod.depth   53 inserts   5752088 dups   1817070 size   3935018 hash fail 2245654 hash buckets 3506434
 522s visitime   37.90s generated nodes  30150676 nodes/sec   57656 cur h   65 mod.depth   51 inserts   5759872 dups   1819931 size   3939941 hash fail 2249571 hash buckets 3510301
 524s visitime   38.01s generated nodes  30195815 nodes/sec   57622 cur h   56 mod.depth   60 inserts   5768619 dups   1822828 size   3945791 hash fail 2253667 hash buckets 3514952
 525s visitime   38.13s generated nodes  30240894 nodes/sec   57590 cur h   54 mod.depth   62 inserts   5777776 dups   1826041 size   3951735 hash fail 2258155 hash buckets 3519621
 526s visitime   38.24s generated nodes  30280978 nodes/sec   57552 cur h   63 mod.depth   53 inserts   5785608 dups   1828768 size   3956840 hash fail 2261910 hash buckets 3523698
 527s visitime   38.35s generated nodes  30321025 nodes/sec   57515 cur h   81 mod.depth   35 inserts   5793184 dups   1831347 size   3961837 hash fail 2265539 hash buckets 3527645
 528s visitime   38.47s generated nodes  30361154 nodes/sec   57472 cur h   76 mod.depth   40 inserts   5801343 dups   1834154 size   3967189 hash fail 2269483 hash buckets 3531860
 529s visitime   38.59s generated nodes  30401208 nodes/sec   57430 cur h   51 mod.depth   63 inserts   5809102 dups   1836737 size   3972365 hash fail 2273158 hash buckets 3535944
 530s visitime   38.70s generated nodes  30441295 nodes/sec   57397 cur h   48 mod.depth   58 inserts   5816909 dups   1839526 size   3977383 hash fail 2276977 hash buckets 3539932
 531s visitime   38.81s generated nodes  30481363 nodes/sec   57361 cur h   73 mod.depth   43 inserts   5824882 dups   1842234 size   3982648 hash fail 2280762 hash buckets 3544120
 532s visitime   38.92s generated nodes  30526413 nodes/sec   57336 cur h   73 mod.depth   34 inserts   5834283 dups   1845291 size   3988992 hash fail 2285187 hash buckets 3549096
 533s visitime   39.03s generated nodes  30566490 nodes/sec   57297 cur h   64 mod.depth   52 inserts   5842426 dups   1848021 size   3994405 hash fail 2289002 hash buckets 3553424
 534s visitime   39.14s generated nodes  30606564 nodes/sec   57265 cur h   78 mod.depth   38 inserts   5850614 dups   1850887 size   3999727 hash fail 2293043 hash buckets 3557571
 535s visitime   39.26s generated nodes  30651646 nodes/sec   57227 cur h   71 mod.depth   45 inserts   5859722 dups   1853718 size   4006004 hash fail 2297139 hash buckets 3562583
 536s visitime   39.38s generated nodes  30696759 nodes/sec   57198 cur h   69 mod.depth   47 inserts   5869374 dups   1857033 size   4012341 hash fail 2301802 hash buckets 3567572
 537s visitime   39.49s generated nodes  30736819 nodes/sec   57164 cur h   53 mod.depth   62 inserts   5877662 dups   1859832 size   4017830 hash fail 2305771 hash buckets 3571891
 538s visitime   39.60s generated nodes  30776904 nodes/sec   57121 cur h   48 mod.depth   68 inserts   5885418 dups   1862515 size   4022903 hash fail 2309578 hash buckets 3575840
 539s visitime   39.73s generated nodes  30817045 nodes/sec   57080 cur h   67 mod.depth   49 inserts   5893595 dups   1865373 size   4028222 hash fail 2313545 hash buckets 3580050
 540s visitime   39.84s generated nodes  30857090 nodes/sec   57043 cur h   70 mod.depth   46 inserts   5901569 dups   1867923 size   4033646 hash fail 2317278 hash buckets 3584291
 542s visitime   39.96s generated nodes  30897163 nodes/sec   57004 cur h   63 mod.depth   53 inserts   5909800 dups   1870675 size   4039125 hash fail 2321230 hash buckets 3588570
 543s visitime   40.08s generated nodes  30937272 nodes/sec   56969 cur h   57 mod.depth   59 inserts   5918089 dups   1873552 size   4044537 hash fail 2325235 hash buckets 3592854
 544s visitime   40.19s generated nodes  30982332 nodes/sec   56937 cur h   63 mod.depth   53 inserts   5927309 dups   1876748 size   4050561 hash fail 2329682 hash buckets 3597627
 545s visitime   40.31s generated nodes  31022415 nodes/sec   56903 cur h   46 mod.depth   70 inserts   5935515 dups   1879570 size   4055945 hash fail 2333612 hash buckets 3601903
 546s visitime   40.44s generated nodes  31067513 nodes/sec   56869 cur h   46 mod.depth   67 inserts   5945004 dups   1882981 size   4062023 hash fail 2338305 hash buckets 3606699
 547s visitime   40.54s generated nodes  31107602 nodes/sec   56837 cur h   71 mod.depth   45 inserts   5952976 dups   1885802 size   4067174 hash fail 2342192 hash buckets 3610784
 548s visitime   40.66s generated nodes  31152735 nodes/sec   56807 cur h   50 mod.depth   66 inserts   5962315 dups   1888819 size   4073496 hash fail 2346523 hash buckets 3615792
 549s visitime   40.77s generated nodes  31192830 nodes/sec   56774 cur h   59 mod.depth   57 inserts   5970380 dups   1891881 size   4078499 hash fail 2350663 hash buckets 3619717
 550s visitime   40.89s generated nodes  31232894 nodes/sec   56733 cur h   67 mod.depth   49 inserts   5978258 dups   1894694 size   4083564 hash fail 2354563 hash buckets 3623695
 551s visitime   41.01s generated nodes  31277988 nodes/sec   56704 cur h   57 mod.depth   58 inserts   5987471 dups   1897783 size   4089688 hash fail 2358933 hash buckets 3628538
 552s visitime   41.11s generated nodes  31318060 nodes/sec   56663 cur h   61 mod.depth   56 inserts   5994437 dups   1899945 size   4094492 hash fail 2362159 hash buckets 3632278
 553s visitime   41.22s generated nodes  31358156 nodes/sec   56621 cur h   65 mod.depth   52 inserts   6001520 dups   1902140 size   4099380 hash fail 2365382 hash buckets 3636138
 554s visitime   41.33s generated nodes  31398281 nodes/sec   56579 cur h   60 mod.depth   56 inserts   6008602 dups   1904410 size   4104192 hash fail 2368703 hash buckets 3639899
 556s visitime   41.44s generated nodes  31438393 nodes/sec   56539 cur h   77 mod.depth   40 inserts   6015749 dups   1906564 size   4109185 hash fail 2371917 hash buckets 3643832
 557s visitime   41.55s generated nodes  31478471 nodes/sec   56501 cur h   55 mod.depth   62 inserts   6022778 dups   1908566 size   4114212 hash fail 2375024 hash buckets 3647754
 558s visitime   41.65s generated nodes  31513536 nodes/sec   56462 cur h   50 mod.depth   67 inserts   6028994 dups   1910372 size   4118622 hash fail 2377820 hash buckets 3651174
 559s visitime   41.76s generated nodes  31553648 nodes/sec   56423 cur h   47 mod.depth   69 inserts   6036291 dups   1912715 size   4123576 hash fail 2381238 hash buckets 3655053
 560s visitime   41.87s generated nodes  31593693 nodes/sec   56390 cur h   65 mod.depth   52 inserts   6043438 dups   1914895 size   4128543 hash fail 2384527 hash buckets 3658911
 561s visitime   41.97s generated nodes  31628818 nodes/sec   56349 cur h   72 mod.depth   45 inserts   6049616 dups   1916653 size   4132963 hash fail 2387266 hash buckets 3662350
 562s visitime   42.08s generated nodes  31668929 nodes/sec   56311 cur h   73 mod.depth   44 inserts   6056902 dups   1918799 size   4138103 hash fail 2390579 hash buckets 3666323
 563s visitime   42.18s generated nodes  31709062 nodes/sec   56273 cur h   55 mod.depth   60 inserts   6064168 dups   1920743 size   4143425 hash fail 2393715 hash buckets 3670453
 564s visitime   42.29s generated nodes  31749176 nodes/sec   56233 cur h   71 mod.depth   46 inserts   6070983 dups   1923034 size   4147949 hash fail 2397005 hash buckets 3673978
 565s visitime   42.40s generated nodes  31789249 nodes/sec   56191 cur h   53 mod.depth   64 inserts   6078244 dups   1925195 size   4153049 hash fail 2400292 hash buckets 3677952
 566s visitime   42.50s generated nodes  31829329 nodes/sec   56154 cur h   75 mod.depth   42 inserts   6085282 dups   1927271 size   4158011 hash fail 2403518 hash buckets 3681764
 567s visitime   42.61s generated nodes  31869411 nodes/sec   56113 cur h   52 mod.depth   58 inserts   6092557 dups   1929448 size   4163109 hash fail 2406765 hash buckets 3685792
 569s visitime   42.72s generated nodes  31909450 nodes/sec   56074 cur h   61 mod.depth   56 inserts   6099835 dups   1931823 size   4168012 hash fail 2410169 hash buckets 3689666
 570s visitime   42.83s generated nodes  31949584 nodes/sec   56039 cur h   59 mod.depth   58 inserts   6106800 dups   1933942 size   4172858 hash fail 2413335 hash buckets 3693465
 571s visitime   42.94s generated nodes  31989656 nodes/sec   56000 cur h   59 mod.depth   58 inserts   6114202 dups   1936238 size   4177964 hash fail 2416774 hash buckets 3697428
 572s visitime   43.05s generated nodes  32029700 nodes/sec   55966 cur h   59 mod.depth   58 inserts   6121425 dups   1938550 size   4182875 hash fail 2420173 hash buckets 3701252
 573s visitime   43.16s generated nodes  32069786 nodes/sec   55930 cur h   63 mod.depth   54 inserts   6129075 dups   1941034 size   4188041 hash fail 2423772 hash buckets 3705303
 574s visitime   43.27s generated nodes  32109878 nodes/sec   55894 cur h   69 mod.depth   48 inserts   6136590 dups   1943334 size   4193256 hash fail 2427250 hash buckets 3709340
 575s visitime   43.38s generated nodes  32144953 nodes/sec   55850 cur h   60 mod.depth   57 inserts   6143031 dups   1945265 size   4197766 hash fail 2430165 hash buckets 3712866
 576s visitime   43.50s generated nodes  32184999 nodes/sec   55812 cur h   75 mod.depth   42 inserts   6150715 dups   1947572 size   4203143 hash fail 2433682 hash buckets 3717033
 577s visitime   43.62s generated nodes  32225084 nodes/sec   55777 cur h   62 mod.depth   55 inserts   6158366 dups   1949972 size   4208394 hash fail 2437247 hash buckets 3721119
 578s visitime   43.72s generated nodes  32260132 nodes/sec   55740 cur h   58 mod.depth   59 inserts   6164932 dups   1952268 size   4212664 hash fail 2440469 hash buckets 3724463
 579s visitime   43.83s generated nodes  32300242 nodes/sec   55707 cur h   74 mod.depth   43 inserts   6172512 dups   1954631 size   4217881 hash fail 2444006 hash buckets 3728506
 580s visitime   43.94s generated nodes  32340370 nodes/sec   55669 cur h   71 mod.depth   46 inserts   6179904 dups   1956940 size   4222964 hash fail 2447406 hash buckets 3732498
 582s visitime   44.06s generated nodes  32380446 nodes/sec   55633 cur h   62 mod.depth   55 inserts   6187334 dups   1959213 size   4228121 hash fail 2450822 hash buckets 3736512
 583s visitime   44.17s generated nodes  32420488 nodes/sec   55596 cur h   71 mod.depth   46 inserts   6194587 dups   1961548 size   4233039 hash fail 2454212 hash buckets 3740375
 584s visitime   44.27s generated nodes  32460629 nodes/sec   55561 cur h   55 mod.depth   62 inserts   6201839 dups   1963881 size   4237958 hash fail 2457608 hash buckets 3744231
 585s visitime   44.39s generated nodes  32500674 nodes/sec   55526 cur h   58 mod.depth   59 inserts   6209402 dups   1965954 size   4243448 hash fail 2460889 hash buckets 3748513
 586s visitime   44.51s generated nodes  32540709 nodes/sec   55486 cur h   69 mod.depth   48 inserts   6217060 dups   1968478 size   4248582 hash fail 2464568 hash buckets 3752492
 587s visitime   44.61s generated nodes  32575770 nodes/sec   55450 cur h   69 mod.depth   48 inserts   6223862 dups   1970569 size   4253293 hash fail 2467722 hash buckets 3756140
 588s visitime   44.72s generated nodes  32610847 nodes/sec   55414 cur h   61 mod.depth   56 inserts   6230566 dups   1972773 size   4257793 hash fail 2470937 hash buckets 3759629
 589s visitime   44.83s generated nodes  32650931 nodes/sec   55385 cur h   57 mod.depth   60 inserts   6238202 dups   1975191 size   4263011 hash fail 2474557 hash buckets 3763645
 590s visitime   44.94s generated nodes  32691008 nodes/sec   55354 cur h   49 mod.depth   64 inserts   6245413 dups   1977320 size   4268093 hash fail 2477812 hash buckets 3767601
 591s visitime   45.06s generated nodes  32731099 nodes/sec   55315 cur h   59 mod.depth   58 inserts   6252908 dups   1979813 size   4273095 hash fail 2481413 hash buckets 3771495
 592s visitime   45.17s generated nodes  32771155 nodes/sec   55279 cur h   75 mod.depth   42 inserts   6260489 dups   1982083 size   4278406 hash fail 2484878 hash buckets 3775611
 593s visitime   45.28s generated nodes  32806227 nodes/sec   55243 cur h   55 mod.depth   62 inserts   6266776 dups   1983962 size   4282814 hash fail 2487740 hash buckets 3779036
 594s visitime   45.40s generated nodes  32846286 nodes/sec   55209 cur h   57 mod.depth   60 inserts   6274766 dups   1986602 size   4288164 hash fail 2491620 hash buckets 3783146
 596s visitime   45.51s generated nodes  32886383 nodes/sec   55171 cur h   71 mod.depth   46 inserts   6282143 dups   1988782 size   4293361 hash fail 2494957 hash buckets 3787186
 597s visitime   45.63s generated nodes  32926458 nodes/sec   55136 cur h   67 mod.depth   50 inserts   6289745 dups   1991197 size   4298548 hash fail 2498468 hash buckets 3791277
 598s visitime   45.73s generated nodes  32961532 nodes/sec   55101 cur h   54 mod.depth   63 inserts   6296515 dups   1993308 size   4303207 hash fail 2501643 hash buckets 3794872
 599s visitime   45.85s generated nodes  33001610 nodes/sec   55070 cur h   61 mod.depth   52 inserts   6304211 dups   1995787 size   4308424 hash fail 2505288 hash buckets 3798923
 600s visitime   45.96s generated nodes  33041663 nodes/sec   55039 cur h   73 mod.depth   44 inserts   6311905 dups   1998269 size   4313636 hash fail 2508954 hash buckets 3802951
 601s visitime   46.07s generated nodes  33081732 nodes/sec   55005 cur h   63 mod.depth   54 inserts   6319695 dups   2000827 size   4318868 hash fail 2512731 hash buckets 3806964
 602s visitime   46.19s generated nodes  33121766 nodes/sec   54969 cur h   61 mod.depth   53 inserts   6326739 dups   2003196 size   4323543 hash fail 2516164 hash buckets 3810575
 603s visitime   46.31s generated nodes  33161824 nodes/sec   54933 cur h   61 mod.depth   55 inserts   6334368 dups   2005609 size   4328759 hash fail 2519778 hash buckets 3814590
 604s visitime   46.43s generated nodes  33201870 nodes/sec   54896 cur h   54 mod.depth   57 inserts   6341978 dups   2008178 size   4333800 hash fail 2523499 hash buckets 3818479
 605s visitime   46.54s generated nodes  33236919 nodes/sec   54861 cur h   48 mod.depth   61 inserts   6348857 dups   2010450 size   4338407 hash fail 2526794 hash buckets 3822063
 606s visitime   46.66s generated nodes  33276945 nodes/sec   54825 cur h   64 mod.depth   53 inserts   6356302 dups   2012825 size   4343477 hash fail 2530329 hash buckets 3825973
 608s visitime   46.72s generated nodes  33297002 nodes/sec   54763 cur h   48 mod.depth   69 inserts   6360322 dups   2014049 size   4346273 hash fail 2532202 hash buckets 3828120
 609s visitime   46.83s generated nodes  33332054 nodes/sec   54729 cur h   73 mod.depth   44 inserts   6366936 dups   2016192 size   4350744 hash fail 2535403 hash buckets 3831533
 610s visitime   46.94s generated nodes  33372168 nodes/sec   54698 cur h   63 mod.depth   51 inserts   6374672 dups   2018595 size   4356077 hash fail 2539033 hash buckets 3835639
 611s visitime   47.05s generated nodes  33407223 nodes/sec   54664 cur h   56 mod.depth   61 inserts   6381286 dups   2020770 size   4360516 hash fail 2542198 hash buckets 3839088
 612s visitime   47.18s generated nodes  33447323 nodes/sec   54630 cur h   63 mod.depth   54 inserts   6389271 dups   2023208 size   4366063 hash fail 2545940 hash buckets 3843331
 613s visitime   47.30s generated nodes  33487427 nodes/sec   54598 cur h   55 mod.depth   62 inserts   6397551 dups   2026118 size   4371433 hash fail 2550114 hash buckets 3847437
 614s visitime   47.43s generated nodes  33527523 nodes/sec   54565 cur h   67 mod.depth   50 inserts   6405558 dups   2028705 size   4376853 hash fail 2553939 hash buckets 3851619
 615s visitime   47.54s generated nodes  33567604 nodes/sec   54533 cur h   59 mod.depth   58 inserts   6413272 dups   2031108 size   4382164 hash fail 2557519 hash buckets 3855753
 616s visitime   47.66s generated nodes  33602683 nodes/sec   54501 cur h   84 mod.depth   32 inserts   6420386 dups   2033410 size   4386976 hash fail 2560965 hash buckets 3859421
 617s visitime   47.79s generated nodes  33642755 nodes/sec   54461 cur h   56 mod.depth   61 inserts   6427955 dups   2035844 size   4392111 hash fail 2564580 hash buckets 3863375
 618s visitime   47.92s generated nodes  33677816 nodes/sec   54422 cur h   60 mod.depth   57 inserts   6434949 dups   2038001 size   4396948 hash fail 2567845 hash buckets 3867104
 619s visitime   48.05s generated nodes  33717912 nodes/sec   54388 cur h   56 mod.depth   61 inserts   6442863 dups   2040733 size   4402130 hash fail 2571753 hash buckets 3871110
 620s visitime   48.17s generated nodes  33752975 nodes/sec   54352 cur h   68 mod.depth   47 inserts   6450104 dups   2043164 size   4406940 hash fail 2575274 hash buckets 3874830
 622s visitime   48.28s generated nodes  33788031 nodes/sec   54321 cur h   69 mod.depth   48 inserts   6456757 dups   2045242 size   4411515 hash fail 2578413 hash buckets 3878344
 623s visitime   48.40s generated nodes  33828107 nodes/sec   54294 cur h   49 mod.depth   64 inserts   6464732 dups   2047993 size   4416739 hash fail 2582378 hash buckets 3882354
 624s visitime   48.52s generated nodes  33868262 nodes/sec   54262 cur h   64 mod.depth   53 inserts   6472487 dups   2050837 size   4421650 hash fail 2586366 hash buckets 3886121
 625s visitime   48.63s generated nodes  33908378 nodes/sec   54237 cur h   71 mod.depth   46 inserts   6480140 dups   2053217 size   4426923 hash fail 2590013 hash buckets 3890127
 626s visitime   48.75s generated nodes  33948447 nodes/sec   54204 cur h   71 mod.depth   46 inserts   6488143 dups   2055900 size   4432243 hash fail 2593899 hash buckets 3894244
 627s visitime   48.88s generated nodes  33988567 nodes/sec   54171 cur h   55 mod.depth   62 inserts   6495886 dups   2058492 size   4437394 hash fail 2597663 hash buckets 3898223
 628s visitime   48.98s generated nodes  34023639 nodes/sec   54140 cur h   46 mod.depth   71 inserts   6502318 dups   2060666 size   4441652 hash fail 2600852 hash buckets 3901466
 629s visitime   49.10s generated nodes  34063732 nodes/sec   54110 cur h   69 mod.depth   48 inserts   6510195 dups   2063228 size   4446967 hash fail 2604675 hash buckets 3905520
 630s visitime   49.22s generated nodes  34103876 nodes/sec   54084 cur h   58 mod.depth   59 inserts   6518394 dups   2066048 size   4452346 hash fail 2608735 hash buckets 3909659
 631s visitime   49.35s generated nodes  34143954 nodes/sec   54051 cur h   57 mod.depth   60 inserts   6526265 dups   2068708 size   4457557 hash fail 2612602 hash buckets 3913663
 632s visitime   49.46s generated nodes  34184064 nodes/sec   54024 cur h   56 mod.depth   61 inserts   6533906 dups   2071041 size   4462865 hash fail 2616172 hash buckets 3917734
 633s visitime   49.57s generated nodes  34224128 nodes/sec   54000 cur h   60 mod.depth   53 inserts   6541945 dups   2073630 size   4468315 hash fail 2620023 hash buckets 3921922
 634s visitime   49.68s generated nodes  34264179 nodes/sec   53977 cur h   55 mod.depth   62 inserts   6549852 dups   2076377 size   4473475 hash fail 2623955 hash buckets 3925897
 635s visitime   49.80s generated nodes  34299236 nodes/sec   53942 cur h   48 mod.depth   69 inserts   6556680 dups   2078705 size   4477975 hash fail 2627352 hash buckets 3929328
 636s visitime   49.93s generated nodes  34334310 nodes/sec   53901 cur h   72 mod.depth   45 inserts   6563643 dups   2081191 size   4482452 hash fail 2630946 hash buckets 3932697
 638s visitime   50.07s generated nodes  34374426 nodes/sec   53874 cur h   68 mod.depth   49 inserts   6571444 dups   2083740 size   4487704 hash fail 2634710 hash buckets 3936734
 639s visitime   50.19s generated nodes  34409507 nodes/sec   53843 cur h   74 mod.depth   43 inserts   6578253 dups   2085970 size   4492283 hash fail 2637998 hash buckets 3940255
 640s visitime   50.32s generated nodes  34449568 nodes/sec   53810 cur h   66 mod.depth   51 inserts   6586336 dups   2088467 size   4497869 hash fail 2641883 hash buckets 3944453
 641s visitime   50.44s generated nodes  34489646 nodes/sec   53781 cur h   61 mod.depth   56 inserts   6594162 dups   2091069 size   4503093 hash fail 2645751 hash buckets 3948411
 642s visitime   50.57s generated nodes  34529693 nodes/sec   53750 cur h   52 mod.depth   62 inserts   6602017 dups   2093715 size   4508302 hash fail 2649589 hash buckets 3952428
 643s visitime   50.68s generated nodes  34564783 nodes/sec   53720 cur h   46 mod.depth   71 inserts   6609068 dups   2096037 size   4513031 hash fail 2652970 hash buckets 3956098
 644s visitime   50.81s generated nodes  34604842 nodes/sec   53694 cur h   49 mod.depth   67 inserts   6617247 dups   2098848 size   4518399 hash fail 2657034 hash buckets 3960213
 645s visitime   50.92s generated nodes  34644916 nodes/sec   53667 cur h   42 mod.depth   75 inserts   6625303 dups   2101693 size   4523610 hash fail 2661108 hash buckets 3964195
 646s visitime   51.04s generated nodes  34679974 nodes/sec   53637 cur h   61 mod.depth   52 inserts   6632220 dups   2103948 size   4528272 hash fail 2664479 hash buckets 3967741
 647s visitime   51.17s generated nodes  34715051 nodes/sec   53605 cur h   43 mod.depth   72 inserts   6638937 dups   2106412 size   4532525 hash fail 2667948 hash buckets 3970989
 648s visitime   51.30s generated nodes  34755126 nodes/sec   53573 cur h   57 mod.depth   60 inserts   6647355 dups   2109340 size   4538015 hash fail 2672168 hash buckets 3975187
 649s visitime   51.42s generated nodes  34790221 nodes/sec   53544 cur h   58 mod.depth   59 inserts   6654525 dups   2111747 size   4542778 hash fail 2675685 hash buckets 3978840
 650s visitime   51.55s generated nodes  34825289 nodes/sec   53512 cur h   60 mod.depth   54 inserts   6661683 dups   2114325 size   4547358 hash fail 2679370 hash buckets 3982313
 651s visitime   51.67s generated nodes  34865420 nodes/sec   53480 cur h   54 mod.depth   63 inserts   6669478 dups   2116870 size   4552608 hash fail 2683215 hash buckets 3986263
 653s visitime   51.80s generated nodes  34905471 nodes/sec   53450 cur h   71 mod.depth   46 inserts   6677390 dups   2119405 size   4557985 hash fail 2687047 hash buckets 3990343
 654s visitime   51.92s generated nodes  34945532 nodes/sec   53421 cur h   56 mod.depth   61 inserts   6685564 dups   2122133 size   4563431 hash fail 2691100 hash buckets 3994464
 655s visitime   52.05s generated nodes  34985612 nodes/sec   53390 cur h   68 mod.depth   48 inserts   6693757 dups   2125009 size   4568748 hash fail 2695286 hash buckets 3998471
 656s visitime   52.18s generated nodes  35025718 nodes/sec   53365 cur h   58 mod.depth   59 inserts   6701826 dups   2127775 size   4574051 hash fail 2699326 hash buckets 4002500
 657s visitime   52.29s generated nodes  35060800 nodes/sec   53335 cur h   52 mod.depth   63 inserts   6708433 dups   2129967 size   4578466 hash fail 2702586 hash buckets 4005847
 658s visitime   52.42s generated nodes  35100840 nodes/sec   53309 cur h   55 mod.depth   57 inserts   6716580 dups   2132855 size   4583725 hash fail 2706710 hash buckets 4009870
 659s visitime   52.55s generated nodes  35135905 nodes/sec   53276 cur h   63 mod.depth   53 inserts   6723683 dups   2135331 size   4588352 hash fail 2710322 hash buckets 4013361
 660s visitime   52.68s generated nodes  35175956 nodes/sec   53250 cur h   54 mod.depth   63 inserts   6731783 dups   2138160 size   4593623 hash fail 2714455 hash buckets 4017328
 661s visitime   52.78s generated nodes  35211032 nodes/sec   53218 cur h   58 mod.depth   60 inserts   6738162 dups   2140110 size   4598052 hash fail 2717474 hash buckets 4020688
 662s visitime   52.89s generated nodes  35246105 nodes/sec   53186 cur h   66 mod.depth   50 inserts   6744361 dups   2142098 size   4602263 hash fail 2720473 hash buckets 4023888
 663s visitime   53.00s generated nodes  35286158 nodes/sec   53159 cur h   64 mod.depth   54 inserts   6751071 dups   2144076 size   4606995 hash fail 2723537 hash buckets 4027534
 664s visitime   53.10s generated nodes  35321191 nodes/sec   53129 cur h   70 mod.depth   48 inserts   6757243 dups   2146044 size   4611199 hash fail 2726540 hash buckets 4030703
 665s visitime   53.21s generated nodes  35361297 nodes/sec   53098 cur h   49 mod.depth   61 inserts   6764199 dups   2148068 size   4616131 hash fail 2729740 hash buckets 4034459
 667s visitime   53.32s generated nodes  35396366 nodes/sec   53066 cur h   57 mod.depth   57 inserts   6770495 dups   2149839 size   4620656 hash fail 2732556 hash buckets 4037939
 668s visitime   53.43s generated nodes  35436420 nodes/sec   53035 cur h   52 mod.depth   65 inserts   6777383 dups   2151854 size   4625529 hash fail 2735739 hash buckets 4041644
 669s visitime   53.54s generated nodes  35471501 nodes/sec   53003 cur h   61 mod.depth   57 inserts   6783254 dups   2153634 size   4629620 hash fail 2738504 hash buckets 4044750
 670s visitime   53.64s generated nodes  35506536 nodes/sec   52975 cur h   53 mod.depth   65 inserts   6789853 dups   2155672 size   4634181 hash fail 2741655 hash buckets 4048198
 671s visitime   53.75s generated nodes  35541598 nodes/sec   52944 cur h   67 mod.depth   51 inserts   6796080 dups   2157607 size   4638473 hash fail 2744647 hash buckets 4051433
 672s visitime   53.85s generated nodes  35576686 nodes/sec   52917 cur h   66 mod.depth   52 inserts   6802704 dups   2159460 size   4643244 hash fail 2747629 hash buckets 4055075
 673s visitime   53.96s generated nodes  35616782 nodes/sec   52890 cur h   68 mod.depth   50 inserts   6809871 dups   2161758 size   4648113 hash fail 2751084 hash buckets 4058787
 674s visitime   54.06s generated nodes  35651833 nodes/sec   52862 cur h   57 mod.depth   61 inserts   6815975 dups   2163657 size   4652318 hash fail 2754016 hash buckets 4061959
 675s visitime   54.17s generated nodes  35686942 nodes/sec   52833 cur h   73 mod.depth   45 inserts   6822406 dups   2165699 size   4656707 hash fail 2757138 hash buckets 4065268
 676s visitime   54.27s generated nodes  35722049 nodes/sec   52805 cur h   52 mod.depth   66 inserts   6828889 dups   2167493 size   4661396 hash fail 2760050 hash buckets 4068839
 677s visitime   54.38s generated nodes  35757138 nodes/sec   52776 cur h   63 mod.depth   55 inserts   6835123 dups   2169390 size   4665733 hash fail 2763004 hash buckets 4072119
 678s visitime   54.48s generated nodes  35792172 nodes/sec   52748 cur h   62 mod.depth   56 inserts   6841361 dups   2171341 size   4670020 hash fail 2766032 hash buckets 4075329
 679s visitime   54.59s generated nodes  35827237 nodes/sec   52718 cur h   45 mod.depth   73 inserts   6847527 dups   2173202 size   4674325 hash fail 2768932 hash buckets 4078595
 680s visitime   54.71s generated nodes  35867311 nodes/sec   52688 cur h   59 mod.depth   59 inserts   6854608 dups   2175445 size   4679163 hash fail 2772414 hash buckets 4082194
 681s visitime   54.82s generated nodes  35902358 nodes/sec   52657 cur h   77 mod.depth   41 inserts   6861006 dups   2177500 size   4683506 hash fail 2775495 hash buckets 4085511
 682s visitime   54.94s generated nodes  35942472 nodes/sec   52629 cur h   75 mod.depth   43 inserts   6868327 dups   2179699 size   4688628 hash fail 2778910 hash buckets 4089417
 684s visitime   55.05s generated nodes  35977560 nodes/sec   52598 cur h   69 mod.depth   49 inserts   6874808 dups   2181629 size   4693179 hash fail 2781923 hash buckets 4092885
 685s visitime   55.15s generated nodes  36012612 nodes/sec   52571 cur h   75 mod.depth   43 inserts   6881213 dups   2183783 size   4697430 hash fail 2785086 hash buckets 4096127
 686s visitime   55.26s generated nodes  36052758 nodes/sec   52545 cur h   51 mod.depth   67 inserts   6888531 dups   2186040 size   4702491 hash fail 2788566 hash buckets 4099965
 687s visitime   55.38s generated nodes  36087817 nodes/sec   52515 cur h   61 mod.depth   55 inserts   6895099 dups   2188138 size   4706961 hash fail 2791761 hash buckets 4103338
 688s visitime   55.49s generated nodes  36122899 nodes/sec   52484 cur h   65 mod.depth   53 inserts   6901553 dups   2190046 size   4711507 hash fail 2794805 hash buckets 4106748
 689s visitime   55.60s generated nodes  36157986 nodes/sec   52456 cur h   72 mod.depth   46 inserts   6907995 dups   2192096 size   4715899 hash fail 2797949 hash buckets 4110046
 690s visitime   55.71s generated nodes  36198058 nodes/sec   52435 cur h   57 mod.depth   61 inserts   6915251 dups   2194274 size   4720977 hash fail 2801372 hash buckets 4113879
 691s visitime   55.81s generated nodes  36233096 nodes/sec   52408 cur h   55 mod.depth   63 inserts   6921380 dups   2196179 size   4725201 hash fail 2804278 hash buckets 4117102
 692s visitime   55.92s generated nodes  36268183 nodes/sec   52382 cur h   66 mod.depth   52 inserts   6928020 dups   2198343 size   4729677 hash fail 2807584 hash buckets 4120436
 693s visitime   56.03s generated nodes  36303243 nodes/sec   52353 cur h   67 mod.depth   51 inserts   6934167 dups   2200343 size   4733824 hash fail 2810647 hash buckets 4123520
 694s visitime   56.14s generated nodes  36338280 nodes/sec   52327 cur h   54 mod.depth   62 inserts   6940745 dups   2202374 size   4738371 hash fail 2813797 hash buckets 4126948
 695s visitime   56.26s generated nodes  36378406 nodes/sec   52300 cur h   45 mod.depth   65 inserts   6948167 dups   2204409 size   4743758 hash fail 2817154 hash buckets 4131013
 696s visitime   56.39s generated nodes  36408512 nodes/sec   52266 cur h   55 mod.depth   56 inserts   6953826 dups   2206241 size   4747585 hash fail 2819891 hash buckets 4133935
 697s visitime   56.50s generated nodes  36443548 nodes/sec   52234 cur h   43 mod.depth   75 inserts   6960248 dups   2208336 size   4751912 hash fail 2823028 hash buckets 4137220
 698s visitime   56.62s generated nodes  36478609 nodes/sec   52205 cur h   55 mod.depth   63 inserts   6966892 dups   2210450 size   4756442 hash fail 2826279 hash buckets 4140613
 699s visitime   56.73s generated nodes  36513698 nodes/sec   52176 cur h   70 mod.depth   48 inserts   6973583 dups   2212642 size   4760941 hash fail 2829579 hash buckets 4144004
 700s visitime   56.85s generated nodes  36553759 nodes/sec   52149 cur h   62 mod.depth   56 inserts   6981247 dups   2215187 size   4766060 hash fail 2833379 hash buckets 4147868
 702s visitime   56.98s generated nodes  36588821 nodes/sec   52118 cur h   78 mod.depth   40 inserts   6987772 dups   2217408 size   4770364 hash fail 2836648 hash buckets 4151124
 703s visitime   57.09s generated nodes  36623971 nodes/sec   52092 cur h   66 mod.depth   52 inserts   6994106 dups   2219449 size   4774657 hash fail 2839763 hash buckets 4154343
 704s visitime   57.21s generated nodes  36659054 nodes/sec   52063 cur h   57 mod.depth   61 inserts   7000738 dups   2221587 size   4779151 hash fail 2843058 hash buckets 4157680
 705s visitime   57.32s generated nodes  36694144 nodes/sec   52035 cur h   63 mod.depth   55 inserts   7007227 dups   2223596 size   4783631 hash fail 2846195 hash buckets 4161032
 706s visitime   57.43s generated nodes  36729180 nodes/sec   52007 cur h   52 mod.depth   66 inserts   7013472 dups   2225529 size   4787943 hash fail 2849115 hash buckets 4164357
 707s visitime   57.55s generated nodes  36764249 nodes/sec   51979 cur h   54 mod.depth   64 inserts   7019987 dups   2227630 size   4792357 hash fail 2852274 hash buckets 4167713
 708s visitime   57.66s generated nodes  36799329 nodes/sec   51953 cur h   56 mod.depth   62 inserts   7026683 dups   2229854 size   4796829 hash fail 2855585 hash buckets 4171098
 709s visitime   57.77s generated nodes  36834407 nodes/sec   51924 cur h   64 mod.depth   54 inserts   7033116 dups   2231861 size   4801255 hash fail 2858748 hash buckets 4174368
 710s visitime   57.89s generated nodes  36869539 nodes/sec   51898 cur h   51 mod.depth   66 inserts   7039521 dups   2233881 size   4805640 hash fail 2861833 hash buckets 4177688
 711s visitime   58.02s generated nodes  36904596 nodes/sec   51867 cur h   63 mod.depth   55 inserts   7046186 dups   2236095 size   4810091 hash fail 2865185 hash buckets 4181001
 713s visitime   58.26s generated nodes  36924655 nodes/sec   51778 cur h   68 mod.depth   50 inserts   7049977 dups   2237359 size   4812618 hash fail 2867097 hash buckets 4182880
 714s visitime   58.39s generated nodes  36944676 nodes/sec   51722 cur h   63 mod.depth   55 inserts   7053624 dups   2238646 size   4814978 hash fail 2868985 hash buckets 4184639
 715s visitime   58.53s generated nodes  36964704 nodes/sec   51659 cur h   65 mod.depth   53 inserts   7057337 dups   2239850 size   4817487 hash fail 2870817 hash buckets 4186520
 716s visitime   58.63s generated nodes  36974730 nodes/sec   51587 cur h   50 mod.depth   62 inserts   7059373 dups   2240454 size   4818919 hash fail 2871744 hash buckets 4187629
 717s visitime   58.74s generated nodes  36984766 nodes/sec   51513 cur h   58 mod.depth   60 inserts   7061253 dups   2240959 size   4820294 hash fail 2872590 hash buckets 4188663
 719s visitime   58.86s generated nodes  36999771 nodes/sec   51458 cur h   43 mod.depth   75 inserts   7064208 dups   2241915 size   4822293 hash fail 2874070 hash buckets 4190138
 720s visitime   58.97s generated nodes  37009808 nodes/sec   51395 cur h   52 mod.depth   66 inserts   7065974 dups   2242517 size   4823457 hash fail 2874965 hash buckets 4191009
 721s visitime   59.10s generated nodes  37024848 nodes/sec   51338 cur h   57 mod.depth   61 inserts   7068646 dups   2243420 size   4825226 hash fail 2876288 hash buckets 4192358
 722s visitime   59.24s generated nodes  37044887 nodes/sec   51286 cur h   43 mod.depth   73 inserts   7072444 dups   2244658 size   4827786 hash fail 2878183 hash buckets 4194261
 723s visitime   59.36s generated nodes  37064930 nodes/sec   51238 cur h   56 mod.depth   62 inserts   7076229 dups   2245929 size   4830300 hash fail 2880087 hash buckets 4196142
 724s visitime   59.50s generated nodes  37089995 nodes/sec   51185 cur h   69 mod.depth   49 inserts   7081344 dups   2247644 size   4833700 hash fail 2882634 hash buckets 4198710
 725s visitime   59.63s generated nodes  37115041 nodes/sec   51138 cur h   43 mod.depth   73 inserts   7086209 dups   2249207 size   4837002 hash fail 2885055 hash buckets 4201154
 726s visitime   59.74s generated nodes  37135097 nodes/sec   51087 cur h   57 mod.depth   61 inserts   7089879 dups   2250322 size   4839557 hash fail 2886787 hash buckets 4203092
 728s visitime   59.88s generated nodes  37155117 nodes/sec   51032 cur h   64 mod.depth   54 inserts   7093559 dups   2251514 size   4842045 hash fail 2888626 hash buckets 4204933
 729s visitime   60.04s generated nodes  37175146 nodes/sec   50971 cur h   51 mod.depth   64 inserts   7097508 dups   2252837 size   4844671 hash fail 2890620 hash buckets 4206888
 730s visitime   60.17s generated nodes  37195162 nodes/sec   50921 cur h   54 mod.depth   64 inserts   7101507 dups   2254225 size   4847282 hash fail 2892666 hash buckets 4208841
 731s visitime   60.30s generated nodes  37215176 nodes/sec   50868 cur h   50 mod.depth   67 inserts   7105241 dups   2255470 size   4849771 hash fail 2894500 hash buckets 4210741
 732s visitime   60.43s generated nodes  37230189 nodes/sec   50818 cur h   64 mod.depth   54 inserts   7108275 dups   2256463 size   4851812 hash fail 2895990 hash buckets 4212285
 733s visitime   60.61s generated nodes  37250228 nodes/sec   50753 cur h   49 mod.depth   68 inserts   7112088 dups   2257584 size   4854504 hash fail 2897775 hash buckets 4214313
 734s visitime   60.72s generated nodes  37265254 nodes/sec   50701 cur h   52 mod.depth   66 inserts   7115030 dups   2258608 size   4856422 hash fail 2899305 hash buckets 4215725
 736s visitime   60.84s generated nodes  37280263 nodes/sec   50649 cur h   60 mod.depth   51 inserts   7118097 dups   2259715 size   4858382 hash fail 2900900 hash buckets 4217197
 737s visitime   60.96s generated nodes  37295294 nodes/sec   50590 cur h   63 mod.depth   55 inserts   7120714 dups   2260715 size   4859999 hash fail 2902319 hash buckets 4218395
 738s visitime   61.10s generated nodes  37310320 nodes/sec   50529 cur h   66 mod.depth   52 inserts   7123551 dups   2261546 size   4862005 hash fail 2903657 hash buckets 4219894
 739s visitime   61.22s generated nodes  37325367 nodes/sec   50468 cur h   53 mod.depth   65 inserts   7126243 dups   2262379 size   4863864 hash fail 2904951 hash buckets 4221292
 740s visitime   61.35s generated nodes  37340392 nodes/sec   50404 cur h   48 mod.depth   69 inserts   7129021 dups   2263338 size   4865683 hash fail 2906375 hash buckets 4222646
 742s visitime   61.51s generated nodes  37355471 nodes/sec   50325 cur h   48 mod.depth   70 inserts   7132128 dups   2264408 size   4867720 hash fail 2907964 hash buckets 4224164
 743s visitime   61.64s generated nodes  37370512 nodes/sec   50270 cur h   64 mod.depth   54 inserts   7134699 dups   2265236 size   4869463 hash fail 2909257 hash buckets 4225442
 744s visitime   61.77s generated nodes  37385540 nodes/sec   50208 cur h   50 mod.depth   68 inserts   7137402 dups   2266070 size   4871332 hash fail 2910556 hash buckets 4226846
 745s visitime   61.90s generated nodes  37400584 nodes/sec   50152 cur h   69 mod.depth   47 inserts   7140522 dups   2267279 size   4873243 hash fail 2912288 hash buckets 4228234
 747s visitime   62.05s generated nodes  37415612 nodes/sec   50081 cur h   57 mod.depth   59 inserts   7143454 dups   2268201 size   4875253 hash fail 2913709 hash buckets 4229745
 748s visitime   62.22s generated nodes  37430657 nodes/sec   50013 cur h   40 mod.depth   71 inserts   7146565 dups   2269045 size   4877520 hash fail 2915140 hash buckets 4231425
 749s visitime   62.36s generated nodes  37445683 nodes/sec   49944 cur h   63 mod.depth   55 inserts   7149236 dups   2269918 size   4879318 hash fail 2916483 hash buckets 4232753
 751s visitime   62.49s generated nodes  37460705 nodes/sec   49874 cur h   55 mod.depth   63 inserts   7152261 dups   2270843 size   4881418 hash fail 2917936 hash buckets 4234325
 752s visitime   62.66s generated nodes  37475757 nodes/sec   49812 cur h   70 mod.depth   48 inserts   7155445 dups   2271910 size   4883535 hash fail 2919546 hash buckets 4235899
 753s visitime   62.80s generated nodes  37490808 nodes/sec   49749 cur h   57 mod.depth   61 inserts   7158297 dups   2272792 size   4885505 hash fail 2920946 hash buckets 4237351
 754s visitime   63.02s generated nodes  37500888 nodes/sec   49695 cur h   55 mod.depth   62 inserts   7160153 dups   2273459 size   4886694 hash fail 2921939 hash buckets 4238214
 756s visitime   63.18s generated nodes  37515917 nodes/sec   49616 cur h   58 mod.depth   60 inserts   7163104 dups   2274368 size   4888736 hash fail 2923366 hash buckets 4239738
 757s visitime   63.34s generated nodes  37530935 nodes/sec   49556 cur h   45 mod.depth   73 inserts   7166237 dups   2275464 size   4890773 hash fail 2924956 hash buckets 4241281
 758s visitime   63.55s generated nodes  37545977 nodes/sec   49481 cur h   45 mod.depth   72 inserts   7168935 dups   2276212 size   4892723 hash fail 2926211 hash buckets 4242724
 759s visitime   63.69s generated nodes  37561000 nodes/sec   49425 cur h   53 mod.depth   64 inserts   7171646 dups   2277032 size   4894614 hash fail 2927519 hash buckets 4244127
 761s visitime   63.81s generated nodes  37576057 nodes/sec   49361 cur h   59 mod.depth   59 inserts   7174431 dups   2277863 size   4896568 hash fail 2928829 hash buckets 4245602
 762s visitime   63.95s generated nodes  37591112 nodes/sec   49309 cur h   81 mod.depth   34 inserts   7177512 dups   2278813 size   4898699 hash fail 2930324 hash buckets 4247188
 763s visitime   64.06s generated nodes  37606128 nodes/sec   49260 cur h   56 mod.depth   54 inserts   7180389 dups   2279742 size   4900647 hash fail 2931734 hash buckets 4248655
 764s visitime   64.19s generated nodes  37621144 nodes/sec   49210 cur h   60 mod.depth   58 inserts   7183127 dups   2280613 size   4902514 hash fail 2933074 hash buckets 4250053
 765s visitime   64.32s generated nodes  37636174 nodes/sec   49150 cur h   85 mod.depth   33 inserts   7185907 dups   2281457 size   4904450 hash fail 2934405 hash buckets 4251502
 767s visitime   64.50s generated nodes  37651219 nodes/sec   49079 cur h   66 mod.depth   52 inserts   7188913 dups   2282452 size   4906461 hash fail 2935927 hash buckets 4252986
 768s visitime   64.65s generated nodes  37666249 nodes/sec   49015 cur h   55 mod.depth   51 inserts   7191917 dups   2283505 size   4908412 hash fail 2937451 hash buckets 4254466
 769s visitime   64.81s generated nodes  37681280 nodes/sec   48951 cur h   64 mod.depth   54 inserts   7194839 dups   2284433 size   4910406 hash fail 2938881 hash buckets 4255958
 770s visitime   64.93s generated nodes  37696293 nodes/sec   48895 cur h   51 mod.depth   62 inserts   7197572 dups   2285270 size   4912302 hash fail 2940234 hash buckets 4257338
 772s visitime   65.07s generated nodes  37711331 nodes/sec   48836 cur h   62 mod.depth   56 inserts   7200237 dups   2286108 size   4914129 hash fail 2941527 hash buckets 4258710
 773s visitime   65.21s generated nodes  37726352 nodes/sec   48776 cur h   59 mod.depth   58 inserts   7203071 dups   2287006 size   4916065 hash fail 2942915 hash buckets 4260156
 774s visitime   65.39s generated nodes  37741371 nodes/sec   48711 cur h   61 mod.depth   57 inserts   7206162 dups   2288023 size   4918139 hash fail 2944438 hash buckets 4261724
 775s visitime   65.51s generated nodes  37756396 nodes/sec   48657 cur h   63 mod.depth   55 inserts   7209032 dups   2288916 size   4920116 hash fail 2945836 hash buckets 4263196
 777s visitime   65.67s generated nodes  37771420 nodes/sec   48594 cur h   58 mod.depth   60 inserts   7211979 dups   2289837 size   4922142 hash fail 2947241 hash buckets 4264738
 778s visitime   65.80s generated nodes  37786455 nodes/sec   48526 cur h   50 mod.depth   68 inserts   7214600 dups   2290701 size   4923899 hash fail 2948553 hash buckets 4266047
 780s visitime   65.98s generated nodes  37801490 nodes/sec   48458 cur h   52 mod.depth   66 inserts   7217487 dups   2291661 size   4925826 hash fail 2950004 hash buckets 4267483
 781s visitime   66.11s generated nodes  37816519 nodes/sec   48400 cur h   73 mod.depth   45 inserts   7220467 dups   2292720 size   4927747 hash fail 2951517 hash buckets 4268950
 782s visitime   66.25s generated nodes  37831524 nodes/sec   48332 cur h   61 mod.depth   57 inserts   7223496 dups   2293650 size   4929846 hash fail 2953008 hash buckets 4270488
 783s visitime   66.40s generated nodes  37846567 nodes/sec   48279 cur h   50 mod.depth   68 inserts   7226517 dups   2294633 size   4931884 hash fail 2954527 hash buckets 4271990
 785s visitime   66.51s generated nodes  37861578 nodes/sec   48222 cur h   65 mod.depth   53 inserts   7229249 dups   2295507 size   4933742 hash fail 2955879 hash buckets 4273370
 786s visitime   66.64s generated nodes  37876618 nodes/sec   48162 cur h   61 mod.depth   57 inserts   7232183 dups   2296417 size   4935766 hash fail 2957288 hash buckets 4274895
 787s visitime   66.77s generated nodes  37891641 nodes/sec   48111 cur h   59 mod.depth   59 inserts   7235069 dups   2297429 size   4937640 hash fail 2958781 hash buckets 4276288
 788s visitime   66.91s generated nodes  37906664 nodes/sec   48058 cur h   58 mod.depth   60 inserts   7237825 dups   2298404 size   4939421 hash fail 2960245 hash buckets 4277580
 790s visitime   67.06s generated nodes  37921677 nodes/sec   48000 cur h   43 mod.depth   70 inserts   7240805 dups   2299315 size   4941490 hash fail 2961629 hash buckets 4279176
 791s visitime   67.18s generated nodes  37936710 nodes/sec   47944 cur h   68 mod.depth   50 inserts   7243701 dups   2300301 size   4943400 hash fail 2963111 hash buckets 4280590
 792s visitime   67.26s generated nodes  37946736 nodes/sec   47895 cur h   72 mod.depth   46 inserts   7245670 dups   2300948 size   4944722 hash fail 2964095 hash buckets 4281575
 793s visitime   67.41s generated nodes  37961776 nodes/sec   47836 cur h   67 mod.depth   51 inserts   7248505 dups   2301711 size   4946794 hash fail 2965329 hash buckets 4283176
 794s visitime   67.56s generated nodes  37976818 nodes/sec   47779 cur h   52 mod.depth   66 inserts   7251482 dups   2302804 size   4948678 hash fail 2966899 hash buckets 4284583
 795s visitime   67.67s generated nodes  37991855 nodes/sec   47730 cur h   47 mod.depth   68 inserts   7254483 dups   2303757 size   4950726 hash fail 2968391 hash buckets 4286092
 797s visitime   67.80s generated nodes  38006865 nodes/sec   47682 cur h   61 mod.depth   57 inserts   7257364 dups   2304683 size   4952681 hash fail 2969819 hash buckets 4287545
 798s visitime   67.93s generated nodes  38021887 nodes/sec   47626 cur h   66 mod.depth   52 inserts   7260223 dups   2305561 size   4954662 hash fail 2971213 hash buckets 4289010
 799s visitime   68.08s generated nodes  38036899 nodes/sec   47563 cur h   68 mod.depth   49 inserts   7262918 dups   2306399 size   4956519 hash fail 2972538 hash buckets 4290380
 800s visitime   68.20s generated nodes  38051932 nodes/sec   47510 cur h   63 mod.depth   53 inserts   7265826 dups   2307420 size   4958406 hash fail 2974044 hash buckets 4291782
 802s visitime   68.34s generated nodes  38066944 nodes/sec   47459 cur h   62 mod.depth   56 inserts   7268515 dups   2308313 size   4960202 hash fail 2975409 hash buckets 4293106
 803s visitime   68.44s generated nodes  38081949 nodes/sec   47408 cur h   61 mod.depth   57 inserts   7271487 dups   2309389 size   4962098 hash fail 2976953 hash buckets 4294534
 804s visitime   68.57s generated nodes  38097027 nodes/sec   47347 cur h   60 mod.depth   49 inserts   7274323 dups   2310249 size   4964074 hash fail 2978322 hash buckets 4296001
 805s visitime   68.71s generated nodes  38112081 nodes/sec   47295 cur h   64 mod.depth   54 inserts   7277287 dups   2311103 size   4966184 hash fail 2979720 hash buckets 4297567
 806s visitime   68.82s generated nodes  38127130 nodes/sec   47247 cur h   69 mod.depth   48 inserts   7280273 dups   2312157 size   4968116 hash fail 2981250 hash buckets 4299023
 808s visitime   68.96s generated nodes  38142132 nodes/sec   47197 cur h   72 mod.depth   46 inserts   7283135 dups   2313053 size   4970082 hash fail 2982628 hash buckets 4300507
 809s visitime   69.11s generated nodes  38157156 nodes/sec   47145 cur h   69 mod.depth   49 inserts   7286287 dups   2314151 size   4972136 hash fail 2984228 hash buckets 4302059
 810s visitime   69.24s generated nodes  38172175 nodes/sec   47095 cur h   43 mod.depth   75 inserts   7289046 dups   2315155 size   4973891 hash fail 2985700 hash buckets 4303346
 811s visitime   69.41s generated nodes  38192216 nodes/sec   47041 cur h   52 mod.depth   66 inserts   7293080 dups   2316796 size   4976284 hash fail 2987975 hash buckets 4305105
 813s visitime   69.60s generated nodes  38207235 nodes/sec   46982 cur h   51 mod.depth   67 inserts   7295835 dups   2317752 size   4978083 hash fail 2989395 hash buckets 4306440
 814s visitime   69.77s generated nodes  38217254 nodes/sec   46936 cur h   54 mod.depth   64 inserts   7297750 dups   2318464 size   4979286 hash fail 2990418 hash buckets 4307332
 815s visitime   69.92s generated nodes  38232280 nodes/sec   46881 cur h   65 mod.depth   53 inserts   7300577 dups   2319494 size   4981083 hash fail 2991929 hash buckets 4308648
 816s visitime   70.06s generated nodes  38247306 nodes/sec   46828 cur h   59 mod.depth   59 inserts   7303478 dups   2320506 size   4982972 hash fail 2993432 hash buckets 4310046
 817s visitime   70.16s generated nodes  38257344 nodes/sec   46773 cur h   56 mod.depth   62 inserts   7305318 dups   2321185 size   4984133 hash fail 2994397 hash buckets 4310921
 819s visitime   70.36s generated nodes  38267360 nodes/sec   46710 cur h   59 mod.depth   59 inserts   7307156 dups   2321823 size   4985333 hash fail 2995346 hash buckets 4311810
 820s visitime   70.49s generated nodes  38282468 nodes/sec   46658 cur h   43 mod.depth   71 inserts   7309998 dups   2322833 size   4987165 hash fail 2996816 hash buckets 4313182
 821s visitime   70.65s generated nodes  38297506 nodes/sec   46599 cur h   50 mod.depth   68 inserts   7312990 dups   2323938 size   4989052 hash fail 2998399 hash buckets 4314591
 822s visitime   70.78s generated nodes  38307522 nodes/sec   46548 cur h   53 mod.depth   65 inserts   7314877 dups   2324493 size   4990384 hash fail 2999314 hash buckets 4315563
 824s visitime   70.90s generated nodes  38317529 nodes/sec   46498 cur h   45 mod.depth   73 inserts   7316683 dups   2325159 size   4991524 hash fail 3000263 hash buckets 4316420
 825s visitime   71.03s generated nodes  38332564 nodes/sec   46449 cur h   56 mod.depth   62 inserts   7319586 dups   2326054 size   4993532 hash fail 3001642 hash buckets 4317944
 826s visitime   71.18s generated nodes  38352610 nodes/sec   46404 cur h   51 mod.depth   67 inserts   7323446 dups   2327334 size   4996112 hash fail 3003594 hash buckets 4319852
 827s visitime   71.31s generated nodes  38367627 nodes/sec   46352 cur h   68 mod.depth   50 inserts   7326409 dups   2328323 size   4998086 hash fail 3005085 hash buckets 4321324
 828s visitime   71.43s generated nodes  38377661 nodes/sec   46305 cur h   55 mod.depth   63 inserts   7328448 dups   2329128 size   4999320 hash fail 3006246 hash buckets 4322202
 830s visitime   71.56s generated nodes  38387673 nodes/sec   46247 cur h   77 mod.depth   41 inserts   7330378 dups   2329739 size   5000639 hash fail 3007190 hash buckets 4323188
 831s visitime   71.72s generated nodes  38402695 nodes/sec   46182 cur h   49 mod.depth   68 inserts   7333340 dups   2330661 size   5002679 hash fail 3008634 hash buckets 4324706
 832s visitime   71.82s generated nodes  38412709 nodes/sec   46136 cur h   54 mod.depth   64 inserts   7335285 dups   2331362 size   5003923 hash fail 3009681 hash buckets 4325604
 833s visitime   71.99s generated nodes  38427773 nodes/sec   46083 cur h   58 mod.depth   60 inserts   7338237 dups   2332461 size   5005776 hash fail 3011256 hash buckets 4326981
 834s visitime   72.09s generated nodes  38437779 nodes/sec   46038 cur h   57 mod.depth   61 inserts   7340107 dups   2333057 size   5007050 hash fail 3012161 hash buckets 4327946
 836s visitime   72.24s generated nodes  38452792 nodes/sec   45982 cur h   70 mod.depth   48 inserts   7343013 dups   2334061 size   5008952 hash fail 3013676 hash buckets 4329337
 837s visitime   72.38s generated nodes  38467813 nodes/sec   45928 cur h   67 mod.depth   51 inserts   7346210 dups   2335196 size   5011014 hash fail 3015344 hash buckets 4330866
 838s visitime   72.51s generated nodes  38482848 nodes/sec   45880 cur h   56 mod.depth   62 inserts   7348971 dups   2336162 size   5012809 hash fail 3016769 hash buckets 4332202
 840s visitime   72.66s generated nodes  38497902 nodes/sec   45823 cur h   62 mod.depth   56 inserts   7351961 dups   2337164 size   5014797 hash fail 3018277 hash buckets 4333684
 841s visitime   72.85s generated nodes  38507919 nodes/sec   45777 cur h   59 mod.depth   59 inserts   7354051 dups   2337810 size   5016241 hash fail 3019300 hash buckets 4334751
 842s visitime   73.01s generated nodes  38522968 nodes/sec   45717 cur h   62 mod.depth   56 inserts   7356832 dups   2338731 size   5018101 hash fail 3020695 hash buckets 4336137
 844s visitime   73.17s generated nodes  38538028 nodes/sec   45661 cur h   63 mod.depth   55 inserts   7359902 dups   2339856 size   5020046 hash fail 3022332 hash buckets 4337570
 845s visitime   73.34s generated nodes  38553039 nodes/sec   45605 cur h   57 mod.depth   61 inserts   7362856 dups   2340857 size   5021999 hash fail 3023799 hash buckets 4339057
 846s visitime   73.51s generated nodes  38568045 nodes/sec   45542 cur h   61 mod.depth   57 inserts   7365597 dups   2341835 size   5023762 hash fail 3025224 hash buckets 4340373
 848s visitime   73.69s generated nodes  38583067 nodes/sec   45488 cur h   69 mod.depth   49 inserts   7368649 dups   2342892 size   5025757 hash fail 3026749 hash buckets 4341900
 849s visitime   73.82s generated nodes  38598094 nodes/sec   45443 cur h   71 mod.depth   47 inserts   7371573 dups   2343900 size   5027673 hash fail 3028256 hash buckets 4343317
 850s visitime   73.97s generated nodes  38613127 nodes/sec   45396 cur h   52 mod.depth   66 inserts   7374634 dups   2344991 size   5029643 hash fail 3029885 hash buckets 4344749
 851s visitime   74.10s generated nodes  38628141 nodes/sec   45349 cur h   69 mod.depth   49 inserts   7377859 dups   2346099 size   5031760 hash fail 3031552 hash buckets 4346307
 853s visitime   74.28s generated nodes  38643152 nodes/sec   45291 cur h   64 mod.depth   54 inserts   7381111 dups   2347193 size   5033918 hash fail 3033174 hash buckets 4347937
 854s visitime   74.41s generated nodes  38658164 nodes/sec   45240 cur h   67 mod.depth   51 inserts   7383830 dups   2348181 size   5035649 hash fail 3034580 hash buckets 4349250
 855s visitime   74.58s generated nodes  38673212 nodes/sec   45185 cur h   60 mod.depth   56 inserts   7387058 dups   2349290 size   5037768 hash fail 3036277 hash buckets 4350781
 856s visitime   74.72s generated nodes  38683222 nodes/sec   45144 cur h   62 mod.depth   56 inserts   7389028 dups   2349979 size   5039049 hash fail 3037304 hash buckets 4351724
 858s visitime   74.86s generated nodes  38693236 nodes/sec   45096 cur h   58 mod.depth   60 inserts   7391120 dups   2350739 size   5040381 hash fail 3038426 hash buckets 4352694
 859s visitime   75.04s generated nodes  38708250 nodes/sec   45051 cur h   43 mod.depth   75 inserts   7394088 dups   2351682 size   5042406 hash fail 3039898 hash buckets 4354190
 860s visitime   75.17s generated nodes  38723253 nodes/sec   45002 cur h   55 mod.depth   63 inserts   7396878 dups   2352537 size   5044341 hash fail 3041290 hash buckets 4355588
 861s visitime   75.31s generated nodes  38738276 nodes/sec   44960 cur h   72 mod.depth   46 inserts   7400093 dups   2353708 size   5046385 hash fail 3043010 hash buckets 4357083
 862s visitime   75.48s generated nodes  38753354 nodes/sec   44916 cur h   68 mod.depth   50 inserts   7403004 dups   2354771 size   5048233 hash fail 3044571 hash buckets 4358433
 863s visitime   75.61s generated nodes  38768378 nodes/sec   44873 cur h   55 mod.depth   63 inserts   7405887 dups   2355723 size   5050164 hash fail 3046016 hash buckets 4359871
 865s visitime   75.75s generated nodes  38783410 nodes/sec   44827 cur h   58 mod.depth   60 inserts   7408755 dups   2356590 size   5052165 hash fail 3047402 hash buckets 4361353
 866s visitime   75.91s generated nodes  38793421 nodes/sec   44776 cur h   45 mod.depth   67 inserts   7410738 dups   2357289 size   5053449 hash fail 3048439 hash buckets 4362299
 867s visitime   76.10s generated nodes  38808457 nodes/sec   44718 cur h   52 mod.depth   66 inserts   7413625 dups   2358251 size   5055374 hash fail 3049922 hash buckets 4363703
 869s visitime   76.25s generated nodes  38823504 nodes/sec   44675 cur h   61 mod.depth   57 inserts   7416831 dups   2359371 size   5057460 hash fail 3051612 hash buckets 4365219
 870s visitime   76.35s generated nodes  38833510 nodes/sec   44628 cur h   59 mod.depth   54 inserts   7418717 dups   2360032 size   5058685 hash fail 3052596 hash buckets 4366121
 871s visitime   76.50s generated nodes  38848572 nodes/sec   44578 cur h   73 mod.depth   45 inserts   7422245 dups   2361340 size   5060905 hash fail 3054501 hash buckets 4367744
 872s visitime   76.67s generated nodes  38858598 nodes/sec   44527 cur h   51 mod.depth   60 inserts   7424232 dups   2362115 size   5062117 hash fail 3055596 hash buckets 4368636
 874s visitime   76.85s generated nodes  38873606 nodes/sec   44470 cur h   56 mod.depth   58 inserts   7427178 dups   2363070 size   5064108 hash fail 3057058 hash buckets 4370120
 875s visitime   77.00s generated nodes  38888652 nodes/sec   44424 cur h   75 mod.depth   43 inserts   7430050 dups   2364073 size   5065977 hash fail 3058560 hash buckets 4371490
 876s visitime   77.14s generated nodes  38898677 nodes/sec   44384 cur h   59 mod.depth   59 inserts   7432070 dups   2364820 size   5067250 hash fail 3059628 hash buckets 4372442
 877s visitime   77.25s generated nodes  38913784 nodes/sec   44345 cur h   56 mod.depth   62 inserts   7435002 dups   2365821 size   5069181 hash fail 3061114 hash buckets 4373888
 878s visitime   77.41s generated nodes  38928801 nodes/sec   44290 cur h   69 mod.depth   45 inserts   7437845 dups   2366869 size   5070976 hash fail 3062612 hash buckets 4375233
 880s visitime   77.54s generated nodes  38943844 nodes/sec   44246 cur h   60 mod.depth   58 inserts   7440951 dups   2367684 size   5073267 hash fail 3064017 hash buckets 4376934
 881s visitime   77.71s generated nodes  38958865 nodes/sec   44200 cur h   67 mod.depth   51 inserts   7443890 dups   2368758 size   5075132 hash fail 3065554 hash buckets 4378336
 882s visitime   77.85s generated nodes  38973907 nodes/sec   44165 cur h   68 mod.depth   50 inserts   7446808 dups   2369760 size   5077048 hash fail 3067087 hash buckets 4379721
 883s visitime   78.02s generated nodes  38988924 nodes/sec   44117 cur h   69 mod.depth   49 inserts   7449677 dups   2370738 size   5078939 hash fail 3068554 hash buckets 4381123
 885s visitime   78.18s generated nodes  39003997 nodes/sec   44061 cur h   61 mod.depth   57 inserts   7452727 dups   2371865 size   5080862 hash fail 3070185 hash buckets 4382542
 886s visitime   78.38s generated nodes  39019031 nodes/sec   44011 cur h   54 mod.depth   64 inserts   7455808 dups   2372851 size   5082957 hash fail 3071701 hash buckets 4384107
 887s visitime   78.52s generated nodes  39034085 nodes/sec   43968 cur h   75 mod.depth   41 inserts   7458845 dups   2373843 size   5085002 hash fail 3073235 hash buckets 4385610
 888s visitime   78.68s generated nodes  39049097 nodes/sec   43925 cur h   63 mod.depth   55 inserts   7461923 dups   2374888 size   5087035 hash fail 3074833 hash buckets 4387090
 890s visitime   78.82s generated nodes  39064137 nodes/sec   43884 cur h   51 mod.depth   67 inserts   7465050 dups   2375952 size   5089098 hash fail 3076439 hash buckets 4388611
 891s visitime   78.97s generated nodes  39079145 nodes/sec   43842 cur h   68 mod.depth   50 inserts   7467826 dups   2376988 size   5090838 hash fail 3077926 hash buckets 4389900
 892s visitime   79.10s generated nodes  39094172 nodes/sec   43800 cur h   62 mod.depth   56 inserts   7470738 dups   2377843 size   5092895 hash fail 3079342 hash buckets 4391396
 893s visitime   79.20s generated nodes  39109180 nodes/sec   43767 cur h   73 mod.depth   45 inserts   7473667 dups   2378911 size   5094756 hash fail 3080884 hash buckets 4392783
 894s visitime   79.36s generated nodes  39129221 nodes/sec   43728 cur h   70 mod.depth   48 inserts   7477674 dups   2380275 size   5097399 hash fail 3082934 hash buckets 4394740
 895s visitime   79.50s generated nodes  39144279 nodes/sec   43688 cur h   33 mod.depth   81 inserts   7480559 dups   2381228 size   5099331 hash fail 3084399 hash buckets 4396160
 897s visitime   79.65s generated nodes  39159340 nodes/sec   43651 cur h   49 mod.depth   69 inserts   7483407 dups   2382378 size   5101029 hash fail 3085999 hash buckets 4397408
 898s visitime   79.77s generated nodes  39174396 nodes/sec   43613 cur h   51 mod.depth   67 inserts   7486378 dups   2383481 size   5102897 hash fail 3087576 hash buckets 4398802
 899s visitime   79.89s generated nodes  39189419 nodes/sec   43576 cur h   62 mod.depth   56 inserts   7489355 dups   2384538 size   5104817 hash fail 3089144 hash buckets 4400211
 900s visitime   80.05s generated nodes  39204445 nodes/sec   43532 cur h   68 mod.depth   50 inserts   7492359 dups   2385510 size   5106849 hash fail 3090656 hash buckets 4401703
 901s visitime   80.19s generated nodes  39219483 nodes/sec   43490 cur h   58 mod.depth   60 inserts   7495189 dups   2386485 size   5108704 hash fail 3092106 hash buckets 4403083
 902s visitime   80.31s generated nodes  39234513 nodes/sec   43450 cur h   57 mod.depth   61 inserts   7498180 dups   2387498 size   5110682 hash fail 3093640 hash buckets 4404540
 904s visitime   80.44s generated nodes  39249563 nodes/sec   43411 cur h   43 mod.depth   75 inserts   7501167 dups   2388521 size   5112646 hash fail 3095198 hash buckets 4405969
 905s visitime   80.59s generated nodes  39264629 nodes/sec   43369 cur h   69 mod.depth   49 inserts   7504056 dups   2389526 size   5114530 hash fail 3096686 hash buckets 4407370
 906s visitime   80.72s generated nodes  39279645 nodes/sec   43328 cur h   60 mod.depth   58 inserts   7507059 dups   2390648 size   5116411 hash fail 3098303 hash buckets 4408756
 907s visitime   80.85s generated nodes  39294652 nodes/sec   43291 cur h   75 mod.depth   43 inserts   7509899 dups   2391575 size   5118324 hash fail 3099751 hash buckets 4410148
 908s visitime   80.98s generated nodes  39309673 nodes/sec   43252 cur h   57 mod.depth   61 inserts   7512896 dups   2392516 size   5120380 hash fail 3101218 hash buckets 4411678
 910s visitime   81.13s generated nodes  39324697 nodes/sec   43211 cur h   65 mod.depth   53 inserts   7515866 dups   2393611 size   5122255 hash fail 3102767 hash buckets 4413099
 911s visitime   81.26s generated nodes  39339760 nodes/sec   43172 cur h   71 mod.depth   47 inserts   7518781 dups   2394668 size   5124113 hash fail 3104299 hash buckets 4414482
 912s visitime   81.38s generated nodes  39354807 nodes/sec   43137 cur h   68 mod.depth   50 inserts   7521756 dups   2395834 size   5125922 hash fail 3105935 hash buckets 4415821
 913s visitime   81.52s generated nodes  39369812 nodes/sec   43092 cur h   71 mod.depth   47 inserts   7524595 dups   2396854 size   5127741 hash fail 3107424 hash buckets 4417171
 914s visitime   81.63s generated nodes  39379835 nodes/sec   43052 cur h   56 mod.depth   62 inserts   7526589 dups   2397497 size   5129092 hash fail 3108411 hash buckets 4418178
 916s visitime   81.80s generated nodes  39394865 nodes/sec   43004 cur h   74 mod.depth   44 inserts   7529773 dups   2398381 size   5131392 hash fail 3109946 hash buckets 4419827
 917s visitime   81.90s generated nodes  39404912 nodes/sec   42965 cur h   53 mod.depth   65 inserts   7531859 dups   2399289 size   5132570 hash fail 3111153 hash buckets 4420706
 918s visitime   82.00s generated nodes  39414921 nodes/sec   42926 cur h   69 mod.depth   49 inserts   7533701 dups   2399932 size   5133769 hash fail 3112113 hash buckets 4421588
 919s visitime   82.16s generated nodes  39429923 nodes/sec   42884 cur h   55 mod.depth   63 inserts   7536681 dups   2400970 size   5135711 hash fail 3113648 hash buckets 4423033
 920s visitime   82.29s generated nodes  39444941 nodes/sec   42846 cur h   60 mod.depth   52 inserts   7539414 dups   2401853 size   5137561 hash fail 3115021 hash buckets 4424393
 921s visitime   82.42s generated nodes  39459977 nodes/sec   42815 cur h   57 mod.depth   61 inserts   7542455 dups   2402901 size   5139554 hash fail 3116590 hash buckets 4425865
 922s visitime   82.60s generated nodes  39475036 nodes/sec   42769 cur h   54 mod.depth   63 inserts   7545384 dups   2403988 size   5141396 hash fail 3118180 hash buckets 4427204
 924s visitime   82.74s generated nodes  39490057 nodes/sec   42718 cur h   75 mod.depth   42 inserts   7548089 dups   2404824 size   5143265 hash fail 3119555 hash buckets 4428534
 925s visitime   82.85s generated nodes  39505083 nodes/sec   42679 cur h   58 mod.depth   61 inserts   7550662 dups   2405567 size   5145095 hash fail 3120776 hash buckets 4429886
 927s visitime   82.97s generated nodes  39520149 nodes/sec   42630 cur h   48 mod.depth   68 inserts   7553308 dups   2406409 size   5146899 hash fail 3122117 hash buckets 4431191
 928s visitime   83.09s generated nodes  39535185 nodes/sec   42591 cur h   80 mod.depth   39 inserts   7555912 dups   2407211 size   5148701 hash fail 3123391 hash buckets 4432521
 929s visitime   83.22s generated nodes  39550222 nodes/sec   42537 cur h   46 mod.depth   68 inserts   7558486 dups   2408003 size   5150483 hash fail 3124620 hash buckets 4433866
 930s visitime   83.34s generated nodes  39560240 nodes/sec   42497 cur h   69 mod.depth   50 inserts   7560218 dups   2408526 size   5151692 hash fail 3125450 hash buckets 4434768
 932s visitime   83.48s generated nodes  39575319 nodes/sec   42450 cur h   47 mod.depth   69 inserts   7562903 dups   2409358 size   5153545 hash fail 3126760 hash buckets 4436143
 933s visitime   83.60s generated nodes  39590327 nodes/sec   42405 cur h   59 mod.depth   60 inserts   7565474 dups   2410045 size   5155429 hash fail 3127936 hash buckets 4437538
 934s visitime   83.73s generated nodes  39605356 nodes/sec   42364 cur h   70 mod.depth   49 inserts   7568214 dups   2411056 size   5157158 hash fail 3129416 hash buckets 4438798
 936s visitime   83.97s generated nodes  39620379 nodes/sec   42304 cur h   63 mod.depth   56 inserts   7570875 dups   2411693 size   5159182 hash fail 3130549 hash buckets 4440326
 937s visitime   84.11s generated nodes  39635440 nodes/sec   42260 cur h   60 mod.depth   58 inserts   7573530 dups   2412438 size   5161092 hash fail 3131789 hash buckets 4441741
 939s visitime   84.24s generated nodes  39650477 nodes/sec   42215 cur h   65 mod.depth   53 inserts   7576180 dups   2413332 size   5162848 hash fail 3133192 hash buckets 4442988
 940s visitime   84.37s generated nodes  39665518 nodes/sec   42174 cur h   61 mod.depth   55 inserts   7578902 dups   2414166 size   5164736 hash fail 3134549 hash buckets 4444353
 941s visitime   84.49s generated nodes  39680533 nodes/sec   42133 cur h   55 mod.depth   64 inserts   7581365 dups   2415004 size   5166361 hash fail 3135824 hash buckets 4445541
 943s visitime   84.64s generated nodes  39695536 nodes/sec   42085 cur h   52 mod.depth   67 inserts   7583915 dups   2415834 size   5168081 hash fail 3137084 hash buckets 4446831
 944s visitime   84.79s generated nodes  39710571 nodes/sec   42037 cur h   64 mod.depth   55 inserts   7586611 dups   2416618 size   5169993 hash fail 3138396 hash buckets 4448215
 945s visitime   84.92s generated nodes  39725621 nodes/sec   42001 cur h   59 mod.depth   60 inserts   7589174 dups   2417545 size   5171629 hash fail 3139759 hash buckets 4449415
 946s visitime   85.08s generated nodes  39740669 nodes/sec   41966 cur h   49 mod.depth   70 inserts   7591791 dups   2418461 size   5173330 hash fail 3141100 hash buckets 4450691
 948s visitime   85.21s generated nodes  39755741 nodes/sec   41933 cur h   70 mod.depth   49 inserts   7594514 dups   2419361 size   5175153 hash fail 3142461 hash buckets 4452053
 949s visitime   85.33s generated nodes  39770757 nodes/sec   41895 cur h   56 mod.depth   63 inserts   7597192 dups   2420217 size   5176975 hash fail 3143831 hash buckets 4453361
 951s visitime   85.52s generated nodes  39785776 nodes/sec   41827 cur h   47 mod.depth   72 inserts   7599916 dups   2420936 size   5178980 hash fail 3145075 hash buckets 4454841
 952s visitime   85.65s generated nodes  39800808 nodes/sec   41788 cur h   67 mod.depth   52 inserts   7602661 dups   2421859 size   5180802 hash fail 3146482 hash buckets 4456179
 953s visitime   85.75s generated nodes  39815854 nodes/sec   41750 cur h   68 mod.depth   51 inserts   7605067 dups   2422693 size   5182374 hash fail 3147728 hash buckets 4457339
 954s visitime   85.88s generated nodes  39830911 nodes/sec   41708 cur h   63 mod.depth   54 inserts   7607595 dups   2423372 size   5184223 hash fail 3148913 hash buckets 4458682
 956s visitime   85.99s generated nodes  39845952 nodes/sec   41676 cur h   56 mod.depth   63 inserts   7610495 dups   2424296 size   5186199 hash fail 3150393 hash buckets 4460102
 957s visitime   86.13s generated nodes  39861003 nodes/sec   41637 cur h   53 mod.depth   66 inserts   7613272 dups   2425246 size   5188026 hash fail 3151838 hash buckets 4461434
 958s visitime   86.24s generated nodes  39876049 nodes/sec   41601 cur h   65 mod.depth   49 inserts   7616126 dups   2426143 size   5189983 hash fail 3153244 hash buckets 4462882
 959s visitime   86.34s generated nodes  39891111 nodes/sec   41570 cur h   56 mod.depth   61 inserts   7618711 dups   2426851 size   5191860 hash fail 3154455 hash buckets 4464256
 960s visitime   86.48s generated nodes  39906128 nodes/sec   41530 cur h   62 mod.depth   57 inserts   7621519 dups   2427749 size   5193770 hash fail 3155863 hash buckets 4465656
 962s visitime   86.63s generated nodes  39921147 nodes/sec   41485 cur h   61 mod.depth   58 inserts   7624291 dups   2428638 size   5195653 hash fail 3157264 hash buckets 4467027
 963s visitime   86.75s generated nodes  39936162 nodes/sec   41449 cur h   60 mod.depth   59 inserts   7626921 dups   2429654 size   5197267 hash fail 3158685 hash buckets 4468236
 964s visitime   86.86s generated nodes  39946187 nodes/sec   41416 cur h   43 mod.depth   71 inserts   7628740 dups   2430264 size   5198476 hash fail 3159598 hash buckets 4469142
 965s visitime   87.00s generated nodes  39951226 nodes/sec   41376 cur h   67 mod.depth   52 inserts   7629650 dups   2430522 size   5199128 hash fail 3160024 hash buckets 4469626
 966s visitime   87.13s generated nodes  39956227 nodes/sec   41337 cur h   50 mod.depth   69 inserts   7630641 dups   2430906 size   5199735 hash fail 3160573 hash buckets 4470068
 968s visitime   87.27s generated nodes  39971251 nodes/sec   41288 cur h   59 mod.depth   60 inserts   7633114 dups   2431651 size   5201463 hash fail 3161750 hash buckets 4471364
 969s visitime   87.39s generated nodes  39986288 nodes/sec   41251 cur h   59 mod.depth   60 inserts   7635787 dups   2432559 size   5203228 hash fail 3163108 hash buckets 4472679
 970s visitime   87.49s generated nodes  40001335 nodes/sec   41222 cur h   66 mod.depth   53 inserts   7638556 dups   2433438 size   5205118 hash fail 3164468 hash buckets 4474088
 971s visitime   87.59s generated nodes  40016369 nodes/sec   41191 cur h   77 mod.depth   42 inserts   7641252 dups   2434260 size   5206992 hash fail 3165783 hash buckets 4475469
 972s visitime   87.71s generated nodes  40031387 nodes/sec   41158 cur h   60 mod.depth   59 inserts   7643832 dups   2435122 size   5208710 hash fail 3167096 hash buckets 4476736
 973s visitime   87.80s generated nodes  40046447 nodes/sec   41131 cur h   53 mod.depth   65 inserts   7646560 dups   2436028 size   5210532 hash fail 3168475 hash buckets 4478085
 974s visitime   87.90s generated nodes  40061541 nodes/sec   41098 cur h   54 mod.depth   65 inserts   7649191 dups   2436923 size   5212268 hash fail 3169839 hash buckets 4479352
 976s visitime   88.01s generated nodes  40076555 nodes/sec   41060 cur h   59 mod.depth   60 inserts   7651784 dups   2437775 size   5214009 hash fail 3171168 hash buckets 4480616
 977s visitime   88.13s generated nodes  40086579 nodes/sec   41005 cur h   54 mod.depth   62 inserts   7653495 dups   2438330 size   5215165 hash fail 3172045 hash buckets 4481450
 979s visitime   88.28s generated nodes  40101596 nodes/sec   40956 cur h   61 mod.depth   58 inserts   7656111 dups   2439107 size   5217004 hash fail 3173339 hash buckets 4482772
 980s visitime   88.42s generated nodes  40111635 nodes/sec   40898 cur h   48 mod.depth   71 inserts   7657814 dups   2439621 size   5218193 hash fail 3174171 hash buckets 4483643
 981s visitime   88.50s generated nodes  40116635 nodes/sec   40858 cur h   70 mod.depth   49 inserts   7658608 dups   2439882 size   5218726 hash fail 3174570 hash buckets 4484038
 983s visitime   88.62s generated nodes  40126649 nodes/sec   40811 cur h   76 mod.depth   43 inserts   7660348 dups   2440382 size   5219966 hash fail 3175400 hash buckets 4484948
 985s visitime   88.85s generated nodes  40136672 nodes/sec   40741 cur h   43 mod.depth   76 inserts   7662087 dups   2440927 size   5221160 hash fail 3176258 hash buckets 4485829
 986s visitime   88.96s generated nodes  40141673 nodes/sec   40696 cur h   64 mod.depth   55 inserts   7663044 dups   2441189 size   5221855 hash fail 3176726 hash buckets 4486318
 987s visitime   89.10s generated nodes  40146673 nodes/sec   40657 cur h   62 mod.depth   57 inserts   7663884 dups   2441505 size   5222379 hash fail 3177179 hash buckets 4486705
 989s visitime   89.28s generated nodes  40151676 nodes/sec   40590 cur h   75 mod.depth   44 inserts   7664873 dups   2441805 size   5223068 hash fail 3177650 hash buckets 4487223
 990s visitime   89.39s generated nodes  40161691 nodes/sec   40554 cur h   52 mod.depth   55 inserts   7666631 dups   2442319 size   5224312 hash fail 3178495 hash buckets 4488136
 991s visitime   89.52s generated nodes  40171721 nodes/sec   40517 cur h   53 mod.depth   65 inserts   7668450 dups   2442955 size   5225495 hash fail 3179443 hash buckets 4489007
 993s visitime   89.70s generated nodes  40181751 nodes/sec   40454 cur h   71 mod.depth   48 inserts   7670487 dups   2443520 size   5226967 hash fail 3180405 hash buckets 4490082
 994s visitime   89.85s generated nodes  40191792 nodes/sec   40403 cur h   61 mod.depth   58 inserts   7672213 dups   2444052 size   5228161 hash fail 3181260 hash buckets 4490953
 995s visitime   89.97s generated nodes  40201824 nodes/sec   40369 cur h   67 mod.depth   52 inserts   7674189 dups   2444635 size   5229554 hash fail 3182221 hash buckets 4491968
 996s visitime   90.08s generated nodes  40211878 nodes/sec   40334 cur h   59 mod.depth   60 inserts   7675939 dups   2445182 size   5230757 hash fail 3183098 hash buckets 4492841
 998s visitime   90.19s generated nodes  40216881 nodes/sec   40292 cur h   74 mod.depth   45 inserts   7676832 dups   2445468 size   5231364 hash fail 3183545 hash buckets 4493287
 999s visitime   90.36s generated nodes  40226901 nodes/sec   40250 cur h   58 mod.depth   61 inserts   7678611 dups   2446084 size   5232527 hash fail 3184485 hash buckets 4494126
1000s visitime   90.52s generated nodes  40236918 nodes/sec   40210 cur h   63 mod.depth   56 inserts   7680474 dups   2446720 size   5233754 hash fail 3185443 hash buckets 4495031
1001s visitime   90.70s generated nodes  40246928 nodes/sec   40172 cur h   63 mod.depth   56 inserts   7682368 dups   2447356 size   5235012 hash fail 3186389 hash buckets 4495979
1003s visitime   90.83s generated nodes  40256942 nodes/sec   40130 cur h   49 mod.depth   70 inserts   7684169 dups   2447901 size   5236268 hash fail 3187255 hash buckets 4496914
1004s visitime   91.04s generated nodes  40271985 nodes/sec   40094 cur h   52 mod.depth   67 inserts   7686906 dups   2448726 size   5238180 hash fail 3188586 hash buckets 4498320
1006s visitime   91.23s generated nodes  40287018 nodes/sec   40042 cur h   68 mod.depth   51 inserts   7689562 dups   2449508 size   5240054 hash fail 3189902 hash buckets 4499660
1007s visitime   91.38s generated nodes  40302048 nodes/sec   40010 cur h   63 mod.depth   56 inserts   7692332 dups   2450405 size   5241927 hash fail 3191339 hash buckets 4500993
1008s visitime   91.53s generated nodes  40317088 nodes/sec   39976 cur h   47 mod.depth   70 inserts   7695060 dups   2451181 size   5243879 hash fail 3192653 hash buckets 4502407
1009s visitime   91.66s generated nodes  40332097 nodes/sec   39950 cur h   51 mod.depth   68 inserts   7697786 dups   2452155 size   5245631 hash fail 3194083 hash buckets 4503703
1010s visitime   91.78s generated nodes  40347098 nodes/sec   39920 cur h   62 mod.depth   56 inserts   7700516 dups   2452941 size   5247575 hash fail 3195386 hash buckets 4505130
1012s visitime   91.93s generated nodes  40362137 nodes/sec   39882 cur h   72 mod.depth   47 inserts   7703290 dups   2453678 size   5249612 hash fail 3196677 hash buckets 4506613
1013s visitime   92.07s generated nodes  40377155 nodes/sec   39856 cur h   44 mod.depth   68 inserts   7706251 dups   2454673 size   5251578 hash fail 3198213 hash buckets 4508038
1014s visitime   92.19s generated nodes  40392178 nodes/sec   39823 cur h   54 mod.depth   65 inserts   7708637 dups   2455447 size   5253190 hash fail 3199410 hash buckets 4509227
1016s visitime   92.42s generated nodes  40412218 nodes/sec   39763 cur h   72 mod.depth   46 inserts   7712207 dups   2456542 size   5255665 hash fail 3201182 hash buckets 4511025
1017s visitime   92.62s generated nodes  40422229 nodes/sec   39718 cur h   66 mod.depth   53 inserts   7714167 dups   2457196 size   5256971 hash fail 3202180 hash buckets 4511987
1018s visitime   92.77s generated nodes  40437272 nodes/sec   39686 cur h   61 mod.depth   55 inserts   7716979 dups   2458065 size   5258914 hash fail 3203586 hash buckets 4513393
1020s visitime   92.90s generated nodes  40452344 nodes/sec   39658 cur h   58 mod.depth   61 inserts   7719722 dups   2459079 size   5260643 hash fail 3205034 hash buckets 4514688
1021s visitime   93.04s generated nodes  40467386 nodes/sec   39630 cur h   71 mod.depth   48 inserts   7722577 dups   2460028 size   5262549 hash fail 3206520 hash buckets 4516057
1022s visitime   93.14s generated nodes  40477413 nodes/sec   39600 cur h   58 mod.depth   61 inserts   7724157 dups   2460534 size   5263623 hash fail 3207312 hash buckets 4516845
1023s visitime   93.28s generated nodes  40492521 nodes/sec   39567 cur h   59 mod.depth   60 inserts   7726911 dups   2461365 size   5265546 hash fail 3208644 hash buckets 4518267
1024s visitime   93.42s generated nodes  40512577 nodes/sec   39539 cur h   66 mod.depth   53 inserts   7730465 dups   2462660 size   5267805 hash fail 3210597 hash buckets 4519868
1025s visitime   93.55s generated nodes  40532598 nodes/sec   39512 cur h   67 mod.depth   52 inserts   7734074 dups   2463800 size   5270274 hash fail 3212380 hash buckets 4521694
1027s visitime   93.73s generated nodes  40542609 nodes/sec   39469 cur h   54 mod.depth   65 inserts   7735953 dups   2464389 size   5271564 hash fail 3213311 hash buckets 4522642
1029s visitime   93.95s generated nodes  40557636 nodes/sec   39412 cur h   65 mod.depth   53 inserts   7738528 dups   2465244 size   5273284 hash fail 3214668 hash buckets 4523860
1030s visitime   94.09s generated nodes  40572664 nodes/sec   39381 cur h   76 mod.depth   43 inserts   7741231 dups   2466037 size   5275194 hash fail 3215975 hash buckets 4525256
1031s visitime   94.22s generated nodes  40587689 nodes/sec   39357 cur h   57 mod.depth   62 inserts   7744188 dups   2466922 size   5277266 hash fail 3217410 hash buckets 4526778
1032s visitime   94.40s generated nodes  40602707 nodes/sec   39307 cur h   70 mod.depth   49 inserts   7746922 dups   2467819 size   5279103 hash fail 3218800 hash buckets 4528122
1034s visitime   94.63s generated nodes  40612770 nodes/sec   39252 cur h   66 mod.depth   53 inserts   7748793 dups   2468466 size   5280327 hash fail 3219766 hash buckets 4529027
1036s visitime   94.89s generated nodes  40622805 nodes/sec   39196 cur h   52 mod.depth   66 inserts   7750610 dups   2469165 size   5281445 hash fail 3220798 hash buckets 4529812
1037s visitime   95.07s generated nodes  40632842 nodes/sec   39151 cur h   54 mod.depth   65 inserts   7752434 dups   2469753 size   5282681 hash fail 3221730 hash buckets 4530704
1038s visitime   95.19s generated nodes  40647874 nodes/sec   39128 cur h   50 mod.depth   69 inserts   7755172 dups   2470654 size   5284518 hash fail 3223116 hash buckets 4532056
1040s visitime   95.34s generated nodes  40667905 nodes/sec   39096 cur h   64 mod.depth   55 inserts   7758664 dups   2471807 size   5286857 hash fail 3224907 hash buckets 4533757
1041s visitime   95.46s generated nodes  40682921 nodes/sec   39073 cur h   64 mod.depth   55 inserts   7761623 dups   2472712 size   5288911 hash fail 3226365 hash buckets 4535258
1042s visitime   95.61s generated nodes  40697957 nodes/sec   39041 cur h   63 mod.depth   56 inserts   7764259 dups   2473571 size   5290688 hash fail 3227717 hash buckets 4536542
1043s visitime   95.74s generated nodes  40712977 nodes/sec   39011 cur h   69 mod.depth   48 inserts   7766864 dups   2474416 size   5292448 hash fail 3229033 hash buckets 4537831
1044s visitime   95.91s generated nodes  40728005 nodes/sec   38974 cur h   54 mod.depth   65 inserts   7769700 dups   2475320 size   5294380 hash fail 3230466 hash buckets 4539234
1046s visitime   96.06s generated nodes  40743042 nodes/sec   38946 cur h   57 mod.depth   62 inserts   7772276 dups   2476147 size   5296129 hash fail 3231788 hash buckets 4540488
1047s visitime   96.26s generated nodes  40753047 nodes/sec   38907 cur h   68 mod.depth   51 inserts   7774169 dups   2476839 size   5297330 hash fail 3232812 hash buckets 4541357
1048s visitime   96.40s generated nodes  40768069 nodes/sec   38874 cur h   64 mod.depth   55 inserts   7776789 dups   2477629 size   5299160 hash fail 3234080 hash buckets 4542709
1049s visitime   96.51s generated nodes  40783074 nodes/sec   38850 cur h   54 mod.depth   65 inserts   7779479 dups   2478457 size   5301022 hash fail 3235417 hash buckets 4544062
1050s visitime   96.64s generated nodes  40798090 nodes/sec   38825 cur h   57 mod.depth   62 inserts   7782223 dups   2479322 size   5302901 hash fail 3236794 hash buckets 4545429
1052s visitime   96.79s generated nodes  40813131 nodes/sec   38789 cur h   56 mod.depth   54 inserts   7784822 dups   2480215 size   5304607 hash fail 3238160 hash buckets 4546662
1053s visitime   96.94s generated nodes  40828168 nodes/sec   38758 cur h   69 mod.depth   50 inserts   7787685 dups   2481200 size   5306485 hash fail 3239653 hash buckets 4548032
1054s visitime   97.09s generated nodes  40843195 nodes/sec   38733 cur h   63 mod.depth   56 inserts   7790583 dups   2482120 size   5308463 hash fail 3241118 hash buckets 4549465
1055s visitime   97.22s generated nodes  40858240 nodes/sec   38710 cur h   71 mod.depth   48 inserts   7793350 dups   2482954 size   5310396 hash fail 3242465 hash buckets 4550885
1056s visitime   97.35s generated nodes  40873297 nodes/sec   38680 cur h   57 mod.depth   62 inserts   7796070 dups   2483793 size   5312277 hash fail 3243803 hash buckets 4552267
1057s visitime   97.48s generated nodes  40888320 nodes/sec   38654 cur h   58 mod.depth   61 inserts   7798809 dups   2484707 size   5314102 hash fail 3245220 hash buckets 4553589
1058s visitime   97.61s generated nodes  40903361 nodes/sec   38630 cur h   49 mod.depth   70 inserts   7801728 dups   2485759 size   5315969 hash fail 3246786 hash buckets 4554942
1060s visitime   97.76s generated nodes  40923411 nodes/sec   38604 cur h   68 mod.depth   51 inserts   7805430 dups   2487126 size   5318304 hash fail 3248765 hash buckets 4556665
1061s visitime   97.87s generated nodes  40943433 nodes/sec   38581 cur h   54 mod.depth   65 inserts   7808898 dups   2488151 size   5320747 hash fail 3250438 hash buckets 4558460
1062s visitime   98.02s generated nodes  40963461 nodes/sec   38554 cur h   64 mod.depth   55 inserts   7812601 dups   2489495 size   5323106 hash fail 3252400 hash buckets 4560201
1063s visitime   98.12s generated nodes  40978478 nodes/sec   38532 cur h   64 mod.depth   55 inserts   7815160 dups   2490179 size   5324981 hash fail 3253618 hash buckets 4561542
1064s visitime   98.26s generated nodes  40998536 nodes/sec   38503 cur h   56 mod.depth   63 inserts   7818674 dups   2491323 size   5327351 hash fail 3255398 hash buckets 4563276
1066s visitime   98.38s generated nodes  41013586 nodes/sec   38470 cur h   58 mod.depth   61 inserts   7821504 dups   2492181 size   5329323 hash fail 3256821 hash buckets 4564683
1067s visitime   98.50s generated nodes  41028606 nodes/sec   38445 cur h   58 mod.depth   61 inserts   7824047 dups   2492967 size   5331080 hash fail 3258091 hash buckets 4565956
1068s visitime   98.62s generated nodes  41048632 nodes/sec   38424 cur h   62 mod.depth   57 inserts   7827799 dups   2493967 size   5333832 hash fail 3259862 hash buckets 4567937
1069s visitime   98.75s generated nodes  41063684 nodes/sec   38401 cur h   53 mod.depth   66 inserts   7830919 dups   2495135 size   5335784 hash fail 3261572 hash buckets 4569347
1070s visitime   98.87s generated nodes  41078774 nodes/sec   38372 cur h   71 mod.depth   48 inserts   7833657 dups   2495933 size   5337724 hash fail 3262884 hash buckets 4570773
1071s visitime   99.00s generated nodes  41093794 nodes/sec   38346 cur h   52 mod.depth   66 inserts   7836227 dups   2496857 size   5339370 hash fail 3264257 hash buckets 4571970
1072s visitime   99.15s generated nodes  41113843 nodes/sec   38321 cur h   71 mod.depth   48 inserts   7840093 dups   2497902 size   5342191 hash fail 3266069 hash buckets 4574024
1074s visitime   99.29s generated nodes  41133879 nodes/sec   38299 cur h   63 mod.depth   56 inserts   7843878 dups   2499242 size   5344636 hash fail 3268090 hash buckets 4575788
1075s visitime   99.44s generated nodes  41153942 nodes/sec   38273 cur h   55 mod.depth   64 inserts   7847784 dups   2500477 size   5347307 hash fail 3270044 hash buckets 4577740
1076s visitime   99.60s generated nodes  41173995 nodes/sec   38246 cur h   71 mod.depth   48 inserts   7851588 dups   2501742 size   5349846 hash fail 3272025 hash buckets 4579563
1077s visitime   99.73s generated nodes  41189005 nodes/sec   38221 cur h   63 mod.depth   56 inserts   7854524 dups   2502624 size   5351900 hash fail 3273483 hash buckets 4581041
1078s visitime   99.86s generated nodes  41204027 nodes/sec   38192 cur h   52 mod.depth   60 inserts   7857349 dups   2503642 size   5353707 hash fail 3274974 hash buckets 4582375
1080s visitime  100.02s generated nodes  41219044 nodes/sec   38157 cur h   86 mod.depth   32 inserts   7860345 dups   2504470 size   5355875 hash fail 3276356 hash buckets 4583989
1081s visitime  100.16s generated nodes  41239075 nodes/sec   38136 cur h   66 mod.depth   53 inserts   7863906 dups   2505617 size   5358289 hash fail 3278182 hash buckets 4585724
1082s visitime  100.28s generated nodes  41259100 nodes/sec   38114 cur h   58 mod.depth   60 inserts   7867321 dups   2506769 size   5360552 hash fail 3279959 hash buckets 4587362
1083s visitime  100.41s generated nodes  41279162 nodes/sec   38089 cur h   67 mod.depth   52 inserts   7871140 dups   2507925 size   5363215 hash fail 3281826 hash buckets 4589314
1084s visitime  100.54s generated nodes  41299242 nodes/sec   38069 cur h   46 mod.depth   73 inserts   7874782 dups   2509212 size   5365570 hash fail 3283746 hash buckets 4591036
1085s visitime  100.66s generated nodes  41314305 nodes/sec   38046 cur h   56 mod.depth   63 inserts   7877514 dups   2510176 size   5367338 hash fail 3285182 hash buckets 4592332
1087s visitime  100.84s generated nodes  41334360 nodes/sec   38015 cur h   63 mod.depth   56 inserts   7881351 dups   2511473 size   5369878 hash fail 3287181 hash buckets 4594170
1088s visitime  100.97s generated nodes  41349388 nodes/sec   37987 cur h   49 mod.depth   70 inserts   7884101 dups   2512440 size   5371661 hash fail 3288648 hash buckets 4595453
1089s visitime  101.09s generated nodes  41364436 nodes/sec   37966 cur h   56 mod.depth   57 inserts   7886957 dups   2513317 size   5373640 hash fail 3290035 hash buckets 4596922
1090s visitime  101.22s generated nodes  41384455 nodes/sec   37942 cur h   51 mod.depth   67 inserts   7890675 dups   2514321 size   5376354 hash fail 3291783 hash buckets 4598892
1091s visitime  101.35s generated nodes  41404494 nodes/sec   37919 cur h   65 mod.depth   54 inserts   7894348 dups   2515369 size   5378979 hash fail 3293548 hash buckets 4600800
1093s visitime  101.50s generated nodes  41424523 nodes/sec   37896 cur h   71 mod.depth   48 inserts   7898212 dups   2516669 size   5381543 hash fail 3295556 hash buckets 4602656
1094s visitime  101.65s generated nodes  41444588 nodes/sec   37873 cur h   54 mod.depth   59 inserts   7902061 dups   2517933 size   5384128 hash fail 3297557 hash buckets 4604504
1095s visitime  101.78s generated nodes  41459614 nodes/sec   37850 cur h   60 mod.depth   59 inserts   7904940 dups   2518839 size   5386101 hash fail 3299012 hash buckets 4605928
1096s visitime  101.92s generated nodes  41479652 nodes/sec   37827 cur h   51 mod.depth   68 inserts   7908673 dups   2520053 size   5388620 hash fail 3300905 hash buckets 4607768
1097s visitime  102.05s generated nodes  41499744 nodes/sec   37805 cur h   57 mod.depth   59 inserts   7912338 dups   2521156 size   5391182 hash fail 3302725 hash buckets 4609613
1098s visitime  102.17s generated nodes  41514768 nodes/sec   37782 cur h   67 mod.depth   52 inserts   7915150 dups   2522159 size   5392991 hash fail 3304215 hash buckets 4610935
1100s visitime  102.39s generated nodes  41524799 nodes/sec   37732 cur h   73 mod.depth   46 inserts   7916826 dups   2522736 size   5394090 hash fail 3305095 hash buckets 4611731
1101s visitime  102.57s generated nodes  41539831 nodes/sec   37698 cur h   58 mod.depth   61 inserts   7919687 dups   2523801 size   5395886 hash fail 3306657 hash buckets 4613030
1102s visitime  102.72s generated nodes  41554874 nodes/sec   37676 cur h   46 mod.depth   72 inserts   7922766 dups   2524771 size   5397995 hash fail 3308238 hash buckets 4614528
1103s visitime  102.84s generated nodes  41569904 nodes/sec   37654 cur h   48 mod.depth   71 inserts   7925608 dups   2525606 size   5400002 hash fail 3309630 hash buckets 4615978
1105s visitime  103.00s generated nodes  41589932 nodes/sec   37625 cur h   61 mod.depth   58 inserts   7929424 dups   2526900 size   5402524 hash fail 3311620 hash buckets 4617804
1106s visitime  103.13s generated nodes  41609995 nodes/sec   37605 cur h   68 mod.depth   49 inserts   7933393 dups   2528152 size   5405241 hash fail 3313646 hash buckets 4619747
1107s visitime  103.30s generated nodes  41630044 nodes/sec   37580 cur h   59 mod.depth   60 inserts   7937337 dups   2529680 size   5407657 hash fail 3315847 hash buckets 4621490
1108s visitime  103.42s generated nodes  41650067 nodes/sec   37562 cur h   61 mod.depth   58 inserts   7941199 dups   2530931 size   5410268 hash fail 3317801 hash buckets 4623398
1109s visitime  103.55s generated nodes  41670114 nodes/sec   37542 cur h   57 mod.depth   59 inserts   7945168 dups   2532177 size   5412991 hash fail 3319783 hash buckets 4625385
1110s visitime  103.66s generated nodes  41690145 nodes/sec   37526 cur h   58 mod.depth   61 inserts   7948880 dups   2533495 size   5415385 hash fail 3321747 hash buckets 4627133
1112s visitime  103.80s generated nodes  41710189 nodes/sec   37503 cur h   61 mod.depth   57 inserts   7952899 dups   2534772 size   5418127 hash fail 3323790 hash buckets 4629109
1113s visitime  103.94s generated nodes  41730250 nodes/sec   37482 cur h   68 mod.depth   51 inserts   7956757 dups   2536205 size   5420552 hash fail 3325866 hash buckets 4630891
1114s visitime  104.10s generated nodes  41750320 nodes/sec   37456 cur h   69 mod.depth   50 inserts   7960659 dups   2537348 size   5423311 hash fail 3327781 hash buckets 4632878
1115s visitime  104.23s generated nodes  41765347 nodes/sec   37432 cur h   65 mod.depth   54 inserts   7963342 dups   2538341 size   5425001 hash fail 3329241 hash buckets 4634101
1117s visitime  104.39s generated nodes  41785367 nodes/sec   37405 cur h   67 mod.depth   52 inserts   7967183 dups   2539470 size   5427713 hash fail 3331113 hash buckets 4636070
1118s visitime  104.60s generated nodes  41800396 nodes/sec   37368 cur h   51 mod.depth   66 inserts   7969965 dups   2540511 size   5429454 hash fail 3332616 hash buckets 4637349
1119s visitime  104.75s generated nodes  41815444 nodes/sec   37343 cur h   49 mod.depth   69 inserts   7972783 dups   2541449 size   5431334 hash fail 3334114 hash buckets 4638669
1120s visitime  104.87s generated nodes  41830453 nodes/sec   37323 cur h   67 mod.depth   52 inserts   7975655 dups   2542412 size   5433243 hash fail 3335620 hash buckets 4640035
1122s visitime  105.02s generated nodes  41850468 nodes/sec   37299 cur h   62 mod.depth   57 inserts   7979606 dups   2543846 size   5435760 hash fail 3337762 hash buckets 4641844
1123s visitime  105.17s generated nodes  41870507 nodes/sec   37276 cur h   56 mod.depth   63 inserts   7983476 dups   2545098 size   5438378 hash fail 3339699 hash buckets 4643777
1124s visitime  105.30s generated nodes  41890545 nodes/sec   37258 cur h   52 mod.depth   66 inserts   7987306 dups   2546437 size   5440869 hash fail 3341699 hash buckets 4645607
1125s visitime  105.45s generated nodes  41910623 nodes/sec   37236 cur h   67 mod.depth   52 inserts   7991090 dups   2547759 size   5443331 hash fail 3343735 hash buckets 4647355
1126s visitime  105.58s generated nodes  41925653 nodes/sec   37211 cur h   65 mod.depth   54 inserts   7993952 dups   2548761 size   5445191 hash fail 3345212 hash buckets 4648740
1127s visitime  105.73s generated nodes  41940687 nodes/sec   37187 cur h   56 mod.depth   63 inserts   7996996 dups   2549814 size   5447182 hash fail 3346821 hash buckets 4650175
1128s visitime  105.85s generated nodes  41955740 nodes/sec   37167 cur h   65 mod.depth   54 inserts   7999785 dups   2550732 size   5449053 hash fail 3348261 hash buckets 4651524
1130s visitime  106.00s generated nodes  41975760 nodes/sec   37139 cur h   62 mod.depth   57 inserts   8003462 dups   2551878 size   5451584 hash fail 3350121 hash buckets 4653341
1131s visitime  106.15s generated nodes  41995803 nodes/sec   37116 cur h   44 mod.depth   75 inserts   8007195 dups   2553153 size   5454042 hash fail 3352081 hash buckets 4655114
1132s visitime  106.28s generated nodes  42015817 nodes/sec   37097 cur h   55 mod.depth   61 inserts   8010841 dups   2554292 size   5456549 hash fail 3353912 hash buckets 4656929
1133s visitime  106.38s generated nodes  42035840 nodes/sec   37082 cur h   71 mod.depth   48 inserts   8014427 dups   2555508 size   5458919 hash fail 3355792 hash buckets 4658635
1134s visitime  106.50s generated nodes  42055892 nodes/sec   37066 cur h   54 mod.depth   65 inserts   8018269 dups   2556576 size   5461693 hash fail 3357595 hash buckets 4660674
1135s visitime  106.62s generated nodes  42075909 nodes/sec   37050 cur h   73 mod.depth   46 inserts   8022185 dups   2557926 size   5464259 hash fail 3359656 hash buckets 4662529
1136s visitime  106.74s generated nodes  42095969 nodes/sec   37034 cur h   48 mod.depth   70 inserts   8025960 dups   2559027 size   5466933 hash fail 3361488 hash buckets 4664472
1137s visitime  106.86s generated nodes  42115986 nodes/sec   37014 cur h   92 mod.depth   27 inserts   8029576 dups   2560247 size   5469329 hash fail 3363381 hash buckets 4666195
1138s visitime  106.99s generated nodes  42136051 nodes/sec   36995 cur h   70 mod.depth   49 inserts   8033393 dups   2561544 size   5471849 hash fail 3365363 hash buckets 4668030
1140s visitime  107.13s generated nodes  42161149 nodes/sec   36976 cur h   50 mod.depth   64 inserts   8038133 dups   2563173 size   5474960 hash fail 3367873 hash buckets 4670260
1141s visitime  107.26s generated nodes  42181186 nodes/sec   36961 cur h   66 mod.depth   53 inserts   8042154 dups   2564455 size   5477699 hash fail 3369903 hash buckets 4672251
1142s visitime  107.37s generated nodes  42201254 nodes/sec   36944 cur h   77 mod.depth   42 inserts   8045895 dups   2565662 size   5480233 hash fail 3371866 hash buckets 4674029
1143s visitime  107.49s generated nodes  42221311 nodes/sec   36928 cur h   64 mod.depth   55 inserts   8049784 dups   2566985 size   5482799 hash fail 3373911 hash buckets 4675873
1144s visitime  107.61s generated nodes  42241373 nodes/sec   36911 cur h   70 mod.depth   49 inserts   8053541 dups   2568151 size   5485390 hash fail 3375829 hash buckets 4677712
1145s visitime  107.74s generated nodes  42261408 nodes/sec   36895 cur h   83 mod.depth   36 inserts   8057411 dups   2569353 size   5488058 hash fail 3377794 hash buckets 4679617
1146s visitime  107.86s generated nodes  42281482 nodes/sec   36878 cur h   60 mod.depth   59 inserts   8061276 dups   2570657 size   5490619 hash fail 3379824 hash buckets 4681452
1147s visitime  107.99s generated nodes  42301512 nodes/sec   36861 cur h   68 mod.depth   51 inserts   8064882 dups   2571850 size   5493032 hash fail 3381624 hash buckets 4683258
1148s visitime  108.10s generated nodes  42321546 nodes/sec   36846 cur h   75 mod.depth   44 inserts   8068661 dups   2573283 size   5495378 hash fail 3383713 hash buckets 4684948
1149s visitime  108.22s generated nodes  42341583 nodes/sec   36829 cur h   61 mod.depth   58 inserts   8072448 dups   2574478 size   5497970 hash fail 3385655 hash buckets 4686793
1150s visitime  108.34s generated nodes  42361630 nodes/sec   36814 cur h   68 mod.depth   51 inserts   8076397 dups   2575760 size   5500637 hash fail 3387672 hash buckets 4688725
1151s visitime  108.49s generated nodes  42386673 nodes/sec   36794 cur h   59 mod.depth   57 inserts   8080785 dups   2577321 size   5503464 hash fail 3390025 hash buckets 4690760
1153s visitime  108.59s generated nodes  42406700 nodes/sec   36777 cur h   58 mod.depth   61 inserts   8084530 dups   2578520 size   5506010 hash fail 3391972 hash buckets 4692558
1154s visitime  108.71s generated nodes  42426740 nodes/sec   36761 cur h   55 mod.depth   63 inserts   8088431 dups   2579923 size   5508508 hash fail 3394108 hash buckets 4694323
1155s visitime  108.82s generated nodes  42446743 nodes/sec   36743 cur h   76 mod.depth   43 inserts   8092286 dups   2581133 size   5511153 hash fail 3396065 hash buckets 4696221
1156s visitime  108.94s generated nodes  42466782 nodes/sec   36726 cur h   40 mod.depth   67 inserts   8096069 dups   2582312 size   5513757 hash fail 3397962 hash buckets 4698107
1157s visitime  109.06s generated nodes  42481852 nodes/sec   36705 cur h   60 mod.depth   59 inserts   8098965 dups   2583159 size   5515806 hash fail 3399407 hash buckets 4699558
1158s visitime  109.19s generated nodes  42496866 nodes/sec   36684 cur h   73 mod.depth   46 inserts   8101985 dups   2584305 size   5517680 hash fail 3401106 hash buckets 4700879
1159s visitime  109.31s generated nodes  42511900 nodes/sec   36662 cur h   60 mod.depth   57 inserts   8104758 dups   2585255 size   5519503 hash fail 3402565 hash buckets 4702193
1160s visitime  109.46s generated nodes  42531917 nodes/sec   36639 cur h   43 mod.depth   76 inserts   8108580 dups   2586381 size   5522199 hash fail 3404463 hash buckets 4704117
1162s visitime  109.60s generated nodes  42551950 nodes/sec   36618 cur h   60 mod.depth   57 inserts   8112383 dups   2587735 size   5524648 hash fail 3406524 hash buckets 4705859
1163s visitime  109.89s generated nodes  42572000 nodes/sec   36576 cur h   56 mod.depth   62 inserts   8116511 dups   2589029 size   5527482 hash fail 3408623 hash buckets 4707888
1164s visitime  110.01s generated nodes  42577013 nodes/sec   36549 cur h   75 mod.depth   44 inserts   8117485 dups   2589330 size   5528155 hash fail 3409104 hash buckets 4708381
1166s visitime  110.20s generated nodes  42597102 nodes/sec   36528 cur h   51 mod.depth   64 inserts   8121499 dups   2590763 size   5530736 hash fail 3411278 hash buckets 4710221
1167s visitime  110.36s generated nodes  42607121 nodes/sec   36499 cur h   58 mod.depth   61 inserts   8123508 dups   2591510 size   5531998 hash fail 3412360 hash buckets 4711148
1168s visitime  110.51s generated nodes  42622146 nodes/sec   36477 cur h   62 mod.depth   57 inserts   8126548 dups   2592595 size   5533953 hash fail 3414014 hash buckets 4712534
1169s visitime  110.68s generated nodes  42642173 nodes/sec   36457 cur h   62 mod.depth   57 inserts   8130823 dups   2594191 size   5536632 hash fail 3416346 hash buckets 4714477
1170s visitime  110.83s generated nodes  42662196 nodes/sec   36438 cur h   48 mod.depth   63 inserts   8134646 dups   2595559 size   5539087 hash fail 3418394 hash buckets 4716252
1171s visitime  110.97s generated nodes  42682211 nodes/sec   36422 cur h   45 mod.depth   69 inserts   8138700 dups   2596822 size   5541878 hash fail 3420433 hash buckets 4718267
1172s visitime  111.11s generated nodes  42697234 nodes/sec   36403 cur h   71 mod.depth   48 inserts   8141818 dups   2597896 size   5543922 hash fail 3422096 hash buckets 4719722
1173s visitime  111.24s generated nodes  42717295 nodes/sec   36386 cur h   51 mod.depth   68 inserts   8145894 dups   2599267 size   5546627 hash fail 3424197 hash buckets 4721697
1175s visitime  111.38s generated nodes  42737322 nodes/sec   36370 cur h   59 mod.depth   60 inserts   8149987 dups   2600605 size   5549382 hash fail 3426355 hash buckets 4723632
1176s visitime  111.51s generated nodes  42757357 nodes/sec   36355 cur h   73 mod.depth   46 inserts   8154027 dups   2601846 size   5552181 hash fail 3428388 hash buckets 4725639
1177s visitime  111.64s generated nodes  42777399 nodes/sec   36340 cur h   67 mod.depth   52 inserts   8157915 dups   2603076 size   5554839 hash fail 3430372 hash buckets 4727543
1178s visitime  111.80s generated nodes  42802441 nodes/sec   36323 cur h   50 mod.depth   67 inserts   8163218 dups   2604871 size   5558347 hash fail 3433153 hash buckets 4730065
1179s visitime  111.92s generated nodes  42822461 nodes/sec   36307 cur h   63 mod.depth   56 inserts   8167208 dups   2606383 size   5560825 hash fail 3435338 hash buckets 4731870
1180s visitime  112.05s generated nodes  42842495 nodes/sec   36289 cur h   48 mod.depth   71 inserts   8170972 dups   2607692 size   5563280 hash fail 3437378 hash buckets 4733594
1181s visitime  112.19s generated nodes  42867603 nodes/sec   36272 cur h   53 mod.depth   66 inserts   8175756 dups   2609318 size   5566438 hash fail 3439915 hash buckets 4735841
1182s visitime  112.30s generated nodes  42887625 nodes/sec   36256 cur h   64 mod.depth   55 inserts   8179781 dups   2610426 size   5569355 hash fail 3441842 hash buckets 4737939
1184s visitime  112.42s generated nodes  42907688 nodes/sec   36239 cur h   63 mod.depth   56 inserts   8183780 dups   2611863 size   5571917 hash fail 3443985 hash buckets 4739795
1185s visitime  112.57s generated nodes  42927709 nodes/sec   36222 cur h   70 mod.depth   49 inserts   8187893 dups   2613329 size   5574564 hash fail 3446241 hash buckets 4741652
1186s visitime  112.70s generated nodes  42942715 nodes/sec   36204 cur h   43 mod.depth   71 inserts   8190787 dups   2614320 size   5576467 hash fail 3447751 hash buckets 4743036
1187s visitime  112.85s generated nodes  42962768 nodes/sec   36183 cur h   53 mod.depth   65 inserts   8194897 dups   2615690 size   5579207 hash fail 3449909 hash buckets 4744988
1188s visitime  113.01s generated nodes  42982826 nodes/sec   36163 cur h   55 mod.depth   64 inserts   8198950 dups   2617073 size   5581877 hash fail 3452037 hash buckets 4746913
1189s visitime  113.16s generated nodes  43007835 nodes/sec   36147 cur h   54 mod.depth   65 inserts   8203842 dups   2618739 size   5585103 hash fail 3454575 hash buckets 4749267
1191s visitime  113.30s generated nodes  43032905 nodes/sec   36131 cur h   57 mod.depth   61 inserts   8208436 dups   2620383 size   5588053 hash fail 3457015 hash buckets 4751421
1192s visitime  113.42s generated nodes  43052930 nodes/sec   36117 cur h   63 mod.depth   56 inserts   8212347 dups   2621715 size   5590632 hash fail 3459076 hash buckets 4753271
1193s visitime  113.53s generated nodes  43072957 nodes/sec   36103 cur h   70 mod.depth   49 inserts   8215937 dups   2622969 size   5592968 hash fail 3461012 hash buckets 4754925
1194s visitime  113.66s generated nodes  43093003 nodes/sec   36088 cur h   53 mod.depth   66 inserts   8219860 dups   2624572 size   5595288 hash fail 3463313 hash buckets 4756547
1195s visitime  113.78s generated nodes  43113026 nodes/sec   36074 cur h   73 mod.depth   46 inserts   8223610 dups   2625841 size   5597769 hash fail 3465320 hash buckets 4758290
1196s visitime  113.91s generated nodes  43133078 nodes/sec   36057 cur h   69 mod.depth   48 inserts   8227365 dups   2627024 size   5600341 hash fail 3467223 hash buckets 4760142
1197s visitime  114.04s generated nodes  43153130 nodes/sec   36038 cur h   53 mod.depth   66 inserts   8231087 dups   2628492 size   5602595 hash fail 3469301 hash buckets 4761786
1198s visitime  114.16s generated nodes  43173182 nodes/sec   36022 cur h   57 mod.depth   58 inserts   8234923 dups   2629627 size   5605296 hash fail 3471195 hash buckets 4763728
1199s visitime  114.30s generated nodes  43193220 nodes/sec   36005 cur h   67 mod.depth   52 inserts   8239000 dups   2631034 size   5607966 hash fail 3473414 hash buckets 4765586
1200s visitime  114.47s generated nodes  43208251 nodes/sec   35977 cur h   57 mod.depth   62 inserts   8241961 dups   2632063 size   5609898 hash fail 3475003 hash buckets 4766958
1202s visitime  114.62s generated nodes  43218282 nodes/sec   35931 cur h   52 mod.depth   67 inserts   8243828 dups   2632694 size   5611134 hash fail 3475980 hash buckets 4767848
1203s visitime  114.74s generated nodes  43233323 nodes/sec   35913 cur h   63 mod.depth   56 inserts   8246759 dups   2633696 size   5613063 hash fail 3477527 hash buckets 4769232
1205s visitime  114.94s generated nodes  43253385 nodes/sec   35887 cur h   42 mod.depth   67 inserts   8250804 dups   2635275 size   5615529 hash fail 3479809 hash buckets 4770995
1206s visitime  115.10s generated nodes  43268424 nodes/sec   35866 cur h   39 mod.depth   72 inserts   8253898 dups   2636261 size   5617637 hash fail 3481406 hash buckets 4772492
1207s visitime  115.24s generated nodes  43283466 nodes/sec   35845 cur h   65 mod.depth   54 inserts   8256917 dups   2637326 size   5619591 hash fail 3483008 hash buckets 4773909
1208s visitime  115.40s generated nodes  43303511 nodes/sec   35826 cur h   62 mod.depth   57 inserts   8260757 dups   2638631 size   5622126 hash fail 3485053 hash buckets 4775704
1209s visitime  115.55s generated nodes  43323552 nodes/sec   35807 cur h   62 mod.depth   57 inserts   8264547 dups   2639919 size   5624628 hash fail 3487012 hash buckets 4777535
1211s visitime  115.72s generated nodes  43343567 nodes/sec   35787 cur h   62 mod.depth   57 inserts   8268477 dups   2641487 size   5626990 hash fail 3489242 hash buckets 4779235
1212s visitime  115.88s generated nodes  43363600 nodes/sec   35767 cur h   62 mod.depth   57 inserts   8272384 dups   2642844 size   5629540 hash fail 3491323 hash buckets 4781061
1213s visitime  116.02s generated nodes  43383619 nodes/sec   35747 cur h   66 mod.depth   53 inserts   8275954 dups   2643989 size   5631965 hash fail 3493160 hash buckets 4782794
1214s visitime  116.15s generated nodes  43403676 nodes/sec   35730 cur h   75 mod.depth   44 inserts   8279581 dups   2645419 size   5634162 hash fail 3495251 hash buckets 4784330
1215s visitime  116.32s generated nodes  43428700 nodes/sec   35714 cur h   72 mod.depth   47 inserts   8284659 dups   2647351 size   5637308 hash fail 3498081 hash buckets 4786578
1217s visitime  116.45s generated nodes  43448764 nodes/sec   35699 cur h   85 mod.depth   34 inserts   8288788 dups   2648617 size   5640171 hash fail 3500168 hash buckets 4788620
1218s visitime  116.60s generated nodes  43468838 nodes/sec   35680 cur h   56 mod.depth   63 inserts   8292789 dups   2650146 size   5642643 hash fail 3502375 hash buckets 4790414
1219s visitime  116.75s generated nodes  43488866 nodes/sec   35661 cur h   68 mod.depth   51 inserts   8296903 dups   2651713 size   5645190 hash fail 3504683 hash buckets 4792220
1220s visitime  116.88s generated nodes  43508889 nodes/sec   35645 cur h   66 mod.depth   53 inserts   8301118 dups   2653289 size   5647829 hash fail 3506974 hash buckets 4794144
1221s visitime  117.01s generated nodes  43528921 nodes/sec   35627 cur h   63 mod.depth   56 inserts   8305093 dups   2654713 size   5650380 hash fail 3509165 hash buckets 4795928
1222s visitime  117.14s generated nodes  43549036 nodes/sec   35613 cur h   57 mod.depth   61 inserts   8308985 dups   2656095 size   5652890 hash fail 3511281 hash buckets 4797704
1223s visitime  117.27s generated nodes  43569053 nodes/sec   35599 cur h   50 mod.depth   68 inserts   8312982 dups   2657421 size   5655561 hash fail 3513389 hash buckets 4799593
1224s visitime  117.39s generated nodes  43589098 nodes/sec   35585 cur h   55 mod.depth   64 inserts   8316993 dups   2658776 size   5658217 hash fail 3515511 hash buckets 4801482
1226s visitime  117.53s generated nodes  43609109 nodes/sec   35569 cur h   71 mod.depth   48 inserts   8320843 dups   2660195 size   5660648 hash fail 3517626 hash buckets 4803217
1227s visitime  117.66s generated nodes  43629205 nodes/sec   35552 cur h   51 mod.depth   68 inserts   8324664 dups   2661575 size   5663089 hash fail 3519695 hash buckets 4804969
1228s visitime  117.79s generated nodes  43649238 nodes/sec   35536 cur h   58 mod.depth   61 inserts   8328498 dups   2662716 size   5665782 hash fail 3521589 hash buckets 4806909
1229s visitime  117.92s generated nodes  43669253 nodes/sec   35521 cur h   61 mod.depth   58 inserts   8332295 dups   2663994 size   5668301 hash fail 3523595 hash buckets 4808700
1230s visitime  118.04s generated nodes  43689267 nodes/sec   35505 cur h   57 mod.depth   61 inserts   8336191 dups   2665307 size   5670884 hash fail 3525601 hash buckets 4810590
1231s visitime  118.18s generated nodes  43709321 nodes/sec   35489 cur h   57 mod.depth   62 inserts   8340207 dups   2666823 size   5673384 hash fail 3527822 hash buckets 4812385
1232s visitime  118.30s generated nodes  43724355 nodes/sec   35471 cur h   43 mod.depth   74 inserts   8343110 dups   2667829 size   5675281 hash fail 3529387 hash buckets 4813723
1233s visitime  118.43s generated nodes  43744382 nodes/sec   35456 cur h   49 mod.depth   70 inserts   8346910 dups   2669113 size   5677797 hash fail 3531365 hash buckets 4815545
1234s visitime  118.56s generated nodes  43764427 nodes/sec   35440 cur h   58 mod.depth   61 inserts   8350862 dups   2670501 size   5680361 hash fail 3533487 hash buckets 4817375
1236s visitime  118.70s generated nodes  43784473 nodes/sec   35424 cur h   47 mod.depth   72 inserts   8354898 dups   2671824 size   5683074 hash fail 3535580 hash buckets 4819318
1237s visitime  118.82s generated nodes  43799502 nodes/sec   35407 cur h   54 mod.depth   65 inserts   8357743 dups   2672795 size   5684948 hash fail 3537074 hash buckets 4820669
1238s visitime  118.98s generated nodes  43814513 nodes/sec   35381 cur h   67 mod.depth   52 inserts   8360608 dups   2673870 size   5686738 hash fail 3538670 hash buckets 4821938
1239s visitime  119.12s generated nodes  43824547 nodes/sec   35360 cur h   57 mod.depth   62 inserts   8362852 dups   2674737 size   5688115 hash fail 3539926 hash buckets 4822926
1240s visitime  119.27s generated nodes  43844597 nodes/sec   35343 cur h   61 mod.depth   57 inserts   8366927 dups   2676099 size   5690828 hash fail 3542081 hash buckets 4824846
1241s visitime  119.42s generated nodes  43864644 nodes/sec   35323 cur h   53 mod.depth   66 inserts   8370905 dups   2677476 size   5693429 hash fail 3544197 hash buckets 4826708
1242s visitime  119.57s generated nodes  43884687 nodes/sec   35307 cur h   67 mod.depth   52 inserts   8374810 dups   2678843 size   5695967 hash fail 3546271 hash buckets 4828539
1244s visitime  119.72s generated nodes  43904713 nodes/sec   35290 cur h   68 mod.depth   51 inserts   8379063 dups   2680364 size   5698699 hash fail 3548585 hash buckets 4830478
1245s visitime  119.85s generated nodes  43924784 nodes/sec   35276 cur h   50 mod.depth   69 inserts   8382895 dups   2681718 size   5701177 hash fail 3550655 hash buckets 4832240
1246s visitime  119.98s generated nodes  43944830 nodes/sec   35260 cur h   56 mod.depth   63 inserts   8386896 dups   2683113 size   5703783 hash fail 3552808 hash buckets 4834088
1247s visitime  120.15s generated nodes  43964867 nodes/sec   35237 cur h   45 mod.depth   74 inserts   8390798 dups   2684478 size   5706320 hash fail 3554894 hash buckets 4835904
1248s visitime  120.29s generated nodes  43984927 nodes/sec   35221 cur h   67 mod.depth   52 inserts   8394964 dups   2686005 size   5708959 hash fail 3557193 hash buckets 4837771
1250s visitime  120.43s generated nodes  44004970 nodes/sec   35203 cur h   65 mod.depth   54 inserts   8399002 dups   2687395 size   5711607 hash fail 3559337 hash buckets 4839665
1251s visitime  120.54s generated nodes  44025003 nodes/sec   35190 cur h   76 mod.depth   43 inserts   8402695 dups   2688802 size   5713893 hash fail 3561421 hash buckets 4841274
1252s visitime  120.67s generated nodes  44045046 nodes/sec   35174 cur h   51 mod.depth   65 inserts   8406578 dups   2690088 size   5716490 hash fail 3563446 hash buckets 4843132
1253s visitime  120.80s generated nodes  44065101 nodes/sec   35159 cur h   69 mod.depth   48 inserts   8410536 dups   2691434 size   5719102 hash fail 3565523 hash buckets 4845013
1254s visitime  120.95s generated nodes  44090145 nodes/sec   35144 cur h   58 mod.depth   61 inserts   8415593 dups   2693474 size   5722119 hash fail 3568409 hash buckets 4847184
1255s visitime  121.10s generated nodes  44115198 nodes/sec   35129 cur h   59 mod.depth   60 inserts   8420390 dups   2695258 size   5725132 hash fail 3571106 hash buckets 4849284
1256s visitime  121.23s generated nodes  44135242 nodes/sec   35115 cur h   57 mod.depth   62 inserts   8424305 dups   2696560 size   5727745 hash fail 3573168 hash buckets 4851137
1258s visitime  121.37s generated nodes  44155268 nodes/sec   35097 cur h   60 mod.depth   59 inserts   8427890 dups   2697764 size   5730126 hash fail 3575091 hash buckets 4852799
1259s visitime  121.49s generated nodes  44175303 nodes/sec   35081 cur h   60 mod.depth   58 inserts   8432093 dups   2699282 size   5732811 hash fail 3577397 hash buckets 4854696
1260s visitime  121.63s generated nodes  44195368 nodes/sec   35066 cur h   57 mod.depth   62 inserts   8435853 dups   2700734 size   5735119 hash fail 3579540 hash buckets 4856313
1261s visitime  121.76s generated nodes  44215420 nodes/sec   35052 cur h   53 mod.depth   66 inserts   8439832 dups   2702171 size   5737661 hash fail 3581676 hash buckets 4858156
1262s visitime  121.93s generated nodes  44240476 nodes/sec   35036 cur h   54 mod.depth   65 inserts   8444717 dups   2704139 size   5740578 hash fail 3584492 hash buckets 4860225
1263s visitime  122.06s generated nodes  44260543 nodes/sec   35020 cur h   67 mod.depth   52 inserts   8448504 dups   2705419 size   5743085 hash fail 3586527 hash buckets 4861977
1264s visitime  122.20s generated nodes  44280580 nodes/sec   35005 cur h   68 mod.depth   49 inserts   8452372 dups   2706903 size   5745469 hash fail 3588725 hash buckets 4863647
1265s visitime  122.31s generated nodes  44300627 nodes/sec   34992 cur h   49 mod.depth   65 inserts   8456174 dups   2708213 size   5747961 hash fail 3590734 hash buckets 4865440
1267s visitime  122.47s generated nodes  44320664 nodes/sec   34973 cur h   50 mod.depth   69 inserts   8460250 dups   2709908 size   5750342 hash fail 3593099 hash buckets 4867151
1268s visitime  122.63s generated nodes  44340736 nodes/sec   34949 cur h   61 mod.depth   55 inserts   8464014 dups   2711048 size   5752966 hash fail 3594970 hash buckets 4869044
1269s visitime  122.77s generated nodes  44350768 nodes/sec   34925 cur h   55 mod.depth   65 inserts   8465709 dups   2711661 size   5754048 hash fail 3595895 hash buckets 4869814
1270s visitime  122.93s generated nodes  44360782 nodes/sec   34905 cur h   66 mod.depth   54 inserts   8467571 dups   2712153 size   5755418 hash fail 3596780 hash buckets 4870791
1271s visitime  123.07s generated nodes  44375811 nodes/sec   34887 cur h   62 mod.depth   51 inserts   8470344 dups   2713125 size   5757219 hash fail 3598315 hash buckets 4872029
1273s visitime  123.18s generated nodes  44395877 nodes/sec   34873 cur h   58 mod.depth   61 inserts   8473909 dups   2714300 size   5759609 hash fail 3600199 hash buckets 4873710
1274s visitime  123.32s generated nodes  44420911 nodes/sec   34858 cur h   57 mod.depth   63 inserts   8478308 dups   2715652 size   5762656 hash fail 3602432 hash buckets 4875876
1275s visitime  123.43s generated nodes  44440969 nodes/sec   34844 cur h   74 mod.depth   46 inserts   8481684 dups   2716686 size   5764998 hash fail 3604166 hash buckets 4877518
1276s visitime  123.53s generated nodes  44461050 nodes/sec   34831 cur h   48 mod.depth   72 inserts   8485423 dups   2717840 size   5767583 hash fail 3606048 hash buckets 4879375
1277s visitime  123.64s generated nodes  44481102 nodes/sec   34815 cur h   59 mod.depth   61 inserts   8488756 dups   2718947 size   5769809 hash fail 3607829 hash buckets 4880927
1278s visitime  123.76s generated nodes  44501145 nodes/sec   34799 cur h   43 mod.depth   74 inserts   8492219 dups   2719996 size   5772223 hash fail 3609546 hash buckets 4882673
1279s visitime  123.88s generated nodes  44521186 nodes/sec   34784 cur h   69 mod.depth   51 inserts   8495560 dups   2721023 size   5774537 hash fail 3611233 hash buckets 4884327
1281s visitime  124.00s generated nodes  44541238 nodes/sec   34764 cur h   62 mod.depth   57 inserts   8499130 dups   2722171 size   5776959 hash fail 3613077 hash buckets 4886053
1282s visitime  124.13s generated nodes  44561257 nodes/sec   34745 cur h   57 mod.depth   63 inserts   8502863 dups   2723526 size   5779337 hash fail 3615124 hash buckets 4887739
1283s visitime  124.25s generated nodes  44581284 nodes/sec   34728 cur h   61 mod.depth   59 inserts   8506145 dups   2724677 size   5781468 hash fail 3616900 hash buckets 4889245
1284s visitime  124.37s generated nodes  44601307 nodes/sec   34713 cur h   60 mod.depth   60 inserts   8509669 dups   2725818 size   5783851 hash fail 3618740 hash buckets 4890929
1285s visitime  124.46s generated nodes  44616323 nodes/sec   34697 cur h   53 mod.depth   67 inserts   8512314 dups   2726642 size   5785672 hash fail 3620081 hash buckets 4892233
1287s visitime  124.59s generated nodes  44631357 nodes/sec   34678 cur h   67 mod.depth   53 inserts   8514729 dups   2727365 size   5787364 hash fail 3621283 hash buckets 4893446
1288s visitime  124.72s generated nodes  44651383 nodes/sec   34662 cur h   59 mod.depth   61 inserts   8518218 dups   2728644 size   5789574 hash fail 3623184 hash buckets 4895034
1289s visitime  124.85s generated nodes  44671410 nodes/sec   34643 cur h   53 mod.depth   67 inserts   8521585 dups   2729741 size   5791844 hash fail 3624962 hash buckets 4896623
1290s visitime  125.02s generated nodes  44681459 nodes/sec   34614 cur h   39 mod.depth   81 inserts   8523328 dups   2730259 size   5793069 hash fail 3625846 hash buckets 4897482
1291s visitime  125.16s generated nodes  44696490 nodes/sec   34595 cur h   49 mod.depth   70 inserts   8526085 dups   2731140 size   5794945 hash fail 3627278 hash buckets 4898807
1292s visitime  125.27s generated nodes  44711531 nodes/sec   34579 cur h   55 mod.depth   65 inserts   8528664 dups   2731990 size   5796674 hash fail 3628640 hash buckets 4900024
1294s visitime  125.39s generated nodes  44726548 nodes/sec   34560 cur h   71 mod.depth   49 inserts   8531405 dups   2732781 size   5798624 hash fail 3629966 hash buckets 4901439
1295s visitime  125.51s generated nodes  44746585 nodes/sec   34542 cur h   65 mod.depth   55 inserts   8535230 dups   2733844 size   5801386 hash fail 3631833 hash buckets 4903397
1296s visitime  125.60s generated nodes  44761595 nodes/sec   34525 cur h   53 mod.depth   67 inserts   8537842 dups   2734560 size   5803282 hash fail 3633109 hash buckets 4904733
1297s visitime  125.70s generated nodes  44776612 nodes/sec   34509 cur h   85 mod.depth   35 inserts   8540393 dups   2735213 size   5805180 hash fail 3634325 hash buckets 4906068
1298s visitime  125.80s generated nodes  44791655 nodes/sec   34492 cur h   48 mod.depth   68 inserts   8543074 dups   2736148 size   5806926 hash fail 3635801 hash buckets 4907273
1299s visitime  125.91s generated nodes  44806685 nodes/sec   34477 cur h   72 mod.depth   48 inserts   8545952 dups   2736903 size   5809049 hash fail 3637164 hash buckets 4908788
1301s visitime  126.05s generated nodes  44826717 nodes/sec   34452 cur h   53 mod.depth   67 inserts   8549361 dups   2738003 size   5811358 hash fail 3638950 hash buckets 4910411
1302s visitime  126.18s generated nodes  44841758 nodes/sec   34431 cur h   59 mod.depth   61 inserts   8552015 dups   2738908 size   5813107 hash fail 3640377 hash buckets 4911638
1303s visitime  126.30s generated nodes  44856775 nodes/sec   34415 cur h   59 mod.depth   61 inserts   8554618 dups   2739702 size   5814916 hash fail 3641706 hash buckets 4912912
1304s visitime  126.47s generated nodes  44876839 nodes/sec   34394 cur h   65 mod.depth   55 inserts   8558274 dups   2740938 size   5817336 hash fail 3643655 hash buckets 4914619
1306s visitime  126.63s generated nodes  44891876 nodes/sec   34370 cur h   72 mod.depth   48 inserts   8561090 dups   2741905 size   5819185 hash fail 3645137 hash buckets 4915953
1307s visitime  126.81s generated nodes  44906881 nodes/sec   34339 cur h   66 mod.depth   54 inserts   8563775 dups   2742714 size   5821061 hash fail 3646505 hash buckets 4917270
1309s visitime  126.97s generated nodes  44926905 nodes/sec   34320 cur h   63 mod.depth   57 inserts   8567264 dups   2743853 size   5823411 hash fail 3648304 hash buckets 4918960
1310s visitime  127.10s generated nodes  44941947 nodes/sec   34301 cur h   49 mod.depth   71 inserts   8569988 dups   2744671 size   5825317 hash fail 3649656 hash buckets 4920332
1311s visitime  127.26s generated nodes  44956968 nodes/sec   34279 cur h   69 mod.depth   49 inserts   8572507 dups   2745559 size   5826948 hash fail 3651035 hash buckets 4921472
1312s visitime  127.37s generated nodes  44972001 nodes/sec   34263 cur h   50 mod.depth   63 inserts   8575136 dups   2746385 size   5828751 hash fail 3652412 hash buckets 4922724
1314s visitime  127.53s generated nodes  44992049 nodes/sec   34240 cur h   64 mod.depth   56 inserts   8578649 dups   2747590 size   5831059 hash fail 3654286 hash buckets 4924363
1315s visitime  127.67s generated nodes  45007065 nodes/sec   34222 cur h   53 mod.depth   67 inserts   8581496 dups   2748502 size   5832994 hash fail 3655748 hash buckets 4925748
1316s visitime  127.77s generated nodes  45022100 nodes/sec   34204 cur h   43 mod.depth   77 inserts   8584073 dups   2749274 size   5834799 hash fail 3657060 hash buckets 4927013
1317s visitime  127.92s generated nodes  45032126 nodes/sec   34179 cur h   54 mod.depth   66 inserts   8585669 dups   2749734 size   5835935 hash fail 3657851 hash buckets 4927818
1318s visitime  128.06s generated nodes  45047137 nodes/sec   34158 cur h   58 mod.depth   60 inserts   8588236 dups   2750487 size   5837749 hash fail 3659103 hash buckets 4929133
1319s visitime  128.19s generated nodes  45062158 nodes/sec   34141 cur h   55 mod.depth   65 inserts   8590852 dups   2751307 size   5839545 hash fail 3660438 hash buckets 4930414
1320s visitime  128.32s generated nodes  45077194 nodes/sec   34126 cur h   64 mod.depth   56 inserts   8593385 dups   2752072 size   5841313 hash fail 3661736 hash buckets 4931649
1321s visitime  128.45s generated nodes  45092245 nodes/sec   34110 cur h   51 mod.depth   69 inserts   8596179 dups   2753028 size   5843151 hash fail 3663215 hash buckets 4932964
1323s visitime  128.57s generated nodes  45107271 nodes/sec   34092 cur h   52 mod.depth   68 inserts   8598949 dups   2753897 size   5845052 hash fail 3664650 hash buckets 4934299
1324s visitime  128.69s generated nodes  45122293 nodes/sec   34077 cur h   53 mod.depth   67 inserts   8601662 dups   2754857 size   5846805 hash fail 3666142 hash buckets 4935520
1325s visitime  128.80s generated nodes  45137332 nodes/sec   34062 cur h   64 mod.depth   56 inserts   8604356 dups   2755624 size   5848732 hash fail 3667512 hash buckets 4936844
1326s visitime  128.93s generated nodes  45157365 nodes/sec   34044 cur h   50 mod.depth   70 inserts   8607855 dups   2756698 size   5851157 hash fail 3669289 hash buckets 4938566
1327s visitime  129.07s generated nodes  45172372 nodes/sec   34024 cur h   49 mod.depth   71 inserts   8610539 dups   2757584 size   5852955 hash fail 3670718 hash buckets 4939821
1329s visitime  129.24s generated nodes  45187409 nodes/sec   33999 cur h   53 mod.depth   66 inserts   8613384 dups   2758617 size   5854767 hash fail 3672310 hash buckets 4941074
1330s visitime  129.39s generated nodes  45207444 nodes/sec   33981 cur h   78 mod.depth   42 inserts   8617000 dups   2759799 size   5857201 hash fail 3674217 hash buckets 4942783
1331s visitime  129.55s generated nodes  45227526 nodes/sec   33961 cur h   53 mod.depth   67 inserts   8620798 dups   2760981 size   5859817 hash fail 3676167 hash buckets 4944631
1333s visitime  129.69s generated nodes  45247545 nodes/sec   33943 cur h   56 mod.depth   64 inserts   8624300 dups   2762071 size   5862229 hash fail 3677974 hash buckets 4946326
1334s visitime  129.83s generated nodes  45267609 nodes/sec   33926 cur h   65 mod.depth   55 inserts   8627945 dups   2763235 size   5864710 hash fail 3679883 hash buckets 4948062
1335s visitime  129.97s generated nodes  45287632 nodes/sec   33908 cur h   70 mod.depth   50 inserts   8631488 dups   2764251 size   5867237 hash fail 3681621 hash buckets 4949867
1336s visitime  130.11s generated nodes  45302637 nodes/sec   33890 cur h   61 mod.depth   55 inserts   8634201 dups   2765159 size   5869042 hash fail 3683080 hash buckets 4951121
1338s visitime  130.26s generated nodes  45322701 nodes/sec   33872 cur h   67 mod.depth   53 inserts   8637694 dups   2766395 size   5871299 hash fail 3685005 hash buckets 4952689
1339s visitime  130.37s generated nodes  45337728 nodes/sec   33858 cur h   53 mod.depth   67 inserts   8640407 dups   2767277 size   5873130 hash fail 3686405 hash buckets 4954002
1340s visitime  130.49s generated nodes  45352757 nodes/sec   33844 cur h   68 mod.depth   51 inserts   8643090 dups   2768236 size   5874854 hash fail 3687880 hash buckets 4955210
1341s visitime  130.59s generated nodes  45367770 nodes/sec   33829 cur h   62 mod.depth   58 inserts   8645855 dups   2769189 size   5876666 hash fail 3689381 hash buckets 4956474
1342s visitime  130.73s generated nodes  45387802 nodes/sec   33812 cur h   60 mod.depth   57 inserts   8649627 dups   2770416 size   5879211 hash fail 3691364 hash buckets 4958263
1343s visitime  130.86s generated nodes  45407826 nodes/sec   33797 cur h   72 mod.depth   48 inserts   8653104 dups   2771525 size   5881579 hash fail 3693167 hash buckets 4959937
1344s visitime  131.02s generated nodes  45422868 nodes/sec   33776 cur h   60 mod.depth   52 inserts   8655918 dups   2772456 size   5883462 hash fail 3694633 hash buckets 4961285
1345s visitime  131.15s generated nodes  45437891 nodes/sec   33760 cur h   65 mod.depth   53 inserts   8658966 dups   2773527 size   5885439 hash fail 3696307 hash buckets 4962659
1347s visitime  131.29s generated nodes  45457924 nodes/sec   33743 cur h   64 mod.depth   56 inserts   8662458 dups   2774582 size   5887876 hash fail 3698109 hash buckets 4964349
1348s visitime  131.43s generated nodes  45477959 nodes/sec   33724 cur h   58 mod.depth   62 inserts   8666146 dups   2775878 size   5890268 hash fail 3700110 hash buckets 4966036
1349s visitime  131.59s generated nodes  45492977 nodes/sec   33702 cur h   67 mod.depth   53 inserts   8669008 dups   2776876 size   5892132 hash fail 3701674 hash buckets 4967334
1351s visitime  131.78s generated nodes  45508025 nodes/sec   33680 cur h   50 mod.depth   70 inserts   8671682 dups   2777748 size   5893934 hash fail 3703068 hash buckets 4968614
1352s visitime  131.96s generated nodes  45523041 nodes/sec   33657 cur h   67 mod.depth   53 inserts   8674599 dups   2778661 size   5895938 hash fail 3704580 hash buckets 4970019
1353s visitime  132.11s generated nodes  45538065 nodes/sec   33635 cur h   57 mod.depth   63 inserts   8677277 dups   2779594 size   5897683 hash fail 3706026 hash buckets 4971251
1355s visitime  132.26s generated nodes  45553116 nodes/sec   33614 cur h   62 mod.depth   58 inserts   8680381 dups   2780599 size   5899782 hash fail 3707650 hash buckets 4972731
1356s visitime  132.43s generated nodes  45568143 nodes/sec   33594 cur h   56 mod.depth   64 inserts   8683300 dups   2781469 size   5901831 hash fail 3709138 hash buckets 4974162
1357s visitime  132.59s generated nodes  45583169 nodes/sec   33570 cur h   57 mod.depth   63 inserts   8686100 dups   2782310 size   5903790 hash fail 3710564 hash buckets 4975536
1358s visitime  132.70s generated nodes  45593201 nodes/sec   33551 cur h   65 mod.depth   55 inserts   8687998 dups   2782955 size   5905043 hash fail 3711567 hash buckets 4976431
1360s visitime  132.84s generated nodes  45608256 nodes/sec   33534 cur h   59 mod.depth   60 inserts   8690790 dups   2783897 size   5906893 hash fail 3713066 hash buckets 4977724
1361s visitime  133.00s generated nodes  45618286 nodes/sec   33507 cur h   73 mod.depth   47 inserts   8692789 dups   2784565 size   5908224 hash fail 3714133 hash buckets 4978656
1363s visitime  133.20s generated nodes  45623303 nodes/sec   33458 cur h   55 mod.depth   65 inserts   8693659 dups   2784769 size   5908890 hash fail 3714539 hash buckets 4979120
1365s visitime  133.49s generated nodes  45633325 nodes/sec   33417 cur h   63 mod.depth   52 inserts   8695610 dups   2785323 size   5910287 hash fail 3715497 hash buckets 4980113
1367s visitime  133.68s generated nodes  45638342 nodes/sec   33384 cur h   50 mod.depth   67 inserts   8696581 dups   2785602 size   5910979 hash fail 3715956 hash buckets 4980625
1371s visitime  133.88s generated nodes  45643358 nodes/sec   33287 cur h   53 mod.depth   67 inserts   8697578 dups   2785911 size   5911667 hash fail 3716472 hash buckets 4981106
1372s visitime  134.11s generated nodes  45648358 nodes/sec   33248 cur h   48 mod.depth   72 inserts   8698518 dups   2786163 size   5912355 hash fail 3716927 hash buckets 4981591
1374s visitime  134.29s generated nodes  45653373 nodes/sec   33217 cur h   60 mod.depth   60 inserts   8699455 dups   2786442 size   5913013 hash fail 3717408 hash buckets 4982047
1375s visitime  134.45s generated nodes  45663401 nodes/sec   33191 cur h   61 mod.depth   59 inserts   8701206 dups   2787003 size   5914203 hash fail 3718303 hash buckets 4982903
1377s visitime  134.60s generated nodes  45668410 nodes/sec   33162 cur h   59 mod.depth   61 inserts   8702060 dups   2787311 size   5914749 hash fail 3718772 hash buckets 4983288
1378s visitime  134.74s generated nodes  45673410 nodes/sec   33138 cur h   57 mod.depth   60 inserts   8703067 dups   2787642 size   5915425 hash fail 3719307 hash buckets 4983760
1380s visitime  134.96s generated nodes  45683441 nodes/sec   33103 cur h   57 mod.depth   63 inserts   8705058 dups   2788272 size   5916786 hash fail 3720364 hash buckets 4984694
1381s visitime  135.14s generated nodes  45693469 nodes/sec   33075 cur h   58 mod.depth   62 inserts   8707151 dups   2788997 size   5918154 hash fail 3721487 hash buckets 4985664
1383s visitime  135.40s generated nodes  45703480 nodes/sec   33026 cur h   56 mod.depth   62 inserts   8708860 dups   2789539 size   5919321 hash fail 3722373 hash buckets 4986487
1385s visitime  135.59s generated nodes  45713497 nodes/sec   32995 cur h   57 mod.depth   63 inserts   8710712 dups   2790060 size   5920652 hash fail 3723286 hash buckets 4987426
1386s visitime  135.75s generated nodes  45723523 nodes/sec   32970 cur h   64 mod.depth   56 inserts   8712483 dups   2790713 size   5921770 hash fail 3724247 hash buckets 4988236
1388s visitime  135.89s generated nodes  45728524 nodes/sec   32931 cur h   67 mod.depth   53 inserts   8713472 dups   2790980 size   5922492 hash fail 3724728 hash buckets 4988744
1390s visitime  136.05s generated nodes  45733540 nodes/sec   32896 cur h   64 mod.depth   55 inserts   8714471 dups   2791252 size   5923219 hash fail 3725214 hash buckets 4989257
1391s visitime  136.25s generated nodes  45743566 nodes/sec   32864 cur h   70 mod.depth   50 inserts   8716276 dups   2791868 size   5924408 hash fail 3726195 hash buckets 4990081
1393s visitime  136.46s generated nodes  45753595 nodes/sec   32831 cur h   61 mod.depth   59 inserts   8718046 dups   2792376 size   5925670 hash fail 3727069 hash buckets 4990977
1395s visitime  136.68s generated nodes  45758630 nodes/sec   32800 cur h   59 mod.depth   61 inserts   8719115 dups   2792719 size   5926396 hash fail 3727620 hash buckets 4991495
1396s visitime  136.85s generated nodes  45768639 nodes/sec   32766 cur h   73 mod.depth   47 inserts   8720922 dups   2793196 size   5927726 hash fail 3728506 hash buckets 4992416
1398s visitime  137.01s generated nodes  45778640 nodes/sec   32743 cur h   61 mod.depth   59 inserts   8722720 dups   2793855 size   5928865 hash fail 3729509 hash buckets 4993211
1399s visitime  137.17s generated nodes  45788670 nodes/sec   32718 cur h   71 mod.depth   49 inserts   8724519 dups   2794502 size   5930017 hash fail 3730503 hash buckets 4994016
1401s visitime  137.35s generated nodes  45798684 nodes/sec   32688 cur h   58 mod.depth   62 inserts   8726247 dups   2795053 size   5931194 hash fail 3731428 hash buckets 4994819
1402s visitime  137.53s generated nodes  45808699 nodes/sec   32654 cur h   55 mod.depth   63 inserts   8727928 dups   2795640 size   5932288 hash fail 3732341 hash buckets 4995587
1404s visitime  137.77s generated nodes  45818710 nodes/sec   32619 cur h   55 mod.depth   63 inserts   8729810 dups   2796288 size   5933522 hash fail 3733342 hash buckets 4996468
1406s visitime  137.99s generated nodes  45828746 nodes/sec   32586 cur h   52 mod.depth   68 inserts   8731572 dups   2796872 size   5934700 hash fail 3734282 hash buckets 4997290
1408s visitime  138.20s generated nodes  45838761 nodes/sec   32551 cur h   67 mod.depth   53 inserts   8733372 dups   2797540 size   5935832 hash fail 3735284 hash buckets 4998088
1409s visitime  138.34s generated nodes  45843765 nodes/sec   32530 cur h   73 mod.depth   47 inserts   8734291 dups   2797873 size   5936418 hash fail 3735790 hash buckets 4998501
1410s visitime  138.55s generated nodes  45853772 nodes/sec   32498 cur h   54 mod.depth   66 inserts   8736081 dups   2798412 size   5937669 hash fail 3736707 hash buckets 4999374
1412s visitime  138.73s generated nodes  45863807 nodes/sec   32469 cur h   61 mod.depth   57 inserts   8737919 dups   2799118 size   5938801 hash fail 3737761 hash buckets 5000158
1413s visitime  138.92s generated nodes  45873852 nodes/sec   32442 cur h   61 mod.depth   53 inserts   8739876 dups   2799707 size   5940169 hash fail 3738779 hash buckets 5001097
1415s visitime  139.14s generated nodes  45883869 nodes/sec   32411 cur h   48 mod.depth   69 inserts   8741763 dups   2800372 size   5941391 hash fail 3739834 hash buckets 5001929
1417s visitime  139.30s generated nodes  45893877 nodes/sec   32381 cur h   51 mod.depth   69 inserts   8743512 dups   2800934 size   5942578 hash fail 3740737 hash buckets 5002775
1418s visitime  139.51s generated nodes  45903923 nodes/sec   32353 cur h   71 mod.depth   49 inserts   8745568 dups   2801677 size   5943891 hash fail 3741881 hash buckets 5003687
1420s visitime  139.73s generated nodes  45913933 nodes/sec   32318 cur h   62 mod.depth   58 inserts   8747509 dups   2802400 size   5945109 hash fail 3742974 hash buckets 5004535
1421s visitime  139.85s generated nodes  45918940 nodes/sec   32298 cur h   48 mod.depth   72 inserts   8748403 dups   2802696 size   5945707 hash fail 3743458 hash buckets 5004945
1423s visitime  140.05s generated nodes  45928970 nodes/sec   32263 cur h   61 mod.depth   59 inserts   8750281 dups   2803258 size   5947023 hash fail 3744406 hash buckets 5005875
1424s visitime  140.16s generated nodes  45933971 nodes/sec   32244 cur h   64 mod.depth   55 inserts   8751258 dups   2803601 size   5947657 hash fail 3744944 hash buckets 5006314
1425s visitime  140.28s generated nodes  45938983 nodes/sec   32221 cur h   70 mod.depth   50 inserts   8752048 dups   2803949 size   5948099 hash fail 3745418 hash buckets 5006630
1427s visitime  140.45s generated nodes  45944001 nodes/sec   32192 cur h   45 mod.depth   62 inserts   8752964 dups   2804192 size   5948772 hash fail 3745859 hash buckets 5007105
1428s visitime  140.55s generated nodes  45949041 nodes/sec   32173 cur h   48 mod.depth   67 inserts   8753821 dups   2804489 size   5949332 hash fail 3746330 hash buckets 5007491
1429s visitime  140.73s generated nodes  45954046 nodes/sec   32145 cur h   55 mod.depth   65 inserts   8754754 dups   2804834 size   5949920 hash fail 3746847 hash buckets 5007907
1431s visitime  140.96s generated nodes  45964073 nodes/sec   32113 cur h   48 mod.depth   72 inserts   8756591 dups   2805390 size   5951201 hash fail 3747790 hash buckets 5008801
1432s visitime  141.14s generated nodes  45974095 nodes/sec   32088 cur h   60 mod.depth   60 inserts   8758487 dups   2805994 size   5952493 hash fail 3748768 hash buckets 5009719
1434s visitime  141.33s generated nodes  45984100 nodes/sec   32064 cur h   57 mod.depth   63 inserts   8760501 dups   2806599 size   5953902 hash fail 3749807 hash buckets 5010694
1435s visitime  141.47s generated nodes  45989115 nodes/sec   32044 cur h   63 mod.depth   57 inserts   8761385 dups   2806912 size   5954473 hash fail 3750273 hash buckets 5011112
1437s visitime  141.70s generated nodes  45999131 nodes/sec   32004 cur h   66 mod.depth   54 inserts   8763169 dups   2807432 size   5955737 hash fail 3751179 hash buckets 5011990
1438s visitime  141.85s generated nodes  46004144 nodes/sec   31984 cur h   68 mod.depth   52 inserts   8764162 dups   2807799 size   5956363 hash fail 3751748 hash buckets 5012414
1439s visitime  142.02s generated nodes  46014145 nodes/sec   31955 cur h   60 mod.depth   60 inserts   8765823 dups   2808230 size   5957593 hash fail 3752518 hash buckets 5013305
1441s visitime  142.20s generated nodes  46024156 nodes/sec   31928 cur h   50 mod.depth   69 inserts   8767667 dups   2808861 size   5958806 hash fail 3753482 hash buckets 5014185
1443s visitime  142.38s generated nodes  46034164 nodes/sec   31897 cur h   45 mod.depth   75 inserts   8769374 dups   2809365 size   5960009 hash fail 3754352 hash buckets 5015022
1445s visitime  142.56s generated nodes  46039180 nodes/sec   31855 cur h   60 mod.depth   57 inserts   8770177 dups   2809574 size   5960603 hash fail 3754735 hash buckets 5015442
1447s visitime  142.78s generated nodes  46049210 nodes/sec   31822 cur h   57 mod.depth   63 inserts   8771888 dups   2810156 size   5961732 hash fail 3755674 hash buckets 5016214
1448s visitime  142.91s generated nodes  46054214 nodes/sec   31800 cur h   69 mod.depth   51 inserts   8772797 dups   2810423 size   5962374 hash fail 3756130 hash buckets 5016667
1449s visitime  143.06s generated nodes  46059230 nodes/sec   31780 cur h   50 mod.depth   70 inserts   8773728 dups   2810713 size   5963015 hash fail 3756614 hash buckets 5017114
1451s visitime  143.33s generated nodes  46069240 nodes/sec   31743 cur h   63 mod.depth   57 inserts   8775602 dups   2811384 size   5964218 hash fail 3757660 hash buckets 5017942
1452s visitime  143.51s generated nodes  46074266 nodes/sec   31719 cur h   59 mod.depth   61 inserts   8776614 dups   2811612 size   5965002 hash fail 3758125 hash buckets 5018489
1455s visitime  143.90s generated nodes  46079271 nodes/sec   31656 cur h   77 mod.depth   43 inserts   8777543 dups   2811934 size   5965609 hash fail 3758622 hash buckets 5018921
1457s visitime  144.10s generated nodes  46084291 nodes/sec   31619 cur h   47 mod.depth   73 inserts   8778553 dups   2812270 size   5966283 hash fail 3759144 hash buckets 5019409
1461s visitime  144.74s generated nodes  46089316 nodes/sec   31540 cur h   49 mod.depth   71 inserts   8779436 dups   2812559 size   5966877 hash fail 3759622 hash buckets 5019814
1464s visitime  145.25s generated nodes  46094318 nodes/sec   31470 cur h   67 mod.depth   52 inserts   8780483 dups   2812889 size   5967594 hash fail 3760182 hash buckets 5020301
1467s visitime  145.84s generated nodes  46099326 nodes/sec   31403 cur h   40 mod.depth   66 inserts   8781516 dups   2813197 size   5968319 hash fail 3760699 hash buckets 5020817
1469s visitime  146.05s generated nodes  46109348 nodes/sec   31377 cur h   54 mod.depth   64 inserts   8783505 dups   2813671 size   5969834 hash fail 3761615 hash buckets 5021890
1470s visitime  146.25s generated nodes  46119378 nodes/sec   31353 cur h   59 mod.depth   61 inserts   8785381 dups   2814291 size   5971090 hash fail 3762596 hash buckets 5022785
1472s visitime  146.44s generated nodes  46129403 nodes/sec   31327 cur h   66 mod.depth   54 inserts   8787382 dups   2814967 size   5972415 hash fail 3763667 hash buckets 5023715
1473s visitime  146.64s generated nodes  46139413 nodes/sec   31304 cur h   68 mod.depth   52 inserts   8789399 dups   2815684 size   5973715 hash fail 3764763 hash buckets 5024636
1474s visitime  146.80s generated nodes  46149463 nodes/sec   31288 cur h   52 mod.depth   65 inserts   8791429 dups   2816430 size   5974999 hash fail 3765897 hash buckets 5025532
1476s visitime  146.93s generated nodes  46159468 nodes/sec   31271 cur h   46 mod.depth   74 inserts   8793187 dups   2817036 size   5976151 hash fail 3766893 hash buckets 5026294
1477s visitime  147.08s generated nodes  46169485 nodes/sec   31252 cur h   67 mod.depth   53 inserts   8795140 dups   2817623 size   5977517 hash fail 3767867 hash buckets 5027273
1478s visitime  147.20s generated nodes  46179523 nodes/sec   31232 cur h   53 mod.depth   67 inserts   8796712 dups   2818192 size   5978520 hash fail 3768699 hash buckets 5028013
1479s visitime  147.32s generated nodes  46189530 nodes/sec   31216 cur h   67 mod.depth   53 inserts   8798499 dups   2818706 size   5979793 hash fail 3769594 hash buckets 5028905
1480s visitime  147.45s generated nodes  46199575 nodes/sec   31202 cur h   59 mod.depth   58 inserts   8800350 dups   2819312 size   5981038 hash fail 3770573 hash buckets 5029777
1482s visitime  147.63s generated nodes  46214588 nodes/sec   31183 cur h   47 mod.depth   73 inserts   8803195 dups   2820219 size   5982976 hash fail 3772076 hash buckets 5031119
1483s visitime  147.76s generated nodes  46224600 nodes/sec   31166 cur h   58 mod.depth   62 inserts   8805004 dups   2820860 size   5984144 hash fail 3773074 hash buckets 5031930
1484s visitime  147.93s generated nodes  46234615 nodes/sec   31147 cur h   45 mod.depth   75 inserts   8806953 dups   2821549 size   5985404 hash fail 3774168 hash buckets 5032785
1485s visitime  148.06s generated nodes  46244645 nodes/sec   31131 cur h   52 mod.depth   67 inserts   8808856 dups   2822220 size   5986636 hash fail 3775196 hash buckets 5033660
1486s visitime  148.18s generated nodes  46254651 nodes/sec   31117 cur h   62 mod.depth   58 inserts   8810646 dups   2822741 size   5987905 hash fail 3776083 hash buckets 5034563
1487s visitime  148.33s generated nodes  46269700 nodes/sec   31097 cur h   60 mod.depth   60 inserts   8813410 dups   2823819 size   5989591 hash fail 3777637 hash buckets 5035773
1488s visitime  148.45s generated nodes  46279701 nodes/sec   31081 cur h   61 mod.depth   59 inserts   8815066 dups   2824425 size   5990641 hash fail 3778552 hash buckets 5036514
1490s visitime  148.58s generated nodes  46289734 nodes/sec   31060 cur h   56 mod.depth   64 inserts   8816852 dups   2825035 size   5991817 hash fail 3779510 hash buckets 5037342
1491s visitime  148.75s generated nodes  46304762 nodes/sec   31040 cur h   56 mod.depth   62 inserts   8819461 dups   2825939 size   5993522 hash fail 3780944 hash buckets 5038517
1493s visitime  148.90s generated nodes  46319787 nodes/sec   31022 cur h   66 mod.depth   54 inserts   8822025 dups   2826631 size   5995394 hash fail 3782213 hash buckets 5039812
1494s visitime  149.09s generated nodes  46334819 nodes/sec   31005 cur h   49 mod.depth   71 inserts   8824957 dups   2827610 size   5997347 hash fail 3783788 hash buckets 5041169
1495s visitime  149.24s generated nodes  46349860 nodes/sec   30988 cur h   61 mod.depth   57 inserts   8827845 dups   2828598 size   5999247 hash fail 3785333 hash buckets 5042512
1496s visitime  149.38s generated nodes  46359908 nodes/sec   30969 cur h   48 mod.depth   72 inserts   8829784 dups   2829257 size   6000527 hash fail 3786349 hash buckets 5043435
1498s visitime  149.51s generated nodes  46369968 nodes/sec   30954 cur h   66 mod.depth   51 inserts   8831845 dups   2829971 size   6001874 hash fail 3787433 hash buckets 5044412
1499s visitime  149.67s generated nodes  46384981 nodes/sec   30935 cur h   46 mod.depth   74 inserts   8834542 dups   2830875 size   6003667 hash fail 3788871 hash buckets 5045671
1500s visitime  149.79s generated nodes  46394989 nodes/sec   30919 cur h   53 mod.depth   67 inserts   8836330 dups   2831428 size   6004902 hash fail 3789833 hash buckets 5046497
1501s visitime  149.95s generated nodes  46410006 nodes/sec   30902 cur h   43 mod.depth   75 inserts   8839212 dups   2832424 size   6006788 hash fail 3791401 hash buckets 5047811
1503s visitime  150.12s generated nodes  46425047 nodes/sec   30883 cur h   62 mod.depth   58 inserts   8842107 dups   2833406 size   6008701 hash fail 3792906 hash buckets 5049201
1504s visitime  150.29s generated nodes  46440060 nodes/sec   30865 cur h   62 mod.depth   57 inserts   8844986 dups   2834363 size   6010623 hash fail 3794427 hash buckets 5050559
1506s visitime  150.49s generated nodes  46455093 nodes/sec   30842 cur h   66 mod.depth   54 inserts   8847886 dups   2835429 size   6012457 hash fail 3796027 hash buckets 5051859
1507s visitime  150.66s generated nodes  46470113 nodes/sec   30823 cur h   59 mod.depth   57 inserts   8850707 dups   2836407 size   6014300 hash fail 3797561 hash buckets 5053146
1508s visitime  150.80s generated nodes  46485128 nodes/sec   30806 cur h   48 mod.depth   71 inserts   8853618 dups   2837352 size   6016266 hash fail 3799099 hash buckets 5054519
1510s visitime  150.96s generated nodes  46500181 nodes/sec   30791 cur h   67 mod.depth   53 inserts   8856575 dups   2838533 size   6018042 hash fail 3800814 hash buckets 5055761
1511s visitime  151.09s generated nodes  46515196 nodes/sec   30772 cur h   60 mod.depth   60 inserts   8859196 dups   2839340 size   6019856 hash fail 3802145 hash buckets 5057051
1512s visitime  151.23s generated nodes  46530270 nodes/sec   30756 cur h   76 mod.depth   44 inserts   8861970 dups   2840301 size   6021669 hash fail 3803674 hash buckets 5058296
1513s visitime  151.34s generated nodes  46540280 nodes/sec   30742 cur h   58 mod.depth   62 inserts   8863698 dups   2840905 size   6022793 hash fail 3804611 hash buckets 5059087
1514s visitime  151.47s generated nodes  46550314 nodes/sec   30726 cur h   60 mod.depth   60 inserts   8865483 dups   2841545 size   6023938 hash fail 3805575 hash buckets 5059908
1516s visitime  151.61s generated nodes  46560340 nodes/sec   30707 cur h   73 mod.depth   47 inserts   8867431 dups   2842011 size   6025420 hash fail 3806528 hash buckets 5060903
1517s visitime  151.76s generated nodes  46570356 nodes/sec   30686 cur h   54 mod.depth   66 inserts   8869357 dups   2842645 size   6026712 hash fail 3807544 hash buckets 5061813
1518s visitime  151.90s generated nodes  46580378 nodes/sec   30667 cur h   63 mod.depth   57 inserts   8871265 dups   2843381 size   6027884 hash fail 3808650 hash buckets 5062615
1520s visitime  152.07s generated nodes  46595421 nodes/sec   30650 cur h   58 mod.depth   55 inserts   8873995 dups   2844318 size   6029677 hash fail 3810123 hash buckets 5063872
1521s visitime  152.22s generated nodes  46610441 nodes/sec   30633 cur h   64 mod.depth   56 inserts   8877046 dups   2845401 size   6031645 hash fail 3811801 hash buckets 5065245
1522s visitime  152.35s generated nodes  46625464 nodes/sec   30618 cur h   53 mod.depth   67 inserts   8879998 dups   2846359 size   6033639 hash fail 3813338 hash buckets 5066660
1524s visitime  152.48s generated nodes  46640484 nodes/sec   30601 cur h   73 mod.depth   47 inserts   8882727 dups   2847233 size   6035494 hash fail 3814778 hash buckets 5067949
1525s visitime  152.62s generated nodes  46655509 nodes/sec   30588 cur h   46 mod.depth   73 inserts   8885654 dups   2848190 size   6037464 hash fail 3816368 hash buckets 5069286
1526s visitime  152.74s generated nodes  46670547 nodes/sec   30574 cur h   62 mod.depth   58 inserts   8888435 dups   2849077 size   6039358 hash fail 3817823 hash buckets 5070612
1527s visitime  152.89s generated nodes  46685557 nodes/sec   30562 cur h   69 mod.depth   51 inserts   8891552 dups   2850213 size   6041339 hash fail 3819535 hash buckets 5072017
1528s visitime  153.01s generated nodes  46700563 nodes/sec   30551 cur h   70 mod.depth   47 inserts   8894404 dups   2851202 size   6043202 hash fail 3821101 hash buckets 5073303
1529s visitime  153.12s generated nodes  46715613 nodes/sec   30538 cur h   64 mod.depth   56 inserts   8897229 dups   2852125 size   6045104 hash fail 3822570 hash buckets 5074659
1530s visitime  153.24s generated nodes  46730623 nodes/sec   30527 cur h   69 mod.depth   51 inserts   8900099 dups   2853219 size   6046880 hash fail 3824191 hash buckets 5075908
1532s visitime  153.40s generated nodes  46750665 nodes/sec   30513 cur h   57 mod.depth   63 inserts   8903821 dups   2854323 size   6049498 hash fail 3826106 hash buckets 5077715
1533s visitime  153.52s generated nodes  46765675 nodes/sec   30499 cur h   62 mod.depth   57 inserts   8906714 dups   2855369 size   6051345 hash fail 3827664 hash buckets 5079050
1534s visitime  153.63s generated nodes  46780730 nodes/sec   30487 cur h   69 mod.depth   51 inserts   8909505 dups   2856277 size   6053228 hash fail 3829152 hash buckets 5080353
1535s visitime  153.75s generated nodes  46795751 nodes/sec   30475 cur h   59 mod.depth   61 inserts   8912187 dups   2857239 size   6054948 hash fail 3830666 hash buckets 5081521
1536s visitime  153.86s generated nodes  46810808 nodes/sec   30464 cur h   51 mod.depth   67 inserts   8915015 dups   2858108 size   6056907 hash fail 3832194 hash buckets 5082821
1537s visitime  153.98s generated nodes  46825829 nodes/sec   30452 cur h   60 mod.depth   54 inserts   8917684 dups   2859044 size   6058640 hash fail 3833664 hash buckets 5084020
1538s visitime  154.09s generated nodes  46840861 nodes/sec   30439 cur h   62 mod.depth   57 inserts   8920581 dups   2859905 size   6060676 hash fail 3835140 hash buckets 5085441
1540s visitime  154.25s generated nodes  46860906 nodes/sec   30422 cur h   46 mod.depth   74 inserts   8924253 dups   2861197 size   6063056 hash fail 3837149 hash buckets 5087104
1541s visitime  154.36s generated nodes  46875952 nodes/sec   30408 cur h   55 mod.depth   65 inserts   8926816 dups   2861999 size   6064817 hash fail 3838504 hash buckets 5088312
1542s visitime  154.46s generated nodes  46891001 nodes/sec   30397 cur h   62 mod.depth   55 inserts   8929368 dups   2862853 size   6066515 hash fail 3839903 hash buckets 5089465
1543s visitime  154.57s generated nodes  46906029 nodes/sec   30386 cur h   50 mod.depth   70 inserts   8932002 dups   2863726 size   6068276 hash fail 3841306 hash buckets 5090696
1544s visitime  154.68s generated nodes  46921045 nodes/sec   30375 cur h   57 mod.depth   63 inserts   8934770 dups   2864524 size   6070246 hash fail 3842685 hash buckets 5092085
1545s visitime  154.79s generated nodes  46936100 nodes/sec   30362 cur h   38 mod.depth   82 inserts   8937409 dups   2865417 size   6071992 hash fail 3844098 hash buckets 5093311
1546s visitime  154.90s generated nodes  46951173 nodes/sec   30351 cur h   63 mod.depth   53 inserts   8940089 dups   2866279 size   6073810 hash fail 3845515 hash buckets 5094574
1548s visitime  155.03s generated nodes  46966223 nodes/sec   30336 cur h   49 mod.depth   70 inserts   8942962 dups   2867171 size   6075791 hash fail 3847034 hash buckets 5095928
1549s visitime  155.16s generated nodes  46981239 nodes/sec   30317 cur h   51 mod.depth   69 inserts   8945848 dups   2868127 size   6077721 hash fail 3848566 hash buckets 5097282
1550s visitime  155.32s generated nodes  46991251 nodes/sec   30299 cur h   75 mod.depth   43 inserts   8948023 dups   2868922 size   6079101 hash fail 3849801 hash buckets 5098222
1552s visitime  155.46s generated nodes  47011303 nodes/sec   30287 cur h   53 mod.depth   67 inserts   8951692 dups   2870080 size   6081612 hash fail 3851701 hash buckets 5099991
1553s visitime  155.60s generated nodes  47031333 nodes/sec   30274 cur h   57 mod.depth   63 inserts   8955699 dups   2871150 size   6084549 hash fail 3853603 hash buckets 5102096
1554s visitime  155.74s generated nodes  47051361 nodes/sec   30261 cur h   35 mod.depth   80 inserts   8959410 dups   2872391 size   6087019 hash fail 3855585 hash buckets 5103825
1555s visitime  155.86s generated nodes  47066369 nodes/sec   30248 cur h   62 mod.depth   54 inserts   8962328 dups   2873297 size   6089031 hash fail 3857099 hash buckets 5105229
1557s visitime  155.97s generated nodes  47081396 nodes/sec   30234 cur h   70 mod.depth   50 inserts   8964972 dups   2874145 size   6090827 hash fail 3858499 hash buckets 5106473
1558s visitime  156.09s generated nodes  47096419 nodes/sec   30218 cur h   52 mod.depth   68 inserts   8967774 dups   2875064 size   6092710 hash fail 3859990 hash buckets 5107784
1559s visitime  156.18s generated nodes  47111463 nodes/sec   30207 cur h   56 mod.depth   64 inserts   8970722 dups   2876070 size   6094652 hash fail 3861566 hash buckets 5109156
1560s visitime  156.30s generated nodes  47126473 nodes/sec   30196 cur h   63 mod.depth   57 inserts   8973847 dups   2877070 size   6096777 hash fail 3863222 hash buckets 5110625
1561s visitime  156.41s generated nodes  47141492 nodes/sec   30184 cur h   69 mod.depth   47 inserts   8976771 dups   2878041 size   6098730 hash fail 3864788 hash buckets 5111983
1563s visitime  156.54s generated nodes  47156548 nodes/sec   30167 cur h   52 mod.depth   66 inserts   8979429 dups   2878901 size   6100528 hash fail 3866178 hash buckets 5113251
1564s visitime  156.68s generated nodes  47171573 nodes/sec   30153 cur h   54 mod.depth   64 inserts   8982366 dups   2879863 size   6102503 hash fail 3867764 hash buckets 5114602
1565s visitime  156.81s generated nodes  47191654 nodes/sec   30139 cur h   60 mod.depth   60 inserts   8985994 dups   2881077 size   6104917 hash fail 3869731 hash buckets 5116263
1566s visitime  156.92s generated nodes  47206696 nodes/sec   30128 cur h   51 mod.depth   69 inserts   8988738 dups   2882008 size   6106730 hash fail 3871228 hash buckets 5117510
1567s visitime  157.04s generated nodes  47221722 nodes/sec   30116 cur h   60 mod.depth   60 inserts   8991569 dups   2882937 size   6108632 hash fail 3872722 hash buckets 5118847
1569s visitime  157.15s generated nodes  47236788 nodes/sec   30106 cur h   62 mod.depth   58 inserts   8994495 dups   2883872 size   6110623 hash fail 3874257 hash buckets 5120238
1570s visitime  157.25s generated nodes  47251819 nodes/sec   30096 cur h   54 mod.depth   66 inserts   8997373 dups   2884850 size   6112523 hash fail 3875810 hash buckets 5121563
1571s visitime  157.36s generated nodes  47266840 nodes/sec   30085 cur h   64 mod.depth   56 inserts   9000282 dups   2885805 size   6114477 hash fail 3877402 hash buckets 5122880
1572s visitime  157.47s generated nodes  47281860 nodes/sec   30075 cur h   66 mod.depth   54 inserts   9003153 dups   2886716 size   6116437 hash fail 3878909 hash buckets 5124244
1573s visitime  157.56s generated nodes  47296877 nodes/sec   30065 cur h   73 mod.depth   47 inserts   9006087 dups   2887726 size   6118361 hash fail 3880528 hash buckets 5125559
1574s visitime  157.68s generated nodes  47311898 nodes/sec   30053 cur h   72 mod.depth   48 inserts   9009018 dups   2888751 size   6120267 hash fail 3882162 hash buckets 5126856
1575s visitime  157.80s generated nodes  47331955 nodes/sec   30042 cur h   55 mod.depth   65 inserts   9012866 dups   2890115 size   6122751 hash fail 3884285 hash buckets 5128581
1576s visitime  157.92s generated nodes  47351983 nodes/sec   30031 cur h   49 mod.depth   71 inserts   9016406 dups   2891465 size   6124941 hash fail 3886286 hash buckets 5130120
1577s visitime  158.03s generated nodes  47367015 nodes/sec   30020 cur h   52 mod.depth   68 inserts   9019102 dups   2892256 size   6126846 hash fail 3887667 hash buckets 5131435
1578s visitime  158.14s generated nodes  47382059 nodes/sec   30010 cur h   64 mod.depth   54 inserts   9022116 dups   2893406 size   6128710 hash fail 3889390 hash buckets 5132726
1580s visitime  158.25s generated nodes  47402145 nodes/sec   30000 cur h   50 mod.depth   70 inserts   9026185 dups   2894721 size   6131464 hash fail 3891509 hash buckets 5134676
1581s visitime  158.37s generated nodes  47417202 nodes/sec   29985 cur h   62 mod.depth   55 inserts   9029217 dups   2895704 size   6133513 hash fail 3893096 hash buckets 5136121
1582s visitime  158.49s generated nodes  47432220 nodes/sec   29974 cur h   43 mod.depth   72 inserts   9032068 dups   2896737 size   6135331 hash fail 3894701 hash buckets 5137367
1583s visitime  158.64s generated nodes  47452248 nodes/sec   29963 cur h   55 mod.depth   65 inserts   9036196 dups   2898200 size   6137996 hash fail 3896952 hash buckets 5139244
1584s visitime  158.75s generated nodes  47472253 nodes/sec   29953 cur h   67 mod.depth   53 inserts   9039869 dups   2899423 size   6140446 hash fail 3898929 hash buckets 5140940
1586s visitime  158.90s generated nodes  47492309 nodes/sec   29941 cur h   65 mod.depth   55 inserts   9043662 dups   2900754 size   6142908 hash fail 3901017 hash buckets 5142645
1587s visitime  159.02s generated nodes  47512332 nodes/sec   29931 cur h   60 mod.depth   58 inserts   9047554 dups   2902051 size   6145503 hash fail 3903059 hash buckets 5144495
1588s visitime  159.11s generated nodes  47527351 nodes/sec   29919 cur h   64 mod.depth   56 inserts   9050456 dups   2903063 size   6147393 hash fail 3904629 hash buckets 5145827
1589s visitime  159.25s generated nodes  47547390 nodes/sec   29905 cur h   60 mod.depth   60 inserts   9054409 dups   2904458 size   6149951 hash fail 3906793 hash buckets 5147616
1591s visitime  159.39s generated nodes  47567412 nodes/sec   29894 cur h   66 mod.depth   54 inserts   9058277 dups   2905753 size   6152524 hash fail 3908872 hash buckets 5149405
1592s visitime  159.49s generated nodes  47582427 nodes/sec   29884 cur h   58 mod.depth   62 inserts   9061250 dups   2906798 size   6154452 hash fail 3910519 hash buckets 5150731
1593s visitime  159.62s generated nodes  47602448 nodes/sec   29873 cur h   67 mod.depth   53 inserts   9065090 dups   2908205 size   6156885 hash fail 3912605 hash buckets 5152485
1594s visitime  159.74s generated nodes  47617451 nodes/sec   29861 cur h   64 mod.depth   56 inserts   9068042 dups   2909237 size   6158805 hash fail 3914247 hash buckets 5153795
1595s visitime  159.87s generated nodes  47632480 nodes/sec   29850 cur h   65 mod.depth   55 inserts   9071211 dups   2910308 size   6160903 hash fail 3915938 hash buckets 5155273
1596s visitime  159.99s generated nodes  47652524 nodes/sec   29839 cur h   67 mod.depth   53 inserts   9074708 dups   2911406 size   6163302 hash fail 3917801 hash buckets 5156907
1598s visitime  160.11s generated nodes  47672576 nodes/sec   29827 cur h   66 mod.depth   54 inserts   9078415 dups   2912662 size   6165753 hash fail 3919781 hash buckets 5158634
1599s visitime  160.23s generated nodes  47692613 nodes/sec   29817 cur h   71 mod.depth   49 inserts   9082383 dups   2914021 size   6168362 hash fail 3921919 hash buckets 5160464
1600s visitime  160.38s generated nodes  47712677 nodes/sec   29803 cur h   55 mod.depth   64 inserts   9086539 dups   2915500 size   6171039 hash fail 3924197 hash buckets 5162342
1601s visitime  160.48s generated nodes  47727739 nodes/sec   29793 cur h   57 mod.depth   61 inserts   9089261 dups   2916288 size   6172973 hash fail 3925614 hash buckets 5163647
1603s visitime  160.55s generated nodes  47737759 nodes/sec   29779 cur h   56 mod.depth   64 inserts   9091083 dups   2916842 size   6174241 hash fail 3926567 hash buckets 5164516
1604s visitime  160.68s generated nodes  47757808 nodes/sec   29768 cur h   59 mod.depth   61 inserts   9095134 dups   2918135 size   6176999 hash fail 3928737 hash buckets 5166397
1605s visitime  160.81s generated nodes  47777830 nodes/sec   29755 cur h   60 mod.depth   59 inserts   9098966 dups   2919377 size   6179589 hash fail 3930776 hash buckets 5168190
1606s visitime  160.94s generated nodes  47797876 nodes/sec   29745 cur h   51 mod.depth   66 inserts   9102673 dups   2920757 size   6181916 hash fail 3932872 hash buckets 5169801
1607s visitime  161.04s generated nodes  47812899 nodes/sec   29734 cur h   61 mod.depth   59 inserts   9105616 dups   2921797 size   6183819 hash fail 3934488 hash buckets 5171128
1609s visitime  161.18s generated nodes  47832938 nodes/sec   29723 cur h   50 mod.depth   70 inserts   9109632 dups   2923156 size   6186476 hash fail 3936681 hash buckets 5172951
1610s visitime  161.30s generated nodes  47852956 nodes/sec   29713 cur h   52 mod.depth   68 inserts   9113657 dups   2924726 size   6188931 hash fail 3939032 hash buckets 5174625
1611s visitime  161.41s generated nodes  47872992 nodes/sec   29704 cur h   76 mod.depth   44 inserts   9117374 dups   2925970 size   6191404 hash fail 3941038 hash buckets 5176336
1612s visitime  161.48s generated nodes  47883000 nodes/sec   29689 cur h   55 mod.depth   61 inserts   9119237 dups   2926593 size   6192644 hash fail 3942062 hash buckets 5177175
1614s visitime  161.62s generated nodes  47903013 nodes/sec   29678 cur h   64 mod.depth   56 inserts   9123180 dups   2927946 size   6195234 hash fail 3944203 hash buckets 5178977
1615s visitime  161.73s generated nodes  47923050 nodes/sec   29667 cur h   71 mod.depth   49 inserts   9126892 dups   2929107 size   6197785 hash fail 3946147 hash buckets 5180745
1616s visitime  161.86s generated nodes  47943062 nodes/sec   29656 cur h   50 mod.depth   70 inserts   9130766 dups   2930424 size   6200342 hash fail 3948261 hash buckets 5182505
1617s visitime  161.98s generated nodes  47958092 nodes/sec   29644 cur h   52 mod.depth   68 inserts   9133750 dups   2931654 size   6202096 hash fail 3950070 hash buckets 5183680
1618s visitime  162.12s generated nodes  47978119 nodes/sec   29634 cur h   53 mod.depth   67 inserts   9137818 dups   2933156 size   6204662 hash fail 3952415 hash buckets 5185403
1619s visitime  162.22s generated nodes  47993157 nodes/sec   29625 cur h   55 mod.depth   59 inserts   9140864 dups   2934161 size   6206703 hash fail 3954055 hash buckets 5186809
1621s visitime  162.31s generated nodes  48008167 nodes/sec   29608 cur h   69 mod.depth   51 inserts   9143723 dups   2935085 size   6208638 hash fail 3955572 hash buckets 5188151
1622s visitime  162.47s generated nodes  48028199 nodes/sec   29596 cur h   47 mod.depth   73 inserts   9147795 dups   2936450 size   6211345 hash fail 3957818 hash buckets 5189977
1623s visitime  162.61s generated nodes  48048225 nodes/sec   29586 cur h   60 mod.depth   60 inserts   9151714 dups   2937802 size   6213912 hash fail 3959959 hash buckets 5191755
1625s visitime  162.74s generated nodes  48068230 nodes/sec   29576 cur h   64 mod.depth   56 inserts   9155768 dups   2939038 size   6216730 hash fail 3962050 hash buckets 5193718
1626s visitime  162.87s generated nodes  48088261 nodes/sec   29567 cur h   63 mod.depth   57 inserts   9159622 dups   2940255 size   6219367 hash fail 3964098 hash buckets 5195524
1628s visitime  163.00s generated nodes  48108301 nodes/sec   29548 cur h   59 mod.depth   61 inserts   9163636 dups   2941652 size   6221984 hash fail 3966283 hash buckets 5197353
1629s visitime  163.13s generated nodes  48128328 nodes/sec   29538 cur h   70 mod.depth   50 inserts   9167511 dups   2942919 size   6224592 hash fail 3968380 hash buckets 5199131
1630s visitime  163.25s generated nodes  48148372 nodes/sec   29529 cur h   49 mod.depth   69 inserts   9171284 dups   2944099 size   6227185 hash fail 3970390 hash buckets 5200894
1631s visitime  163.36s generated nodes  48168422 nodes/sec   29520 cur h   70 mod.depth   50 inserts   9175104 dups   2945391 size   6229713 hash fail 3972458 hash buckets 5202646
1632s visitime  163.51s generated nodes  48188451 nodes/sec   29509 cur h   50 mod.depth   68 inserts   9179081 dups   2946805 size   6232276 hash fail 3974696 hash buckets 5204385
1634s visitime  163.56s generated nodes  48198461 nodes/sec   29496 cur h   52 mod.depth   61 inserts   9181048 dups   2947447 size   6233601 hash fail 3975759 hash buckets 5205289
1635s visitime  163.69s generated nodes  48218503 nodes/sec   29486 cur h   66 mod.depth   54 inserts   9185037 dups   2948984 size   6236053 hash fail 3978073 hash buckets 5206964
1636s visitime  163.79s generated nodes  48233517 nodes/sec   29476 cur h   64 mod.depth   53 inserts   9188074 dups   2949969 size   6238105 hash fail 3979710 hash buckets 5208364
1637s visitime  163.91s generated nodes  48248559 nodes/sec   29465 cur h   74 mod.depth   46 inserts   9190843 dups   2950940 size   6239903 hash fail 3981232 hash buckets 5209611
1638s visitime  164.04s generated nodes  48263580 nodes/sec   29451 cur h   70 mod.depth   50 inserts   9193808 dups   2951982 size   6241826 hash fail 3982896 hash buckets 5210912
1639s visitime  164.18s generated nodes  48283649 nodes/sec   29441 cur h   59 mod.depth   61 inserts   9197920 dups   2953409 size   6244511 hash fail 3985153 hash buckets 5212767
1641s visitime  164.30s generated nodes  48303697 nodes/sec   29432 cur h   57 mod.depth   57 inserts   9201726 dups   2954743 size   6246983 hash fail 3987276 hash buckets 5214450
1642s visitime  164.42s generated nodes  48323721 nodes/sec   29423 cur h   67 mod.depth   53 inserts   9205851 dups   2956238 size   6249613 hash fail 3989601 hash buckets 5216250
1643s visitime  164.49s generated nodes  48333729 nodes/sec   29407 cur h   56 mod.depth   64 inserts   9207901 dups   2956900 size   6251001 hash fail 3990708 hash buckets 5217193
1644s visitime  164.61s generated nodes  48353766 nodes/sec   29398 cur h   55 mod.depth   65 inserts   9211729 dups   2958047 size   6253682 hash fail 3992658 hash buckets 5219071
1645s visitime  164.72s generated nodes  48373825 nodes/sec   29390 cur h   48 mod.depth   72 inserts   9215708 dups   2959477 size   6256231 hash fail 3994831 hash buckets 5220877
1647s visitime  164.85s generated nodes  48393851 nodes/sec   29380 cur h   69 mod.depth   51 inserts   9219761 dups   2960943 size   6258818 hash fail 3997092 hash buckets 5222669
1648s visitime  164.97s generated nodes  48413874 nodes/sec   29371 cur h   70 mod.depth   50 inserts   9223642 dups   2962254 size   6261388 hash fail 3999188 hash buckets 5224454
1649s visitime  165.08s generated nodes  48433926 nodes/sec   29361 cur h   49 mod.depth   70 inserts   9227295 dups   2963468 size   6263827 hash fail 4001145 hash buckets 5226150
1650s visitime  165.15s generated nodes  48443941 nodes/sec   29346 cur h   72 mod.depth   47 inserts   9229376 dups   2964205 size   6265171 hash fail 4002335 hash buckets 5227041
1651s visitime  165.27s generated nodes  48463995 nodes/sec   29337 cur h   57 mod.depth   63 inserts   9233206 dups   2965507 size   6267699 hash fail 4004438 hash buckets 5228768
1653s visitime  165.40s generated nodes  48484059 nodes/sec   29326 cur h   57 mod.depth   54 inserts   9237274 dups   2966944 size   6270330 hash fail 4006707 hash buckets 5230567
1654s visitime  165.52s generated nodes  48499092 nodes/sec   29313 cur h   49 mod.depth   60 inserts   9240147 dups   2967786 size   6272361 hash fail 4008189 hash buckets 5231958
1655s visitime  165.62s generated nodes  48514159 nodes/sec   29304 cur h   60 mod.depth   60 inserts   9243014 dups   2968675 size   6274339 hash fail 4009722 hash buckets 5233292
1656s visitime  165.75s generated nodes  48534193 nodes/sec   29294 cur h   65 mod.depth   55 inserts   9246674 dups   2969872 size   6276802 hash fail 4011666 hash buckets 5235008
1657s visitime  165.81s generated nodes  48544211 nodes/sec   29281 cur h   48 mod.depth   71 inserts   9248639 dups   2970605 size   6278034 hash fail 4012768 hash buckets 5235871
1659s visitime  165.94s generated nodes  48564244 nodes/sec   29270 cur h   44 mod.depth   70 inserts   9252494 dups   2971966 size   6280528 hash fail 4014937 hash buckets 5237557
1660s visitime  166.08s generated nodes  48584267 nodes/sec   29261 cur h   57 mod.depth   63 inserts   9256788 dups   2973372 size   6283416 hash fail 4017264 hash buckets 5239524
1661s visitime  166.21s generated nodes  48604311 nodes/sec   29249 cur h   44 mod.depth   76 inserts   9260535 dups   2974575 size   6285960 hash fail 4019288 hash buckets 5241247
1662s visitime  166.33s generated nodes  48624332 nodes/sec   29239 cur h   71 mod.depth   47 inserts   9264509 dups   2976029 size   6288480 hash fail 4021545 hash buckets 5242964
1664s visitime  166.44s generated nodes  48644357 nodes/sec   29230 cur h   74 mod.depth   46 inserts   9268307 dups   2977291 size   6291016 hash fail 4023602 hash buckets 5244705
1665s visitime  166.55s generated nodes  48654403 nodes/sec   29214 cur h   57 mod.depth   61 inserts   9270422 dups   2978094 size   6292328 hash fail 4024834 hash buckets 5245588
1666s visitime  166.67s generated nodes  48674428 nodes/sec   29204 cur h   58 mod.depth   62 inserts   9274268 dups   2979542 size   6294726 hash fail 4027053 hash buckets 5247215
1667s visitime  166.79s generated nodes  48694488 nodes/sec   29195 cur h   52 mod.depth   68 inserts   9278272 dups   2980985 size   6297287 hash fail 4029292 hash buckets 5248980
1668s visitime  166.88s generated nodes  48704505 nodes/sec   29183 cur h   56 mod.depth   64 inserts   9280236 dups   2981707 size   6298529 hash fail 4030384 hash buckets 5249852
1670s visitime  167.01s generated nodes  48724538 nodes/sec   29175 cur h   51 mod.depth   65 inserts   9283969 dups   2983045 size   6300924 hash fail 4032458 hash buckets 5251511
1671s visitime  167.14s generated nodes  48744568 nodes/sec   29164 cur h   68 mod.depth   52 inserts   9287769 dups   2984441 size   6303328 hash fail 4034613 hash buckets 5253156
1672s visitime  167.25s generated nodes  48759582 nodes/sec   29153 cur h   62 mod.depth   58 inserts   9290781 dups   2985523 size   6305258 hash fail 4036323 hash buckets 5254458
1673s visitime  167.31s generated nodes  48769613 nodes/sec   29137 cur h   51 mod.depth   66 inserts   9292892 dups   2986260 size   6306632 hash fail 4037472 hash buckets 5255420
1674s visitime  167.43s generated nodes  48789656 nodes/sec   29129 cur h   51 mod.depth   69 inserts   9296789 dups   2987716 size   6309073 hash fail 4039655 hash buckets 5257134
1676s visitime  167.55s generated nodes  48809715 nodes/sec   29119 cur h   65 mod.depth   55 inserts   9300644 dups   2989060 size   6311584 hash fail 4041773 hash buckets 5258871
1677s visitime  167.69s generated nodes  48829735 nodes/sec   29107 cur h   59 mod.depth   58 inserts   9304732 dups   2990618 size   6314114 hash fail 4044121 hash buckets 5260611
1678s visitime  167.81s generated nodes  48849804 nodes/sec   29098 cur h   61 mod.depth   59 inserts   9308501 dups   2991828 size   6316673 hash fail 4046073 hash buckets 5262428
1680s visitime  167.94s generated nodes  48869834 nodes/sec   29088 cur h   48 mod.depth   72 inserts   9312495 dups   2993325 size   6319170 hash fail 4048349 hash buckets 5264146
1681s visitime  168.06s generated nodes  48889883 nodes/sec   29078 cur h   62 mod.depth   57 inserts   9316273 dups   2994592 size   6321681 hash fail 4050383 hash buckets 5265890
1682s visitime  168.14s generated nodes  48899893 nodes/sec   29063 cur h   63 mod.depth   57 inserts   9318261 dups   2995314 size   6322947 hash fail 4051509 hash buckets 5266752
1683s visitime  168.29s generated nodes  48919944 nodes/sec   29054 cur h   60 mod.depth   59 inserts   9322101 dups   2996719 size   6325382 hash fail 4053696 hash buckets 5268405
1684s visitime  168.43s generated nodes  48939973 nodes/sec   29044 cur h   50 mod.depth   70 inserts   9326084 dups   2998280 size   6327804 hash fail 4056043 hash buckets 5270041
1686s visitime  168.55s generated nodes  48960004 nodes/sec   29035 cur h   56 mod.depth   64 inserts   9329891 dups   2999484 size   6330407 hash fail 4058052 hash buckets 5271839
1687s visitime  168.66s generated nodes  48975032 nodes/sec   29026 cur h   54 mod.depth   66 inserts   9332874 dups   3000345 size   6332529 hash fail 4059557 hash buckets 5273317
1688s visitime  168.77s generated nodes  48990059 nodes/sec   29009 cur h   52 mod.depth   68 inserts   9335668 dups   3001120 size   6334548 hash fail 4060977 hash buckets 5274691
1689s visitime  168.89s generated nodes  49010081 nodes/sec   29001 cur h   52 mod.depth   62 inserts   9339538 dups   3002441 size   6337097 hash fail 4063019 hash buckets 5276519
1691s visitime  169.03s generated nodes  49030166 nodes/sec   28990 cur h   58 mod.depth   62 inserts   9343623 dups   3003733 size   6339890 hash fail 4065156 hash buckets 5278467
1692s visitime  169.15s generated nodes  49045232 nodes/sec   28978 cur h   68 mod.depth   52 inserts   9346671 dups   3004842 size   6341829 hash fail 4066839 hash buckets 5279832
1693s visitime  169.28s generated nodes  49060253 nodes/sec   28968 cur h   63 mod.depth   57 inserts   9349814 dups   3005949 size   6343865 hash fail 4068587 hash buckets 5281227
1694s visitime  169.39s generated nodes  49075279 nodes/sec   28959 cur h   67 mod.depth   53 inserts   9352761 dups   3007068 size   6345693 hash fail 4070277 hash buckets 5282484
1696s visitime  169.52s generated nodes  49090293 nodes/sec   28943 cur h   60 mod.depth   60 inserts   9355769 dups   3008038 size   6347731 hash fail 4071882 hash buckets 5283887
1697s visitime  169.63s generated nodes  49105321 nodes/sec   28935 cur h   65 mod.depth   52 inserts   9358787 dups   3008971 size   6349816 hash fail 4073447 hash buckets 5285340
1698s visitime  169.74s generated nodes  49120350 nodes/sec   28926 cur h   40 mod.depth   80 inserts   9361889 dups   3009929 size   6351960 hash fail 4075078 hash buckets 5286811
1699s visitime  169.89s generated nodes  49140360 nodes/sec   28918 cur h   57 mod.depth   63 inserts   9366242 dups   3011479 size   6354763 hash fail 4077492 hash buckets 5288750
1700s visitime  170.04s generated nodes  49160390 nodes/sec   28908 cur h   61 mod.depth   59 inserts   9370326 dups   3013092 size   6357234 hash fail 4079877 hash buckets 5290449
1701s visitime  170.17s generated nodes  49180446 nodes/sec   28899 cur h   49 mod.depth   71 inserts   9374420 dups   3014677 size   6359743 hash fail 4082285 hash buckets 5292135
1703s visitime  170.31s generated nodes  49200489 nodes/sec   28889 cur h   64 mod.depth   56 inserts   9378439 dups   3015996 size   6362443 hash fail 4084421 hash buckets 5294018
1704s visitime  170.41s generated nodes  49215522 nodes/sec   28880 cur h   43 mod.depth   77 inserts   9381451 dups   3016977 size   6364474 hash fail 4086041 hash buckets 5295410
1705s visitime  170.53s generated nodes  49230583 nodes/sec   28864 cur h   60 mod.depth   60 inserts   9384710 dups   3018274 size   6366436 hash fail 4087951 hash buckets 5296759
1706s visitime  170.64s generated nodes  49245598 nodes/sec   28855 cur h   69 mod.depth   51 inserts   9387674 dups   3019208 size   6368466 hash fail 4089534 hash buckets 5298140
1707s visitime  170.78s generated nodes  49265620 nodes/sec   28845 cur h   63 mod.depth   57 inserts   9391422 dups   3020628 size   6370794 hash fail 4091672 hash buckets 5299750
1709s visitime  170.90s generated nodes  49285655 nodes/sec   28837 cur h   59 mod.depth   61 inserts   9395334 dups   3021907 size   6373427 hash fail 4093766 hash buckets 5301568
1710s visitime  171.02s generated nodes  49300679 nodes/sec   28827 cur h   60 mod.depth   59 inserts   9398570 dups   3022974 size   6375596 hash fail 4095516 hash buckets 5303054
1711s visitime  171.10s generated nodes  49315702 nodes/sec   28819 cur h   61 mod.depth   59 inserts   9401459 dups   3023932 size   6377527 hash fail 4097054 hash buckets 5304405
1712s visitime  171.20s generated nodes  49330726 nodes/sec   28809 cur h   60 mod.depth   58 inserts   9404406 dups   3024928 size   6379478 hash fail 4098624 hash buckets 5305782
1713s visitime  171.32s generated nodes  49350751 nodes/sec   28799 cur h   62 mod.depth   58 inserts   9408099 dups   3026177 size   6381922 hash fail 4100671 hash buckets 5307428
1714s visitime  171.45s generated nodes  49370775 nodes/sec   28789 cur h   56 mod.depth   64 inserts   9412057 dups   3027551 size   6384506 hash fail 4102859 hash buckets 5309198
1715s visitime  171.55s generated nodes  49385815 nodes/sec   28779 cur h   56 mod.depth   62 inserts   9414906 dups   3028457 size   6386449 hash fail 4104354 hash buckets 5310552
1716s visitime  171.63s generated nodes  49395827 nodes/sec   28768 cur h   58 mod.depth   59 inserts   9416920 dups   3029023 size   6387897 hash fail 4105398 hash buckets 5311522
1718s visitime  171.73s generated nodes  49410886 nodes/sec   28760 cur h   70 mod.depth   50 inserts   9419760 dups   3030015 size   6389745 hash fail 4106954 hash buckets 5312806
1719s visitime  171.83s generated nodes  49425944 nodes/sec   28750 cur h   62 mod.depth   58 inserts   9422622 dups   3030934 size   6391688 hash fail 4108517 hash buckets 5314105
1720s visitime  171.92s generated nodes  49440964 nodes/sec   28741 cur h   42 mod.depth   71 inserts   9425707 dups   3032104 size   6393603 hash fail 4110325 hash buckets 5315382
1721s visitime  172.05s generated nodes  49461005 nodes/sec   28732 cur h   53 mod.depth   67 inserts   9429578 dups   3033320 size   6396258 hash fail 4112397 hash buckets 5317181
1722s visitime  172.15s generated nodes  49476013 nodes/sec   28724 cur h   49 mod.depth   65 inserts   9432660 dups   3034510 size   6398150 hash fail 4114191 hash buckets 5318469
1723s visitime  172.27s generated nodes  49491031 nodes/sec   28713 cur h   57 mod.depth   63 inserts   9435695 dups   3035495 size   6400200 hash fail 4115827 hash buckets 5319868
1724s visitime  172.38s generated nodes  49501038 nodes/sec   28702 cur h   63 mod.depth   57 inserts   9437654 dups   3036248 size   6401406 hash fail 4116980 hash buckets 5320674
1725s visitime  172.48s generated nodes  49516053 nodes/sec   28691 cur h   55 mod.depth   65 inserts   9440403 dups   3037179 size   6403224 hash fail 4118457 hash buckets 5321946
1727s visitime  172.62s generated nodes  49536086 nodes/sec   28682 cur h   71 mod.depth   49 inserts   9444287 dups   3038638 size   6405649 hash fail 4120668 hash buckets 5323619
1728s visitime  172.73s generated nodes  49551105 nodes/sec   28674 cur h   65 mod.depth   55 inserts   9447271 dups   3039790 size   6407481 hash fail 4122440 hash buckets 5324831
1729s visitime  172.84s generated nodes  49566140 nodes/sec   28664 cur h   58 mod.depth   62 inserts   9450351 dups   3040810 size   6409541 hash fail 4124075 hash buckets 5326276
1730s visitime  172.94s generated nodes  49581180 nodes/sec   28656 cur h   61 mod.depth   58 inserts   9453336 dups   3041954 size   6411382 hash fail 4125759 hash buckets 5327577
1731s visitime  173.05s generated nodes  49596212 nodes/sec   28648 cur h   57 mod.depth   62 inserts   9456463 dups   3043002 size   6413461 hash fail 4127498 hash buckets 5328965
1732s visitime  173.15s generated nodes  49611263 nodes/sec   28639 cur h   75 mod.depth   45 inserts   9459400 dups   3044135 size   6415265 hash fail 4129216 hash buckets 5330184
1733s visitime  173.27s generated nodes  49631330 nodes/sec   28631 cur h   72 mod.depth   47 inserts   9463377 dups   3045512 size   6417865 hash fail 4131395 hash buckets 5331982
1734s visitime  173.42s generated nodes  49651397 nodes/sec   28621 cur h   63 mod.depth   57 inserts   9467568 dups   3046985 size   6420583 hash fail 4133747 hash buckets 5333821
1736s visitime  173.56s generated nodes  49671446 nodes/sec   28612 cur h   53 mod.depth   58 inserts   9471629 dups   3048421 size   6423208 hash fail 4135995 hash buckets 5335634
1737s visitime  173.69s generated nodes  49686458 nodes/sec   28600 cur h   61 mod.depth   59 inserts   9474527 dups   3049511 size   6425016 hash fail 4137668 hash buckets 5336859
1738s visitime  173.80s generated nodes  49701488 nodes/sec   28590 cur h   45 mod.depth   66 inserts   9477658 dups   3050695 size   6426963 hash fail 4139476 hash buckets 5338182
1739s visitime  173.95s generated nodes  49721518 nodes/sec   28578 cur h   70 mod.depth   50 inserts   9481639 dups   3052005 size   6429634 hash fail 4141641 hash buckets 5339998
1740s visitime  174.06s generated nodes  49736533 nodes/sec   28569 cur h   68 mod.depth   53 inserts   9484367 dups   3052990 size   6431377 hash fail 4143208 hash buckets 5341159
1742s visitime  174.16s generated nodes  49751551 nodes/sec   28557 cur h   60 mod.depth   57 inserts   9486833 dups   3053689 size   6433144 hash fail 4144424 hash buckets 5342409
1743s visitime  174.28s generated nodes  49766585 nodes/sec   28546 cur h   57 mod.depth   64 inserts   9489450 dups   3054513 size   6434937 hash fail 4145829 hash buckets 5343621
1744s visitime  174.40s generated nodes  49781613 nodes/sec   28533 cur h   59 mod.depth   62 inserts   9491841 dups   3055287 size   6436554 hash fail 4147098 hash buckets 5344743
1745s visitime  174.50s generated nodes  49796636 nodes/sec   28524 cur h   53 mod.depth   68 inserts   9494459 dups   3056159 size   6438300 hash fail 4148520 hash buckets 5345939
1747s visitime  174.62s generated nodes  49811676 nodes/sec   28512 cur h   80 mod.depth   41 inserts   9497058 dups   3056989 size   6440069 hash fail 4149911 hash buckets 5347147
1748s visitime  174.72s generated nodes  49821692 nodes/sec   28499 cur h   51 mod.depth   67 inserts   9498796 dups   3057575 size   6441221 hash fail 4150853 hash buckets 5347943
1749s visitime  174.82s generated nodes  49831722 nodes/sec   28488 cur h   71 mod.depth   50 inserts   9500513 dups   3058128 size   6442385 hash fail 4151782 hash buckets 5348731
1750s visitime  174.91s generated nodes  49841733 nodes/sec   28477 cur h   74 mod.depth   45 inserts   9502320 dups   3058726 size   6443594 hash fail 4152774 hash buckets 5349546
1752s visitime  175.03s generated nodes  49851748 nodes/sec   28447 cur h   46 mod.depth   75 inserts   9504237 dups   3059322 size   6444915 hash fail 4153806 hash buckets 5350431
1754s visitime  175.12s generated nodes  49856757 nodes/sec   28416 cur h   62 mod.depth   59 inserts   9505176 dups   3059611 size   6445565 hash fail 4154290 hash buckets 5350886
1756s visitime  175.19s generated nodes  49861764 nodes/sec   28386 cur h   61 mod.depth   60 inserts   9506016 dups   3059861 size   6446155 hash fail 4154705 hash buckets 5351311
1758s visitime  175.26s generated nodes  49866766 nodes/sec   28361 cur h   61 mod.depth   60 inserts   9506933 dups   3060091 size   6446842 hash fail 4155158 hash buckets 5351775
1759s visitime  175.31s generated nodes  49871770 nodes/sec   28347 cur h   53 mod.depth   68 inserts   9507862 dups   3060361 size   6447501 hash fail 4155616 hash buckets 5352246
1760s visitime  175.37s generated nodes  49876780 nodes/sec   28330 cur h   60 mod.depth   61 inserts   9508919 dups   3060620 size   6448299 hash fail 4156115 hash buckets 5352804
1761s visitime  175.47s generated nodes  49886802 nodes/sec   28313 cur h   60 mod.depth   61 inserts   9510683 dups   3061279 size   6449404 hash fail 4157130 hash buckets 5353553
1763s visitime  175.53s generated nodes  49891818 nodes/sec   28297 cur h   62 mod.depth   59 inserts   9511627 dups   3061655 size   6449972 hash fail 4157691 hash buckets 5353936
1764s visitime  175.62s generated nodes  49901830 nodes/sec   28274 cur h   68 mod.depth   53 inserts   9513343 dups   3062178 size   6451165 hash fail 4158622 hash buckets 5354721
1766s visitime  175.69s generated nodes  49906830 nodes/sec   28255 cur h   63 mod.depth   58 inserts   9514194 dups   3062462 size   6451732 hash fail 4159093 hash buckets 5355101
1767s visitime  175.77s generated nodes  49916851 nodes/sec   28244 cur h   86 mod.depth   35 inserts   9515951 dups   3062940 size   6453011 hash fail 4159964 hash buckets 5355987
1768s visitime  175.86s generated nodes  49931879 nodes/sec   28232 cur h   59 mod.depth   62 inserts   9518556 dups   3063680 size   6454876 hash fail 4161269 hash buckets 5357287
1769s visitime  175.94s generated nodes  49941885 nodes/sec   28219 cur h   57 mod.depth   64 inserts   9520422 dups   3064310 size   6456112 hash fail 4162277 hash buckets 5358145
1771s visitime  176.05s generated nodes  49951901 nodes/sec   28192 cur h   50 mod.depth   71 inserts   9522117 dups   3064830 size   6457287 hash fail 4163150 hash buckets 5358967
1777s visitime  176.10s generated nodes  49956909 nodes/sec   28101 cur h   51 mod.depth   59 inserts   9523091 dups   3065103 size   6457988 hash fail 4163638 hash buckets 5359453
1783s visitime  176.19s generated nodes  49961911 nodes/sec   28013 cur h   51 mod.depth   68 inserts   9524027 dups   3065449 size   6458578 hash fail 4164173 hash buckets 5359854
1785s visitime  176.24s generated nodes  49966926 nodes/sec   27992 cur h   53 mod.depth   63 inserts   9524811 dups   3065677 size   6459134 hash fail 4164582 hash buckets 5360229
1788s visitime  176.36s generated nodes  49976930 nodes/sec   27945 cur h   63 mod.depth   58 inserts   9526550 dups   3066116 size   6460434 hash fail 4165446 hash buckets 5361104
1792s visitime  176.45s generated nodes  49981944 nodes/sec   27890 cur h   61 mod.depth   60 inserts   9527396 dups   3066353 size   6461043 hash fail 4165898 hash buckets 5361498
1793s visitime  176.54s generated nodes  49986956 nodes/sec   27877 cur h   54 mod.depth   67 inserts   9528325 dups   3066605 size   6461720 hash fail 4166361 hash buckets 5361964
1795s visitime  176.60s generated nodes  49991962 nodes/sec   27838 cur h   67 mod.depth   54 inserts   9529202 dups   3066857 size   6462345 hash fail 4166819 hash buckets 5362383
1797s visitime  176.70s generated nodes  49996970 nodes/sec   27820 cur h   72 mod.depth   49 inserts   9530210 dups   3067223 size   6462987 hash fail 4167403 hash buckets 5362807
1799s visitime  176.77s generated nodes  50001979 nodes/sec   27791 cur h   51 mod.depth   70 inserts   9531166 dups   3067558 size   6463608 hash fail 4167940 hash buckets 5363226
1801s visitime  176.83s generated nodes  50006988 nodes/sec   27766 cur h   52 mod.depth   65 inserts   9532035 dups   3067802 size   6464233 hash fail 4168381 hash buckets 5363654
Reached time limit - stopping search.
Search Results
- Search time 1808.61 seconds
- Visited list time 176.83 seconds
- Visited list inserts 9532035
- Visited list pruned 3067802
- Visited list contains 6464233
- Visited list hash collisions 4168381
- Visited list used hash buckets 5363654
- Generated 50006988 search nodes
  Calculated heuristic for 33966857 nodes
  One modifications 13232901
  Effectless actions 2807230
- including 13232901 one modification actions
- including 0 one modification methods
- and       2807230 progressions of effectless actions
- Generated 18780 nodes per second
- Final fringe contains 2120091 nodes
- Status: Timeout
